ID,학년,대단원,소단원,문제,정답
1,3학년,우리가 사는 곳,,4사01-01 성취기준의 내용은 무엇인가요?,"통해 사람마다 장소감의 차이가 나타날 수 있음을 이해하도록 설정한 것이다. 장소감이란 장소에 대한 인지, 감정, 태도, 행동을 포괄하는 것 으로 개인이나 집단이 장소에 부여하는 의미나 관심을 뜻한다."
2,3학년,우리가 사는 곳,,심상 지도이란 무엇인가요?,개인의 활동이나 의식에 의해 형성되는 어떤 장소에 관한 인간의 정서적 감정. 어떤 장소에 대한 개인의 생각이나 느낌
3,3학년,우리가 사는 곳,,장소감이란 무엇인가요?,같은 장소라도 개인 또는 집단마다 장소에 주관적 의미를 부여하므로 ( )은 서로 다를 수 있다.
4,3학년,우리가 사는 곳,,장소감 *2020이란 무엇인가요?,( ) 비교 → ( )을 파악
5,3학년,우리가 사는 곳,,"심상 지도, 고장에 대한 장소감이 사람마다 다름이란 무엇인가요?",심상 지도의 유형 x3 *형..지평.. (지엽적임) ① 형태적 심상지도
6,3학년,우리가 사는 곳,,"X, 형태적 심상 지도, 지시적 심상 지도, 평가적 심상 지도는 완벽하게 구분되이란 무엇인가요?","거나 상호 배타적인 것이 아니며 심상 지도의 세 유형이 복합적이고 총체적으로 어우러져 심상 지도를 형성한다. 거리, 면적, 밀도, 방향 등과 같이 추상적·객관적으로 파악되는 지표 범위"
7,3학년,우리가 사는 곳,,공간(space)이란 무엇인가요?,개인이나 집단의 지각과 경험에 따라 주관적·문화적으로 가치가 부여된 지표 범위
8,3학년,우리가 사는 곳,,"예: 다른 사람에게 ‘고향’은 단순한 공간일 수 있지만, 자신의 고향은 다른 곳과는이란 무엇인가요?",비교할 수 없는 가치를 지니는 장소로 여겨짐 장소감의 하위 요소(하위 영역) x3 인지적 영역
9,3학년,우리가 사는 곳,,사적 지리 (개인적으로 형성 됨)이란 무엇인가요?,↓ 지리학의 권위자로부터 공인받은 것 (다수가 공유해 제도적으로 공인받은 지리 지식)
10,3학년,우리가 사는 곳,,"사적, 심상 지도, 장소감, ‘지도’와 ‘중심지’, 공적 (사적지리→공적지리)이란 무엇인가요?",사적 지리를 바탕으로 공적 지리를 인식하는 것
11,3학년,우리가 사는 곳,,"학습 대상을 지리적 상상력을 통해 나와 관련지으면, 나만의 의미를 지닌 고이란 무엇인가요?","유한 대상으로 바뀌게 되어 학습자의 흥미가 높아지고 지리 교육에서 목표로 하는 지리적 안목 육성에 기여할 수 있다. [4사01-02] 주변의 여러 장소를 살펴보고, 우리가 사는 곳을 더 살기 좋은 곳으로 만드는 방안을 탐색한다. 성취기준 적용 시"
12,3학년,우리가 사는 곳,,영상 지도이란 무엇인가요?,어떤 지역을 대표하는 지형이나 건물. 보통 주위 경관 가운데 두드 러지게 눈에 띄는 것
13,3학년,우리가 사는 곳,,랜드마크(=주요 지형지물)이란 무엇인가요?,땅의 생김새와 땅 위에 있는 모든 물체
14,3학년,우리가 사는 곳,,지형지물이란 무엇인가요?,기본적인 윤곽과 경계 등만 그려진 지도 (밑그림만 그려져 있는 지도)
15,3학년,우리가 사는 곳,,백지도 *2019이란 무엇인가요?,지구를 돌고 있는 비행 물체
16,3학년,우리가 사는 곳,,인공위성이란 무엇인가요?,디지털 영상 지도의 장점 x2
17,3학년,우리가 사는 곳,,지도 정보를 항상 최신 상태로 유지할 수 있다.이란 무엇인가요?,영상 지도의 장점 x2
18,3학년,우리가 사는 곳,,"여러 정보와의 융복합이 쉬움 → 인터넷 지도, 길도우미 등에 활용이란 무엇인가요?",공간 구조를 인식하는 과정 3단계 (공간 인식력을 기르는 지도 읽기와 그리기)
19,3학년,우리가 사는 곳,,지도 읽기이란 무엇인가요?,백지도를 활용한 학습의 장점 x5
20,3학년,우리가 사는 곳,,예습이나 복습의 기회를 제공할 수 있다.이란 무엇인가요?,백지도를 활용한 학습의 제한점 x2
21,3학년,우리가 사는 곳,,다른 지도들에 비해 내용이 간단하고 정밀도가 떨어져 지리 정보에 대한 오개념을이란 무엇인가요?,형성할 수도 있다.
22,3학년,우리가 사는 곳,,"지리 정보 시스템(GIS), 원격 탐사, 위성 위치 확인 시스템(GPS)이란 무엇인가요?",지리 정보 기술은 다양한 영역으로 발달될 것이며 (ㅈㄹㅈ ㅁㅎㄹ)의 핵심을 이룰 것- 지리적 문해력
23,3학년,일상에서 만나는 과거,,"지리 정보 시스템(=지리 정보 체계, GIS) *중등 기출, 교육과정 문서이란 무엇인가요?",지리 정보 시스템(GIS)에서 지리 정보가 여러 종류일 때는 ( )에 저장된다. ( )해봄으로써 서로 다른 정보들 간의 관계를 파악할 수 있다.
24,3학년,일상에서 만나는 과거,,"서로 다른 레이어, 각 레이어들을 중첩이란 무엇인가요?",위성 항법 장치 위성에서 보내는 신호를 수신하여 현재의 위치를 계산하는 시스템 (인공위성을 활용하여 사용자의 정확한 위치를 알아내는 시스템)
25,3학년,일상에서 만나는 과거,,위성 위치 확인 시스템(=위성 항법 장치)(GPS)이란 무엇인가요?,조종사 없이 무선 전파의 유도에 의해서 비행 및 조종이 가능한 비행기나 헬리콥터 모양의 무인 항공기
26,3학년,일상에서 만나는 과거,,드론이란 무엇인가요?,위치를 나타내기 위해 사용하는 것?
27,3학년,일상에서 만나는 과거,,방위이란 무엇인가요?,북극성을 기준으로 하는 방위?
28,3학년,일상에서 만나는 과거,,우리 고장의 주요 지형지물의 위치를 표현하기 위해서는 절대방위를 사용하는 것이이란 무엇인가요?,타당하다. 그러나 지도 요소의 학습이 4학년에서 이루어지기 때문에 본 차시에서 절대 방위 대신 상대 방위를 사용하였다. (상대 방위→절대 방위)
29,3학년,일상에서 만나는 과거,,실제 교수학습 상황에서는 학생들의 수준에 따라 절대 방위를 사용해 주요 지형지물의이란 무엇인가요?,위치를 설명할 수 있다. 나를 기준으로 하는 방위?
30,3학년,일상에서 만나는 과거,,상대 방위이란 무엇인가요?,"① 내가 보는 방향을 앞으로 하고 그 반대 방향을 뒤로 하여 앞, 뒤, 오른쪽, 왼쪽의 4방위를 사용 ② 내가 바라보는 방향이 바뀔 때마다 방위가 달라짐 2. 일상에서 만나는 과거"
31,3학년,일상에서 만나는 과거,,4사02-03 성취기준의 내용은 무엇인가요?,"지역의 변화를 알려주는 사진이나 영상 등 역사 자료를 활용하여 (변형되어, 혹은 그대로) 이어져 내려온 것, 사라진 것을 찾아 지역 사람들의 생활이 어떻게 달라졌는지 살펴본다."
32,3학년,일상에서 만나는 과거,,지명이란 무엇인가요?,땅 이름의 전승 내력. 전설의 한 갈래
33,3학년,일상에서 만나는 과거,,지명 유래이란 무엇인가요?,옛날에 있었던 일이라고 전해 내려오거나 꾸며서 재미있게 하는 이야기
34,3학년,일상에서 만나는 과거,,"설화 (*옛이야기 ⊃ 설화 ⊃ 신화, 전설, 민담)이란 무엇인가요?",설화가 자료적 가치를 가지기 위해서는?
35,3학년,일상에서 만나는 과거,,"교훈성, 흥미성, 허구성을 가지고 있어야 함이란 무엇인가요?",신적 존재를 중심으로 하며 신성성과 장엄함이 드러나는 이야기
36,3학년,일상에서 만나는 과거,,신화이란 무엇인가요?,증거물을 제시하며 진실하다는 믿음으로 일정한 민족이나 지역에서 구비 전승되는 이야기
37,3학년,일상에서 만나는 과거,,답사(=현장학습=현장견학=견학)이란 무엇인가요?,두 사람 이상이 만나서 상의하는 담화의 한 형태. 공식적 성격을 지님
38,3학년,우리 지역의 문화유산,,4사06-02 성취기준의 내용은 무엇인가요?,온오프라인으로 방문하여 학생이 주도적으로 지역의 역사에 관한 지식을 습득하고 해석하며 표현한다. 그리고 지역의 역사를 보존하고 실천하는 태도를 기른다.
39,3학년,우리 지역의 문화유산,,문화유산(≒문화재)이란 무엇인가요?,"문화유산의 종류★ (예상문제↑) 건물이나 그림, 책처럼 눈으로 볼 수 있고, 손으로 만질 수 있는"
40,3학년,우리 지역의 문화유산,,유형 문화재이란 무엇인가요?,"일정한 형태가 없기 때문에 보거나 만질 수 없고, 공연이나 노래, 춤, 연주 등으로 실현되는 것. 형태가 없는 문화유산 (ex. 예술 활동, 기술 등)"
41,3학년,우리 지역의 문화유산,,기념물이란 무엇인가요?,"고인돌, 사직단, 향교 등 역사적인 가치가 큰 장소로, 성곽이나 궁궐, 다리, 둑, 정원, 우물 같은 유적지도 이것으로 지정될 수 있음"
42,3학년,우리 지역의 문화유산,,사적이란 무엇인가요?,"뛰어난 경관이라는 뜻. 이때의 경관에는 자연 경관, 인공 경관이 모두 포함됨. 자연 경치가 뛰어난 산, 바닷가, 섬 등은 물론, 일출이나 일몰, 전통 마을, 유명한 정자 등을 볼 수 있는 장소도 이것이 될 수 있음"
43,3학년,우리 지역의 문화유산,,명승이란 무엇인가요?,"오래된 나무나 특이하거나 중요한 동식물의 서식지, 철새 도래지 나 갯벌처럼 동식물과 관련된 곳, 특별한 광물질이나 지질을 볼 수 있어 학술적 가치가 큰 지역 등이 있음"
44,3학년,우리 지역의 문화유산,,천연기념물이란 무엇인가요?,"옷, 생활 도구, 집 등과 같은 우리 조상들의 전통적인 생활 모습을 알 수 있는 것"
45,3학년,우리 지역의 문화유산,,민속 자료(=민속 문화재)이란 무엇인가요?,"역사, 학술, 예술 방면에서 가치가 큰 문화재 가운데 문화재 청장이나 시·도지사가 절차에 따라 지정한 문화재"
46,3학년,우리 지역의 문화유산,,보물이란 무엇인가요?,국제 연합(UN) 산하의 교육 과학 문화 기구인 유네스코에서 보존할 가치가 있다고 판단하여 지정하는 문화유산과 자연 유산을 뜻하는 것
47,3학년,우리 지역의 문화유산,,"물질적 표현뿐만 아니라 음악, 민속, 습관, 생활양식 등 민족적 동질성을 표현한이란 무엇인가요?","모든 것을 포괄하는 문화유산은 기존에 통용되던 문화재의 개념을 포괄하며, 최근에는 문화재라는 말보다 문화유산이라는 개념이 널리 사용된다. 답사와 견학의 다른 점"
48,3학년,우리 지역의 문화유산,,조사의 깊이이란 무엇인가요?,답사 전후 활동
49,3학년,우리 지역의 문화유산,,답사 후: 답사 보고서 작성이란 무엇인가요?,단순히 안내만을 담당하는 가이드와 달리 관광객들에게 우리의 문화유산이 올바르고 이해하기 쉽게 전달될 수 있도록 설명하는 전문 해설가
50,3학년,우리 지역의 문화유산,,문화 관광 해설사이란 무엇인가요?,"자발적인 참여로 문화재 주변 정화 활동, 문화재 보존·관리 등의 모니터링 활동, 문화재 소개 및 홍보 활동, 문화재 관련 기관 지원 활동 등을 하는 인력"
51,3학년,옛날과 오늘날의 생활 모습,,4사04-02 성취기준의 내용은 무엇인가요?,"주요 개념 및 용어 해설 자동차, 기차, 배, 비행기 등의 수단을 이용해 사람, 화물 등을 이"
52,3학년,옛날과 오늘날의 생활 모습,,교통이란 무엇인가요?,"자동차, 기차, 선박, 비행기처럼 사람이나 물자를 옮기는 데 쓰는 수단"
53,3학년,옛날과 오늘날의 생활 모습,,교통수단 (교통수단 발달 → 생활권 확대)이란 무엇인가요?,교통의 기능 (세 측면) x3 ① 경제적 기능 ② 사회적 기능 ③ 전략적 중요성 장소적 거리를 극복하여 생산과 소비의 효율성을 높이는 것(기능)
54,3학년,옛날과 오늘날의 생활 모습,,경제적 기능이란 무엇인가요?,"19세기 후반 해상 수송의 발전을 계기로 산업의 지역적 전문화 경향과 선두 산업 분야에서의 생산성 증대 현상이 뚜렷이 나타나기 시작하였다. 근대화와 시장권의 확대는 화물 수송의 신속화와 대량화를 유도하였고, 수송의 정기성과 운송 빈도의 증가는 운송비를 절감하는 효과를 낳음으로써 더 합리적인 경제 활동을 추구할 수 있는 여건을 조성하였다. 다양한 운송 수단의 발달로 각 수단들 간의 경쟁이 나타나 더 나은 서비스와 저렴한 운임 체계로 공간을 극복 할 수 있게 되었다. 결과적으로 교통의 발달은 산업 생산력의 증대와 시장의 형성 및 확대를 가져온다.(→교통의 경제적 기능)"
55,3학년,옛날과 오늘날의 생활 모습,,주로 석유와 전기 등의 기계와 연료의 힘이란 무엇인가요?,"통학, 출퇴근, 쇼핑, 오락, 사회적 관계 등 사람이 일상생활을 하는 공간적인 범위"
56,3학년,옛날과 오늘날의 생활 모습,,생활권 *2021이란 무엇인가요?,오늘날에는 사회가 복잡해지고 교통·통신이 발달함에 따라 ( )의 범위가 ( ).
57,3학년,옛날과 오늘날의 생활 모습,,"생활권, 매우 넓어지고 명확한 범위를 설정하기도 어려워졌다이란 무엇인가요?",하루 동안 업무를 하고 올 수 있는 생활권
58,3학년,옛날과 오늘날의 생활 모습,,1일 생활권이란 무엇인가요?,반일 동안 할 수 있는 범위
59,3학년,옛날과 오늘날의 생활 모습,,반나절 생활권이란 무엇인가요?,생활권에 가장 큰 영향을 미치는 것 x2 ① 교통 ② 통신 어떤 교통수단을 이용할 때 어느 지점에서 특정 지점까지 소요되는 시간
60,3학년,옛날과 오늘날의 생활 모습,,시간 거리 *2021이란 무엇인가요?,교통수단의 속도가 빨라지고 교통비가 줄어들면 ( )가 ( )면서 예전에는 멀게만 느껴졌던 장소를 더욱 가깝게 느낄 수 있다.
61,3학년,옛날과 오늘날의 생활 모습,,"시간 거리, 줄어들이란 무엇인가요?",시간 거리가 줄어드는 요소 x2 ① 교통수단의 발달 → 이동 속도 자체가 빨라지면서 시간 거리가 줄어듦 ② 교통 시설의 물리적 변화 → 건설 기술의 발전으로 터널이나 다리 등을 건설해 지형적 제약을 극복함으로써 이동 경로의 물리적 거리를 줄일 수 있음
62,3학년,옛날과 오늘날의 생활 모습,,"상대적 거리(시간 거리), 시공간의 수렴화(용어 알아두기)이란 무엇인가요?",교통의 3요소 *시수주.. 교통 주체
63,3학년,옛날과 오늘날의 생활 모습,,이동이란 무엇인가요?,"이것은 개인용 교통수단을 의미하는 것이다. 이것의 종류로는 전동 킥보드, 전기 자전거, 전동 휠, 전동 스쿠터 등이 있다. 그중 전동 킥보드는 2016년 기준 이 시장에서 가장 큰 비중을 차지하고 있다. 이것은 주로 레저용으로 활용되었지만, 최근에는 가까운 거리를 이동하기 위한"
64,3학년,옛날과 오늘날의 생활 모습,,"퍼스널 모빌리티(스마트 모빌리티, 간편히 즐기는 1인 전동차)이란 무엇인가요?",대중교통을 이용하는 데 불편함을 겪는 사람
65,3학년,옛날과 오늘날의 생활 모습,,교통 약자이란 무엇인가요?,"유치원과 초등학교, 학원 주변에 설정한 특별 보호 구역"
66,3학년,옛날과 오늘날의 생활 모습,,어린이 보호 구역(스쿨 존)이란 무엇인가요?,미래의 교통수단 상상하기 관련 역량
67,3학년,옛날과 오늘날의 생활 모습,,4사04-03 성취기준의 내용은 무엇인가요?,"주요 개념 및 용어 해설 소식을 전하는 일 또는 우편이나 전신, 전화 등으로 정보나 의사를"
68,3학년,옛날과 오늘날의 생활 모습,,통신이란 무엇인가요?,각종 형태의 통신을 전하는 데 이용하는 물질적·기술적 수단
69,3학년,옛날과 오늘날의 생활 모습,,통신수단이란 무엇인가요?,통신 기술의 발달과 ( ) 정보 통신 기술의 발달은 근본적으로 ( )를 극복하게 해주었다. 전 세계 어느 곳에서도 네트워크를 통해 낮은 비용과 빠른 속도로 의
70,3학년,옛날과 오늘날의 생활 모습,,(시공간의 수렴화) / 물리적 거리이란 무엇인가요?,옛날의 통신수단의 종류★ 어떤 일을 널리 알리려고 사람들이 많이 모이는 곳에 써 붙이는 글
71,3학년,옛날과 오늘날의 생활 모습,,서찰이란 무엇인가요?,직접 가서 문서를 전달하는 통신수단★
72,3학년,옛날과 오늘날의 생활 모습,,"파발 ∋ 기발, 보발이란 무엇인가요?",말을 타고 가서 전하는 것
73,3학년,옛날과 오늘날의 생활 모습,,기발 ∈ 파발이란 무엇인가요?,사람이 직접 걸어가서 전하는 것
74,3학년,옛날과 오늘날의 생활 모습,,보발 ∈ 파발이란 무엇인가요?,"밤에는 횃불(불꽃), 낮에는 연기를 올려 지방에서 발생한 난리나 외적의 침입을 중앙으로 알리던 통신수단"
75,3학년,옛날과 오늘날의 생활 모습,,봉수이란 무엇인가요?,전쟁터에서 크게 쳐서 위급한 상황을 알리던 통신수단
76,3학년,옛날과 오늘날의 생활 모습,,신호 연이란 무엇인가요?,집으로 돌아가려는 특성을 이용해 활용하던 통신수단
77,3학년,옛날과 오늘날의 생활 모습,,비둘기(전서구)이란 무엇인가요?,"혼자서 기획, 편집, 제작한 콘텐츠를 인터넷 미디어에 제공하는 것"
78,3학년,옛날과 오늘날의 생활 모습,,집단 지성이란 무엇인가요?,특징 x3
79,3학년,옛날과 오늘날의 생활 모습,,"컴퓨터, 모바일 메신저이란 무엇인가요?",미래의 통신수단 상상하기 관련 역량
80,3학년,옛날과 오늘날의 생활 모습,,창의적 사고력이란 무엇인가요?,유·무선 통신망으로 연결되어 자유롭게 인터넷에 연결할 수 있는 기기들이 사람의 개입 없이 정보를 서로 주고받으며 스스로 일을 처리하는 기술
81,3학년,다양한 환경과 삶의 모습,,자연환경★이란 무엇인가요?,인간이 자연을 토대로 만들어 낸 환경
82,3학년,다양한 환경과 삶의 모습,,인문환경★이란 무엇인가요?,사람이 생활하는 데 필요한 각종 물건 등을 만들어내는 것
83,3학년,다양한 환경과 삶의 모습,,생산이란 무엇인가요?,물건이나 서비스가 만들어지는 데 필요한 활동
84,3학년,다양한 환경과 삶의 모습,,생산 활동 *2016이란 무엇인가요?,스스로 즐거움을 얻고자 남는 시간에 자유롭게 하는 취미 활동이나 운동과 같은 여러 가지 활동
85,3학년,다양한 환경과 삶의 모습,,여가 생활이란 무엇인가요?,자연환경의 종류 x2 ★
86,3학년,다양한 환경과 삶의 모습,,"기온, 강수, 바람이란 무엇인가요?",지형의 종류 육지에서 주변 지면보다 높이 솟아 나타나는 땅
87,3학년,다양한 환경과 삶의 모습,,하천이란 무엇인가요?,해발 고도가 비교적 낮은 땅
88,3학년,다양한 환경과 삶의 모습,,들(평야)이란 무엇인가요?,땅과 바다가 만나는 지대
89,3학년,다양한 환경과 삶의 모습,,바닷가(해안)이란 무엇인가요?,날씨와 기후 시시각각 변화하는 순간적인 대기 현상
90,3학년,다양한 환경과 삶의 모습,,기후이란 무엇인가요?,어떤 곳에 일정 기간 동안 내린 비의 양
91,3학년,다양한 환경과 삶의 모습,,강우량이란 무엇인가요?,"어떤 곳에 일정 기간 동안 내린 물(비, 눈, 우박, 안개 등)의 양"
92,3학년,다양한 환경과 삶의 모습,,강수량 *2015이란 무엇인가요?,기후 요소를 변하게 하는 원인 기후 요인 (기후 인자)
93,3학년,다양한 환경과 삶의 모습,,지역마다 기후 요인이 다르기 때문이다.이란 무엇인가요?,인문환경의 종류 (이해) 다양한 시설
94,3학년,다양한 환경과 삶의 모습,,인문환경이란 무엇인가요?,자연 상태의 호수
95,3학년,다양한 환경과 삶의 모습,,자연환경이란 무엇인가요?,사람이 개발하지 않은 자연 상태의 들
96,3학년,다양한 환경과 삶의 모습,,자연환경이란 무엇인가요?,논과 밭(이 펼쳐진 들)
97,3학년,다양한 환경과 삶의 모습,,인문환경 (∵ 사람이 자연환경을 토대로 개발한 농경지)이란 무엇인가요?,"생산 활동의 분류 (1차, 2차, 3차 의미) 1차 산업"
98,3학년,다양한 환경과 삶의 모습,,문화 결정론이란 무엇인가요?,인간과 자연이 서로 영향을 주고받는다는 입장
99,3학년,다양한 환경과 삶의 모습,,생태학적 관점이란 무엇인가요?,지리적 사고력 x3 지역(지리적 대상)이 어떤 공간적 특징을 지니고 지표상에 놓여 있느냐를
100,3학년,다양한 환경과 삶의 모습,,관계적 사고★이란 무엇인가요?,지역의 특성(지역성)을 살펴 헤아릴 수 있는 사고 능력
101,3학년,다양한 환경과 삶의 모습,,지역적 사고이란 무엇인가요?,어떤 지리적 사고력? 고장의 자연환경과 고장의 가옥 구조를 연결 지어 사고하는 것
102,3학년,다양한 환경과 삶의 모습,,관계적 사고이란 무엇인가요?,고장의 자연환경과 인문환경에 따른 사람들의 하는 일 촌락
103,3학년,다양한 환경과 삶의 모습,,2차·3차 산업 종사자 多이란 무엇인가요?,"평야, 해안, 산간의 분류 기준★"
104,3학년,다양한 환경과 삶의 모습,,땅의 높낮이(지형)이란 무엇인가요?,"농촌, 어촌, 산지촌(촌락)의 구분 기준 x2★ ① 주민들의 직업(기능) ② 마을의 분포 형태(집촌, 산촌) 농촌, 어촌, 산지촌의 공통점"
105,3학년,다양한 환경과 삶의 모습,,자연에서 필요한 것을 얻는 활동을 함(1차)이란 무엇인가요?,촌락의 구분 x3★ 농촌
106,3학년,다양한 환경과 삶의 모습,,"X, 평야, 해안, 산간은 지형(땅의 높낮이)에 따른 구분이지만 농촌, 어촌, 산지이란 무엇인가요?","촌은 주민들의 직업과 마을의 분포 형태에 따른 구분이므로 평야 지역은 농촌, 해안 지역은 어촌, 산간 지역은 산지촌이라고 일반화할 수 없다. 어촌은 고기잡이나 수산 양식, 조개류의 채취, 수산 가공 등 여러 가지 어업을 생활의 기반으로 하는 촌락이지만, 어업만을 전적으로 하는 곳보다는 농업을 겸"
107,3학년,다양한 환경과 삶의 모습,,반농반어촌이란 무엇인가요?,"산지촌은 산간 지역에 주민들이 주로 임업, 목축업, 광산업에 종사하는 촌락 이지만 임업, 목축업만을 전적으로 하는 곳보다 농업을 겸하는 ( )이 있다."
108,3학년,다양한 환경과 삶의 모습,,반농반산지촌이란 무엇인가요?,주요 개념 및 용어 해설 사람이 살아가는 데 가장 기본적이고 필수적인 요건
109,3학년,다양한 환경과 삶의 모습,,의식주이란 무엇인가요?,의식주는 ( )에 많은 영향을 받는다.
110,3학년,다양한 환경과 삶의 모습,,자연환경 (이 주제에서 다루는 의식주의 개념은 자연환경에 영향을 받은 모습에 국한)이란 무엇인가요?,우리 고장과 다른 고장 사람들의 의식주
111,3학년,다양한 환경과 삶의 모습,,관계적 사고이란 무엇인가요?,"비가 많이 내리고 더운 고장에서는 땅의 열기와 습기를 피하고, 해충이 들어오는 것을 막기 위해 바닥을 띄워 집을 지음"
112,3학년,다양한 환경과 삶의 모습,,고상 가옥이란 무엇인가요?,"사막이 있고 건조한 고장에서는 주로 흙을 재료로 집을 짓고, 뜨거운 햇볕을 막기 위해 바닥을 띄워 집을 지음"
113,3학년,다양한 환경과 삶의 모습,,흙집이란 무엇인가요?,주변에 숲이 있는 고장에서는 쉽게 구할 수 있는 나무를 잘라 쌓아 올려 집을 지음
114,3학년,"일상에서 만나는 과거 (역사 파트, 중요↓)",,4사02-02 성취기준의 내용은 무엇인가요?,주요 개념 및 용어 해설 인간의 신체적 능력을 돕는 수단으로 사용되는 물건
115,3학년,"일상에서 만나는 과거 (역사 파트, 중요↓)",,"의식주, 생활 도구이란 무엇인가요?",도구의 변화에 따른 생활 모습 (읽어보기) 구석기 시대
116,3학년,"일상에서 만나는 과거 (역사 파트, 중요↓)",,"채집, 사냥이란 무엇인가요?",신석기 시대 도구 x2
117,3학년,"일상에서 만나는 과거 (역사 파트, 중요↓)",,가락바퀴이란 무엇인가요?,청동기 시대 도구 x2
118,3학년,"일상에서 만나는 과거 (역사 파트, 중요↓)",,움집이란 무엇인가요?,철기 시대
119,3학년,"일상에서 만나는 과거 (역사 파트, 중요↓)",,"도구: 철기(농기구, 무기)이란 무엇인가요?",어떤 시대의 유물? 돌괭이
120,3학년,"일상에서 만나는 과거 (역사 파트, 중요↓)",,청동기 시대이란 무엇인가요?,땅을 가는 도구의 변화 () → (‚) → (ƒ) → („)  긴 나무 막대기 끝에 뾰족한 돌을 묶어 땅을 갈거나 고르게
121,3학년,"일상에서 만나는 과거 (역사 파트, 중요↓)",,돌괭이이란 무엇인가요?,‚ 긴 나무 막대기 끝이 철로 만든 쇠붙이를 묶어 갈거나 고르게 할 때 사용한 것
122,3학년,"일상에서 만나는 과거 (역사 파트, 중요↓)",,철 괭이이란 무엇인가요?,"ƒ 소를 이용하는 농사 도구로, 힘을 덜 들이고 논이나 밭을 고르게 만들 수 있게 됨"
123,3학년,"일상에서 만나는 과거 (역사 파트, 중요↓)",,쟁기이란 무엇인가요?,"„ 땅을 고르게 만들 때 주로 사용, 무거운 짐이나 농기계를 끌 때도 사용"
124,3학년,"일상에서 만나는 과거 (역사 파트, 중요↓)",,트랙터이란 무엇인가요?,곡식을 수확하는 도구의 변화 () → (‚) → (ƒ) → („)  돌을 날카롭게 갈아서 곡식의 이삭을 자를 때 사용한 것
125,3학년,"일상에서 만나는 과거 (역사 파트, 중요↓)",,반달돌칼이란 무엇인가요?,‚ 나무 막대기 끝에 철로 만든 날카로운 쇠붙이를 묶어 곡식의 이삭을 자를 때 사용
126,3학년,"일상에서 만나는 과거 (역사 파트, 중요↓)",,철 낫이란 무엇인가요?,"ƒ 벼, 보리 등 곡식의 이삭에서 낟알을 떨어낼 때 사용"
127,3학년,"일상에서 만나는 과거 (역사 파트, 중요↓)",,탈곡기이란 무엇인가요?,"„ 벼, 보리 등의 곡식을 베는 일과 낟알을 떨어내는 일을 한꺼번에 하는 기계"
128,3학년,"일상에서 만나는 과거 (역사 파트, 중요↓)",,콤바인이란 무엇인가요?,음식을 만드는 도구의 변화 ( ) → ( ) → 가마솥 → 전기밥솥
129,3학년,"일상에서 만나는 과거 (역사 파트, 중요↓)",,"토기, 시루(찜기)이란 무엇인가요?",옷을 만드는 도구의 변화 ( ) → ( ) → 방직기
130,3학년,"일상에서 만나는 과거 (역사 파트, 중요↓)",,"가락바퀴, 베틀이란 무엇인가요?",집의 변화에 따른 생활 모습 구석기 시대
131,3학년,"일상에서 만나는 과거 (역사 파트, 중요↓)",,"동굴, 바위 그늘이란 무엇인가요?","신석기 시대 땅을 파고 그 주위에 기둥을 세운 후, 풀과 짚 등을 덮어 비바람을 막을 수 있는 집"
132,3학년,"일상에서 만나는 과거 (역사 파트, 중요↓)",,움집이란 무엇인가요?,"고조선 시대 땅을 파지 않고, 통나무와 진흙으로 네모 모양 벽을 만든 집"
133,3학년,"일상에서 만나는 과거 (역사 파트, 중요↓)",,귀틀집이란 무엇인가요?,삼국시대 이후 나무와 흙을 쌓고 볏집으로 지붕을 만든 집
134,3학년,"일상에서 만나는 과거 (역사 파트, 중요↓)",,초가집이란 무엇인가요?,흙을 구워 만든 기와로 지붕을 덮은 집
135,3학년,"일상에서 만나는 과거 (역사 파트, 중요↓)",,기와집이란 무엇인가요?,현대 시멘트와 철근 등으로 지은 집
136,3학년,"일상에서 만나는 과거 (역사 파트, 중요↓)",,"공동 주택(아파트, 연립 주택)이란 무엇인가요?","관련 역사적 사고력? 움집, 기와집, 아파트 중 하나를 선택하고 그때의 사람이 되어 하루 동안 생활하는 모습을 일기로 써보기(역사 가상 일기 쓰기)"
137,3학년,옛날과 오늘날의 생활 모습,,4사04-01 성취기준의 내용은 무엇인가요?,"놀이, 세시 풍속 등 여러 풍습을 통해 변화상을 알아보고 풍습 속에 담긴 옛날 사람들의 생활과 생각을 이해한다. 주요 개념 및 용어 해설"
138,3학년,옛날과 오늘날의 생활 모습,,세시이란 무엇인가요?,옛날부터 사람들 사이에 전해 내려오는 생활 습관
139,3학년,옛날과 오늘날의 생활 모습,,풍속이란 무엇인가요?,"세시 풍속에는 ( ), ( ) 등이 포함되어 있고 이에 따른 일과 놀이, 세시 음식, 입는 옷 등 다양한 내용을 담고 있다."
140,3학년,옛날과 오늘날의 생활 모습,,"명절, 24절기(→양력)이란 무엇인가요?",양력 vs 음력 세시 풍속의 기준이 되는 역법은 ( )이다.
141,3학년,옛날과 오늘날의 생활 모습,,음력이란 무엇인가요?,명절은 ( )을 기반으로 한다.
142,3학년,옛날과 오늘날의 생활 모습,,음력이란 무엇인가요?,절기는 ( )을 기반으로 한다.
143,3학년,옛날과 오늘날의 생활 모습,,양력이란 무엇인가요?,O/X 세시 풍속은 변하지 않는다.: ( )
144,3학년,옛날과 오늘날의 생활 모습,,"X, 세시 풍속은 변화한다. 오늘날 행해지는 세시 풍속은 옛날에 비해 축소되어 행이란 무엇인가요?","해지지 않는 것(예: 삼짇날, 중앙절)도 많으며, 외국의 문화가 유입되어 정착된 것(예: 밸런타인데이, 핼러윈, 크리스마스)도 있다. 24절기에는 한식, 단오, 삼복, 칠석이 포함된다.: ( )"
145,3학년,옛날과 오늘날의 생활 모습,,"X, 한식, 단오, 삼복, 칠석은 24절기가 아니다. (잡절 O, 24절기 X)이란 무엇인가요?","한식 무렵 풍년을 기원하며 성묘를 하는 것, 단오 축제에서 그네를 타는 것, 삼복에 영양이 풍부한 음식을 먹는 것 등은 세시 풍속에 해당한다.: ( )"
146,3학년,옛날과 오늘날의 생활 모습,,JIGSAW Ⅱ이란 무엇인가요?,여러 가지 세시 풍속 음력 3월 3일로 봄을 알리는 명절. 찹쌀가루로 둥근 전을 만든 뒤 진달래꽃을 올리고 참기름을 발라 구워 먹음. 활쏘기 시합도 함
147,3학년,옛날과 오늘날의 생활 모습,,삼짇날이란 무엇인가요?,→ 사라져가는 세시 풍속 음력 9월 9일로 높은 산에 올라가서 국화와 단풍을 즐김. 추수를 마무리한 것을 조상들께 감사하며 국화전과 밥을 준비하여 차례를 지냄
148,3학년,옛날과 오늘날의 생활 모습,,중양절이란 무엇인가요?,새해를 맞아 조상에게 차례를 지내고 어른들에게 세배를 드리는 날
149,3학년,옛날과 오늘날의 생활 모습,,설날이란 무엇인가요?,본격적인 농사를 앞두고 조상의 묘를 찾아 인사드리는 날. 동지로부 터 105일째 되는 날. 찬 음식을 먹음
150,3학년,옛날과 오늘날의 생활 모습,,한식이란 무엇인가요?,더위를 이겨내고 힘든 농사일에 지친 체력을 보충할 수 있도록 영양이 풍부한 음식을 먹음
151,3학년,옛날과 오늘날의 생활 모습,,삼복이란 무엇인가요?,모내기를 마치고 잠시 쉬면서 휴식을 취하는 명절. 음력 5월 5일에 부채를 선물하거나 창포물에 머리를 감고 쑥으로 만든 떡을 먹음
152,3학년,옛날과 오늘날의 생활 모습,,단오이란 무엇인가요?,"수확한 곡식과 과일로 조상들께 감사의 뜻으로 차례를 지내고, 맛 있는 음식을 만들어 먹음"
153,3학년,옛날과 오늘날의 생활 모습,,추석이란 무엇인가요?,"새해 첫 보름달을 보며 한 해 농사가 잘되기를 바라고, 새해 소원을 빎"
154,3학년,옛날과 오늘날의 생활 모습,,정월 대보름이란 무엇인가요?,음력 7월 15일 호미를 걸어두며 맛있는 음식을 먹고 백중놀이를 함
155,3학년,옛날과 오늘날의 생활 모습,,백중이란 무엇인가요?,음력 10월에 김장을 하고 메주를 띄우며 김치를 먹는 날
156,3학년,옛날과 오늘날의 생활 모습,,상달이란 무엇인가요?,양력 12월 22일에 달력을 주고받으며 팥죽을 먹는 날
157,3학년,방계,,15교육과정 성취기준의 내용은 무엇인가요?,주요 개념 및 용어 해설 당사자가 성적·심리적·경제적 결합을 통해 부부 관계를 맺는 것
158,3학년,방계,,혼인이란 무엇인가요?,혈연·인연·입양 등으로 이루어진 일정한 범위의 사람들로 구성된 집단
159,3학년,방계,,핵가족 *2015이란 무엇인가요?,O/X 가족 구성원이 많으면 확대가족이다. :( )
160,3학년,방계,,아무리 가족 구성원의 수가 많아도 결혼한 자녀와 부모가 함께 살지 않으면이란 무엇인가요?,확대가족이 아니다.
161,3학년,방계,,"가족 구성원의 수는 중요하지 않고, 누구와 함께 사느냐에 따라 가족 형태를이란 무엇인가요?",구분할 수 있다. 가족 형태 지도 시 유의점
162,3학년,방계,,확대가족: 가족 구성원의 세대 수(세대 범위)로 정의된다.이란 무엇인가요?,"1. 나를 기준으로 위 (엄마, 아빠, 할머니, 할아버지) 2. 나를 기준으로 아래 (자식, 손자) 3. 나를 기준으로 옆으로 (형제, 조카) 1. 직계 존속"
163,3학년,방계,,핵가족 (자녀X - 1세대)이란 무엇인가요?,부부+그 부모
164,3학년,방계,,확대가족이란 무엇인가요?,부부+기혼 자녀+기혼 자녀의 미혼 자녀
165,3학년,방계,,확대가족이란 무엇인가요?,(한) 조부모+(한) 부모+자녀
166,3학년,방계,,확대가족 (3세대)이란 무엇인가요?,(한) 부모+미혼 자녀
167,3학년,방계,,핵가족 (2세대)이란 무엇인가요?,(한) 부모+기혼 자녀
168,3학년,방계,,확대가족 (2세대)이란 무엇인가요?,"아버지, 딸, 아들"
169,3학년,방계,,핵가족이란 무엇인가요?,"할머니, 어머니, 딸"
170,3학년,방계,,확대가족이란 무엇인가요?,"아버지, 어머니, 딸, 아들"
171,3학년,방계,,핵가족이란 무엇인가요?,O/X 2세대 가족은 핵가족이다.: ( )
172,3학년,방계,,"X, (한) 부모와 미혼 자녀로 이루어진 2세대 가족은 핵가족이지만, (한) 부모와이란 무엇인가요?","기혼 자녀로 이루어진 2세대 가족은 확대가족이다. 핵가족의 비율은 ( )하고 있고, 확대가족의 비율은 ( )하고 있다."
173,3학년,방계,,"증가, 감소 *2015이란 무엇인가요?","확대가족이 변화된 형태로, 가족 구성은 확대가족과 동일하지만 확대가족처럼 한집에 살지 않고 각 가계가 가까운 데 살면서 자주 만나거나 돕는 형태의 가족"
174,3학년,방계,,15교육과정 성취기준의 내용은 무엇인가요?,주요 개념 및 용어 해설 외국인과 한국인이 결혼해 이루어진 가족
175,3학년,방계,,다문화 가족이란 무엇인가요?,한쪽의 부모와 자녀로만 이루어진 가족
176,3학년,방계,,한 부모 가족이란 무엇인가요?,부모의 재혼에 따라 만들어진 가족
177,3학년,방계,,재혼 가족이란 무엇인가요?,자녀를 입양하여 이루어진 가족
178,3학년,방계,,입양 가족이란 무엇인가요?,조부모와 손주로 구성된 가족
179,3학년,방계,,조손 가족이란 무엇인가요?,사람들 사이에 존재하는 문화적 차이를 인정하는 것
180,3학년,방계,,다양성 존중이란 무엇인가요?,"1주제에서 가족의 형태는 ( )에 따라 핵가족과 확대가족으로 구분하지만, 2주제의 다양한 가족은 ( )에 따라 구분한다."
181,3학년,방계,,"가족 구성원의 세대 수, 가족 구성원이란 무엇인가요?",2주제에서는 ( )에 중점을 둔다.
182,3학년,방계,,가족 형태의 다양성 존중이란 무엇인가요?,혼자 사는 사람을 가족으로 표현할 수 있나요?
183,3학년,방계,,사회학에서는 가족을 사회 집단이라고 합니다. 사회 집단이 되기 위해서는 2인이란 무엇인가요?,이상의 구성원이 필요하므로 혼자 사는 사람은 1인 가족보다는 1인 가구라고 표 현하는 것이 적합합니다. 하지만 사회가 변화함에 따라 가족의 다양성을 주장하는 학자들은 1인 가구를 새로운 가족의 유형으로 분류하기도 합니다. 한 지붕 아래서 거주하지 않는 비동거 가족
184,3학년,방계,,분거 가족이란 무엇인가요?,자녀의 학업을 위해 자녀와 부모 중 한 명은 외국에서 생활하고 부모 중 다른 한 명은 한국에 남아 학비와 생활비를 조달하는 신종 이산가족
185,3학년,방계,,기러기 가족이란 무엇인가요?,여성의 취업 증가에도 불구하고 육아 문제가 사회에서 완벽하게 해결되지 않은 상황에서 자녀를 시골의 노부모님께 맡기는 부모
186,3학년,방계,,주말 부모이란 무엇인가요?,"가족의 기능이나 관계의 질적인 측면, 정서적 연대에 초점을 두고 가족의 의미가 확장되고 있다. 실제로 혈연관계가 아닌 사람들이 한집에 사는 ( ), 반려동물과 사는 ( ) 같은 ‘사회적·정서적’ 가족이 늘어나고 있다."
187,4학년,지도로 만나는 우리 지역,,4사05-01 성취기준의 내용은 무엇인가요?,제작에 필요한 요소를 파악하도록 설정한 것이다. 여기서는 지도의 요소를 이해하여 일상생활에서 지도를 활용하는 데 초점을 맞춘다.
188,4학년,지도로 만나는 우리 지역,,지도이란 무엇인가요?,동서남북의 네 방향을 기준으로 나타나는 어떠한 쪽의 위치
189,4학년,지도로 만나는 우리 지역,,등고선이란 무엇인가요?,지도 지도의 요소 x4
190,4학년,지도로 만나는 우리 지역,,"방위(표), 기호와 범례, 축척, 등고선이란 무엇인가요?",[교과서] 지도의 요소 어떤 지형지물이 있는지 알 수 있습니다.
191,4학년,지도로 만나는 우리 지역,,기호이란 무엇인가요?,동서남북의 방향을 알 수 있습니다.
192,4학년,지도로 만나는 우리 지역,,방위이란 무엇인가요?,실제 거리를 알 수 있습니다.
193,4학년,지도로 만나는 우리 지역,,축척이란 무엇인가요?,땅의 높낮이를 알 수 있습니다.
194,4학년,지도로 만나는 우리 지역,,등고선이란 무엇인가요?,"방위, 기호와 범례, 축척, 등고선과 같은 지도의 요소가 표시되어 있음"
195,4학년,지도로 만나는 우리 지역,,그림지도이란 무엇인가요?,"본 단원에서는 학생들의 발달 수준에 맞게 가능한 한 ( )를 이용해 가르치되, 학생들의 이해 여부 등 필요에 따라 ( )도 활용할 수 있다."
196,4학년,지도로 만나는 우리 지역,,"실제 지도, 그림지도이란 무엇인가요?",구분 지도 그림지도 구분
197,4학년,지도로 만나는 우리 지역,,"일반도, 주제도이란 무엇인가요?","( )는 여러 사람이 다양한 목적으로 이용할 수 있도록 많은 지리 정보를 정확하고 정밀하게 그려 놓은 지도를 말하며, ( )가 대표적이다."
198,4학년,지도로 만나는 우리 지역,,"일반도, 지형도이란 무엇인가요?",( )는 목적에 맞게 특별한 주제만을 중심으로 그린(알리고 싶은 정보만 표현한) 지도이다. + 예시?
199,4학년,지도로 만나는 우리 지역,,"주제도 (ex. 버스 노선도, 지하철 노선도(교통도), 인구 분포도 등)이란 무엇인가요?","O/X 지형도에는 산, 하천 등과 같은 땅의 모습만 표현되어 있다.: ( )"
200,4학년,지도로 만나는 우리 지역,,"X, 지형도에는 마을, 도로, 건물, 논, 밭 등 여러 가지가 그려져 있다.이란 무엇인가요?",방위(표) 방위는 ( )로 나타내거나 더 자세하게 나누어 ( )로 나타내기도 한다.
201,4학년,지도로 만나는 우리 지역,,"동서남북의 4방위, 8방위이란 무엇인가요?",방위표를 사용하는 목적 (장점)
202,4학년,지도로 만나는 우리 지역,,사람이나 건물이 향한 쪽과 상관없이 방위를 나타내기 위해이란 무엇인가요?,지도에 방위표가 없을 때?
203,4학년,지도로 만나는 우리 지역,,"지도의 위쪽이 북쪽, 아래쪽이 남쪽, 오른쪽이 동쪽, 왼쪽이 서쪽이라고 약속한다.이란 무엇인가요?",방위표를 이용하여 위치 말하기 유의 사항
204,4학년,지도로 만나는 우리 지역,,어떤 장소의 위치를 방위표를 이용하여 표현하더라도 기준에 따라 방위가 달라질이란 무엇인가요?,수 있으므로 지도에서 위치를 말할 때에는 먼저 기준을 정하고 방위표에 따라 장소의 위치를 나타내야 한다.
205,4학년,지도로 만나는 우리 지역,,녹색이란 무엇인가요?,"축척 ★ 축척을 표시하는 방법 x3 ① 비례법(1:50,000) ② 분수법("
206,4학년,지도로 만나는 우리 지역,,실제 거리 500m를 지도상의 1cm로 나타낸 지도이란 무엇인가요?,"실제 거리를 많이 줄일수록 축척이 ( )고 하고, 조금 줄일수록 축척이 ( )고 한다. - 작다(소축척), 크다(대축척) 실제 거리의 축소율이 커서 넓은 지역을 관찰하거나 지역을 개관하는 데 이용되는 지도"
207,4학년,지도로 만나는 우리 지역,,"소축척 지도 ex) 대한민국 전도, 세계 지도이란 무엇인가요?",지도의 축소율이 작고 표현이 상세한 지도
208,4학년,지도로 만나는 우리 지역,,대축척 지도이란 무엇인가요?,소축척 지도와 대축척 지도의 비교 ★ 구분 소축척 지도 대축척 지도
209,4학년,지도로 만나는 우리 지역,,지도의 축척은 상대적인 것으로 축척이 다른 두 개의 지도가 있을 경우 하나는 대이란 무엇인가요?,"축척 지도가 되고 다른 하나는 소축척 지도가 된다.★ 축척이 1:2,500,000인 지도와 축척이 1:25,000인 지도를 소축척 지도와 대 축척 지도로 구분하면?"
210,4학년,지도로 만나는 우리 지역,,"축척이 1:2,500,000(이란 무엇인가요?",  )인 지도: 소축척 지도
211,4학년,지도로 만나는 우리 지역,,"축척이 1:25,000(이란 무엇인가요?","  )인 지도: 대축척 지도 축척이 1:2,500,000인 경우 지도상의 1cm는 실제 거리 ( )라는 뜻이다."
212,4학년,지도로 만나는 우리 지역,,25km (∵ 축척의 단위: cm)이란 무엇인가요?,"축척이 1:25,000인 경우 지도상의 1cm는 실제 거리 ( )라는 뜻이다."
213,4학년,지도로 만나는 우리 지역,,250m (∵ 축척의 단위: cm)이란 무엇인가요?,짝의 집을 찾아 표시해보기 활동에 적합한 지도는?
214,4학년,지도로 만나는 우리 지역,,대축척 지도이란 무엇인가요?,행정구역 경계선 위의 동일한 두 지점을 두 지도에서 비교할 때 두 지점 사이의 경계선의 모양이 더 단순한 지도는?
215,4학년,지도로 만나는 우리 지역,,소축척 지도이란 무엇인가요?,줄인자(축척 막대자) 활용의 장점 (2022 교육과정에서는 에는 줄인자(축척 막대자) 용어 삭제)
216,4학년,지도로 만나는 우리 지역,,지도상의 거리와 실제 거리를 동시에 표시함으로써 비례식을 이용해 거리를이란 무엇인가요?,"계산하지 않아도 지도상의 실제 거리를 손쉽게 측정할 수 있다. O/X 1:40,000의 축척에는 1:10,000의 축척으로 만든 지도 4매에 해당하는 면적이 포함된다.: ( )★"
217,4학년,지도로 만나는 우리 지역,,"X, 1:40,000의 축척에는 1:10,000의 축척으로 만든 지도 16매에 해당하는 면적이이란 무엇인가요?",포함된다.
218,4학년,지도로 만나는 우리 지역,,"등고선, 색깔이란 무엇인가요?","땅의 높이가 낮은 곳에서 높은 곳으로 갈수록 ( )색, ( )색, ( )색, ( )색의 순서로 나타난다."
219,4학년,지도로 만나는 우리 지역,,"초록, 노란, 갈, 고동 *초노갈고이란 무엇인가요?",해발의 의미
220,4학년,지도로 만나는 우리 지역,,바닷물로부터의 높이를 잰다는 의미이란 무엇인가요?,해발의 기준(해발 0m)
221,4학년,지도로 만나는 우리 지역,,인천 앞바다의 밀물 때와 썰물 때의 바닷물 높이의 평균이란 무엇인가요?,동일 등고선 상의 각 점은 모두 높이가 ( ).
222,4학년,지도로 만나는 우리 지역,,같다.이란 무엇인가요?,"등고선의 간격이 넓으면 ( ), 좁으면 ( )이다."
223,4학년,지도로 만나는 우리 지역,,"완경사, 급경사이란 무엇인가요?","등고선이 높은 곳(산의 정상 쪽)으로 파고들어 갔으면 ( ), 낮은 곳을 향하여 뻗어 있으면 ( )을 나타낸다."
224,4학년,지도로 만나는 우리 지역,,"계곡(주변보다 낮은 지역), 능선(주변보다 높은 지역)이란 무엇인가요?",등고선의 종류 x4 *주간조계
225,4학년,지도로 만나는 우리 지역,,계곡선 (이란 무엇인가요?,) 곡선 모양으로 알 수 있는 것 x2 ① 전체적인 땅의 높낮이 ② 지형의 모습
226,4학년,지도로 만나는 우리 지역,,등심선이란 무엇인가요?,지도에서 바다나 호수는 무슨 색으로 표현되는가?
227,4학년,지도로 만나는 우리 지역,,파란색이란 무엇인가요?,깊이가 깊어짐에 따라 색의 변화는?
228,4학년,지도로 만나는 우리 지역,,4사05-02 성취기준의 내용은 무엇인가요?,"지리 정보 Ÿ 땅 위에 나타나는 여러 가지 것들의 특성을 알려주는 자료 - 여러 가지 것들 : 자연적인 요소(자연 환경), 인문적인 요소(인문 환경)"
229,4학년,지도로 만나는 우리 지역,,"여러 가지 것들 : 자연적인 요소(자연 환경), 인문적인 요소(인문 환경)이란 무엇인가요?","성취기준 해설 [4사05-02]는 행정구역을 나타낸 지도에서 지역의 위치를 파악하고, 지역의 지리 정보를 바탕으로 지역의 특징을 탐구하도록 설정한 것이다. 우리나라 지도에서 시·도 단위의 행정구역을 파악하면서 우리 지역(시·군·구)의 위치를 확인하고, 지역의 지리 정보(위치, 면적, 인구, 지형, 기온, 강수량 등)를 다른 지역과 비교하여 지역이 지닌 특징을 이해하는 데 초점을 맞춘다."
230,4학년,지도로 만나는 우리 지역,,4사05-02 성취기준의 내용은 무엇인가요?,"우리나라 지도에서 시·도 단위의 행정구역을 파악하면서 우리 지역(시·군·구)의 위치를 확인하고, 지역의 지리 정보(위치, 면적, 인구, 지형, 기온, 강수량 등)를 다른 지역과 비교하여 지역이 지닌 특징을 이해하는 데 초점을 맞춘다."
231,4학년,지도로 만나는 우리 지역,,중심지★이란 무엇인가요?,중심지가 제공하는 상품과 서비스를 소비하는 주변 지역
232,4학년,지도로 만나는 우리 지역,,답사이란 무엇인가요?,중심지는 ( )하면서 형성된다.★
233,4학년,지도로 만나는 우리 지역,,고장(지역) 사람들이 다양한 필요나 욕구를 해결하기 위해이란 무엇인가요?,일정한 곳에 모였다가 흩어지기를 반복 중심지는 ( )과 관련지어 이해하도록 한다.
234,4학년,지도로 만나는 우리 지역,,필요 및 욕구의 해결이란 무엇인가요?,O/X 중심지는 주변보다 상주인구 밀도가 높은 곳이다.: ( )
235,4학년,지도로 만나는 우리 지역,,배후지는 중심지로부터 재화와 서비스를 공급받는다.이란 무엇인가요?,중심지는 ( )에 따라 다양하게 나타난다(다르게 규정될 수 있다).★
236,4학년,지도로 만나는 우리 지역,,배후지의 규모(배후지의 규모를 어떻게 보느냐) → 상대적임이란 무엇인가요?,중심지의 계층 구조 중심지 이론(크리스탈러’s): 중심지의 분포와 크기에 관한 일반 법칙
237,4학년,지도로 만나는 우리 지역,,"저위 중심지(저차 중심지, 하위 중심지)이란 무엇인가요?",고위 중심지의 특징을 ‘중심지 간의 거리’와 ‘중심지의 수’를 포함 하여 쓰시오.
238,4학년,지도로 만나는 우리 지역,,고위 중심지일수록 재화와 서비스를 넓은 지역에 공급하므로 중심지 간 간격이이란 무엇인가요?,"넓고, 그 수는 적으며, 저위 중심지들을 포섭하는 계층적 형태를 취한다.★ 중심지 이론의 기본이 되는 개념으로 중심지를 유지하기 위해 이윤을 발생시키는 최소한의 수요(=판매 실적) 수준"
239,4학년,지도로 만나는 우리 지역,,재화의 도달 범위 : 교통 발달 → 범위↑이란 무엇인가요?,중심지가 제공하는 재화나 서비스가 영향을 미치는 범위(=배달 가능 범위)로써 중심지가 제공하는 기능을 이용하기 위해 이용자가 기꺼이 교통비를 지불하고 오는 최대한의 거리
240,4학년,지도로 만나는 우리 지역,,재화의 도달 범위★이란 무엇인가요?,중심지에 있는 기능의 양과 종류에 따라 중심지의 상대적 중요성이 달라지면서 계층이 형성되는 것
241,4학년,지도로 만나는 우리 지역,,계층성이란 무엇인가요?,"고위/저위 중심지의 인구 감소 시, 어디가 먼저 쇠퇴할까?"
242,4학년,지도로 만나는 우리 지역,,고위 중심지가 최소 요구치를 확보하기 위한 공간이 줄어들면서 먼저 쇠퇴하게 된다.이란 무엇인가요?,물자가 왕래할 수 있는 교통로가 생기고 여러 교통로가 교차하는 것
243,4학년,지도로 만나는 우리 지역,,결절이란 무엇인가요?,중심지의 형성(공간 분화와 발달) 흐름(이동)
244,4학년,지도로 만나는 우리 지역,,"교통, 통신이란 무엇인가요?",O/X 고장이나 지역에서 중심지는 한 곳이다.: ( )
245,4학년,지도로 만나는 우리 지역,,"X, 한 고장이나 지역 안에서도 기능이 분화된 여러 개의 중심지가 생기기도 한다.이란 무엇인가요?",중심지의 특징 x6 *배후(배우)처럼 생긴 교생 변태같아.. 경계해  중심지는 배후 지역이 있다. ‚ 중심지는 생활의 중심이다.
246,4학년,우리 지역의 문화 유산 → ‘고장’에 대한 내용이 사라지면서 3학년과 동일한 내용,,"원형인 배후지, 경쟁, 정육각형의 형태인 배후지이란 무엇인가요?",인구가 증가하거나 구매력이 커지면 중심지의 변화는?
247,4학년,우리 지역의 문화 유산 → ‘고장’에 대한 내용이 사라지면서 3학년과 동일한 내용,,"중심지의 수가 많아지고, 보다 상위의 기능을 수행하는 중심지들이 나타나 계층 구조를이란 무엇인가요?",이루게 된다.
248,4학년,우리 지역의 문화 유산 → ‘고장’에 대한 내용이 사라지면서 3학년과 동일한 내용,,상위 계층의 중심지는 하위 계층의 중심지가 지니는 기능과 자기 특유의 기능을 더이란 무엇인가요?,"보유한다. 교통이 발달하면 상위 중심지의 기능은 ( )되고, 하위 중심지의 기능은 ( )하게 된다."
249,4학년,우리 지역의 문화 유산 → ‘고장’에 대한 내용이 사라지면서 3학년과 동일한 내용,,"강화, 쇠퇴이란 무엇인가요?","시대에 따라 달라지는 중심지 과거에는 한 도시의 중심지였지만 이제는 사람들이 자주 찾지 않고, 재화와 서비스 공급 역할이 약해진 곳"
250,4학년,우리 지역의 문화 유산 → ‘고장’에 대한 내용이 사라지면서 3학년과 동일한 내용,,원도심이란 무엇인가요?,O/X 중심지는 시간이 지나면 바뀌게 된다.: ( )
251,4학년,우리 지역의 문화 유산 → ‘고장’에 대한 내용이 사라지면서 3학년과 동일한 내용,,"행정, 교통, 상업, 산업, 관광이란 무엇인가요?",O/X 고장이나 지역에서 중심지는 한 곳이다.: ( )
252,4학년,우리 지역의 문화 유산 → ‘고장’에 대한 내용이 사라지면서 3학년과 동일한 내용,,"X, 한 곳일 수도 있고 여러 곳일 수도 있다.이란 무엇인가요?",하나의 중심지는 하나의 역할(기능)만 담당한다.: ( )
253,4학년,우리 지역의 문화 유산 → ‘고장’에 대한 내용이 사라지면서 3학년과 동일한 내용,,"X, 하나의 중심지가 여러 역할(기능)을 복합적으로 담당하기도 한다.이란 무엇인가요?",지역 내 동일한 역할(기능)을 하는 중심지가 여럿 있을 수 있다.: ( )
254,4학년,우리 지역의 문화 유산 → ‘고장’에 대한 내용이 사라지면서 3학년과 동일한 내용,,"O, 지역이나 고장 내에 동일한 역할(기능)을 하는 중심지가 여럿 있을 수 있다.이란 무엇인가요?","(ex. 제주도의 관광 중심지: 애월, 협재, 중문 등) 중심지의 위치, 기능, 모습 조사 방법"
255,4학년,우리 지역의 문화 유산 → ‘고장’에 대한 내용이 사라지면서 3학년과 동일한 내용,,"직접 물어보기(면담 조사), 질문지로 알아보기(설문 조사), 관련 자료 찾아보기,이란 무엇인가요?","직접 찾아가기(답사) 2. 우리 지역의 문화 유산 → ‘고장’에 대한 내용이 사라지면서 3학년과 동일한 내용 [4사06-01] 지역의 문화유산을 통해 문화유산의 의미와 유형을 알아보고, 문화유산의 가치를 탐색한다. 성취기준 적용 시"
256,4학년,우리 지역의 문화 유산 → ‘고장’에 대한 내용이 사라지면서 3학년과 동일한 내용,,문화유산이란 무엇인가요?,"역사, 예술, 학술 방면에서 가치가 더 크다고 여겨져 나라에서 「문화재 보호법」에 따라 따로 지정한 문화유산"
257,4학년,우리 지역의 문화 유산 → ‘고장’에 대한 내용이 사라지면서 3학년과 동일한 내용,,지정 문화재이란 무엇인가요?,문화재의 종류 x4 ① 유형 문화재 ② 무형 문화재 ③ 기념물 ④ 민속 문화재(민속 자료) 지정 문화재의 종류 x2 ① 국가 지정 문화재(문화재청장 지정) ② 시·도 지정 문화재(시·도지사 지정)
258,4학년,우리 지역의 문화 유산 → ‘고장’에 대한 내용이 사라지면서 3학년과 동일한 내용,,국보이란 무엇인가요?,"국보 ∈ ( ) 문화재, ( ) 문화재"
259,4학년,우리 지역의 문화 유산 → ‘고장’에 대한 내용이 사라지면서 3학년과 동일한 내용,,"국가 지정, 유형이란 무엇인가요?","문화유산 가운데 석탑, 건축물, 책 등과 같이 일정한 형태가 있는 것을 ( ), 무용, 연극, 무예 등과 같이 일정한 형태가 없이 그 기능을 지닌 사람이 전해 줘야 하는 것을 ( )라고 한다."
260,4학년,우리 지역의 문화 유산 → ‘고장’에 대한 내용이 사라지면서 3학년과 동일한 내용,,무형 문화재이란 무엇인가요?,"무형문화재는 사람에서 사람으로 전해지는데, 보존할 가치가 큰 기술과 예능을 전수받은 사람을 ( )라고 한다."
261,4학년,우리 지역의 문화 유산 → ‘고장’에 대한 내용이 사라지면서 3학년과 동일한 내용,,인간문화재이란 무엇인가요?,몇몇 지역에서는 문화유산으로 지정되지 않은 것이나 지역을 대표할 수 있는 것 중에 미래 세대에 전달할 가치가 있는 것을 ( )으로 선정해 보호하고 있다.
262,4학년,우리 지역의 문화 유산 → ‘고장’에 대한 내용이 사라지면서 3학년과 동일한 내용,,미래 유산이란 무엇인가요?,문화유산 조사 방법
263,4학년,우리 지역의 문화 유산 → ‘고장’에 대한 내용이 사라지면서 3학년과 동일한 내용,,"문헌 조사, 누리집 검색, 면담, 답사 등이란 무엇인가요?","( ) 사업은 국민의 자발적인 참여로 소외된 문화재를 찾아 생활 속에서 지속적으로 가꾸고 즐기려는 데 목적을 두고 있다. 주변 정화 활동, 모니터 활동, 문화재 소개 및 홍보 활동, 협약 및 후원 활동 등을 할 수 있다."
264,4학년,우리 지역의 문화 유산 → ‘고장’에 대한 내용이 사라지면서 3학년과 동일한 내용,,문화재 지킴이이란 무엇인가요?,"[4사06-02] 지역의 박물관, 기념관, 유적지 등을 체험하고 지역의 역사를 이해한다. 성취기준 적용 시 고려 사항"
265,4학년,우리 지역의 문화 유산 → ‘고장’에 대한 내용이 사라지면서 3학년과 동일한 내용,,역사적 인물이란 무엇인가요?,인물 중심의 역사 학습은 흔히 인물에 대한 학습인 ( )과 인물의 역사에 대한 학습인 ( )이라는 두 가지 의미가 있다.
266,4학년,우리 지역의 문화 유산 → ‘고장’에 대한 내용이 사라지면서 3학년과 동일한 내용,,인물사 학습이란 무엇인가요?,"역사적인 사실을 일어난 순서대로 나타낸 표, 있었던 사건들을 시간의 흐름에 따라 체계적으로 배열한 표"
267,4학년,우리 지역의 문화 유산 → ‘고장’에 대한 내용이 사라지면서 3학년과 동일한 내용,,연표 *2022이란 무엇인가요?,"( )란 사건들이 일어난 순서를 확인하기 위해 과거, 현재, 미래의 역사적 시간에 대한 감각을 얻는 과정을 가리킨다. ( ) 기능 형성에 도움을 주는 도구로는 ( )가 있다."
268,4학년,지역의 공공기관과 주민 참여,,프로젝트 학습이란 무엇인가요?,"관련 역사적 사고력? 역할놀이, 역사 가상 일기 쓰기"
269,4학년,지역의 공공기관과 주민 참여,,역사적 상상력: 감정이입적 이해이란 무엇인가요?,감정이입적 이해는 더욱 주관적인 접근으로 역사적 상황을 ( )할 기회를 제공한다.
270,4학년,지역의 공공기관과 주민 참여,,추체험이란 무엇인가요?,(   ) 미디어가 사람들의 삶을 어떻게 매개하는지를 비판적으로 이해하고 창의적으로 활용할 수 있는 능력을 길러주는 교육
271,4학년,지역의 공공기관과 주민 참여,,"역사적 인물에 대한 미디어의 내용은 검증되지 않은 경우가 많고, 전문가가 작이란 무엇인가요?",성한 자료라도 절대적인 사실로 보기 어렵다. 특히 인물에 대한 평가는 주관적 이고 자의적인 경우가 많으므로 미디어 리터러시 교육이 필요하다. 3. 지역의 공공기관과 주민 참여 1) 우리 지역의 공공기관 (2022에서 해당 성취기준 삭제 → 출제 가능성 매우↓)
272,4학년,지역의 공공기관과 주민 참여,,15 교육과정 성취기준의 내용은 무엇인가요?,주요 개념 및 용어 해설 특별시·광역시·도·시·군과 같이 주민 투표로 뽑은 대표들이 일
273,4학년,지역의 공공기관과 주민 참여,,행정 복지 센터 (2016: 주민 센터 → 행정 복지 센터)이란 무엇인가요?,실제로 현장에 가서 직접 보고 관찰·체험함으로써 그 일에 관한 구체적인 지식을 넓히는 것
274,4학년,지역의 공공기관과 주민 참여,,견학(=현장 견학=직접 현장 학습)이란 무엇인가요?,"개인, 법인 또는 단체가 국가 기관이나 행정 기관에 처분과 같은 특정한 행위를 요구하는 것"
275,4학년,지역의 공공기관과 주민 참여,,민원이란 무엇인가요?,"관계 법령에 따른 허가나 면허 등의 신청, 특정 사실에 대한 법률관계를 확인하는 등과 관련된 민원"
276,4학년,지역의 공공기관과 주민 참여,,질의 민원이란 무엇인가요?,행정 제도와 운용에 대해 건의하는 민원
277,4학년,지역의 공공기관과 주민 참여,,건의 민원이란 무엇인가요?,행정 기관의 불합리한 처리나 소극적 처분 등으로 권익을 침해 하거나 불편을 초래한 사항의 개선을 위한 민원
278,4학년,지역의 공공기관과 주민 참여,,고충 민원이란 무엇인가요?,단순 행정 처리에 대한 상담과 일상생활의 불편함을 알려 특정 행위를 요구하는 민원
279,4학년,지역의 공공기관과 주민 참여,,기타 민원이란 무엇인가요?,공공기관의 결정적 속성 x2 ① 공익 목적 ② 국가나 지방 자치 단체가 설립 및 운영 특별시·광역시·도·시·군과 같이 주민이 투표로 뽑은 대표들이 일정한 구역의 살림을 맡아 하는 단체
280,4학년,지역의 공공기관과 주민 참여,,지방 자치 단체이란 무엇인가요?,국가나 지방 자치 단체에서 국민이 편안하고 안전하게 생활할 수 있도록 세금으로 만들고 관리하는 시설
281,4학년,지역의 공공기관과 주민 참여,,"공공시설 (예: 도로, 공원, 철도, 수도, 항만, 공항, 운하, 광장, 녹지 등)이란 무엇인가요?","민영화 철도, 우편, 수돗물, 전기, 전화, 도로처럼 사람들에게 꼭 필요한 물건이나 시설"
282,4학년,지역의 공공기관과 주민 참여,,공공물이란 무엇인가요?,조선 시대의 공공기관 오늘날의 경찰청과 비슷한 역할
283,4학년,지역의 공공기관과 주민 참여,,포도청이란 무엇인가요?,오늘날의 소방청과 비슷한 역할
284,4학년,지역의 공공기관과 주민 참여,,금화도감이란 무엇인가요?,오늘날의 질병관리청과 비슷한 역할
285,4학년,지역의 공공기관과 주민 참여,,혜민서이란 무엇인가요?,"나라의 살림을 맡아보던 관청으로, 오늘날의 국세청과 비슷한 역할"
286,4학년,지역의 공공기관과 주민 참여,,선혜청이란 무엇인가요?,물가를 조절하던 관청
287,4학년,지역의 공공기관과 주민 참여,,상평청이란 무엇인가요?,가난한 백성을 구제하던 관청
288,4학년,지역의 공공기관과 주민 참여,,진휼청이란 무엇인가요?,"한 고을의 일을 처리하던 자치 기관으로, 오늘날의 행정 복지 센터와 비슷한 역할"
289,4학년,지역의 공공기관과 주민 참여,,"시청·도청, 시 의회·도 의회는 살기 좋은 지역을 만들기 위해 노력한다. 시이란 무엇인가요?","의회·도 의회는 지역의 중요하고 필요한 일과 지역 사업을 챙기고, 시청·도 청에서 예산을 잘 쓰고 있는지 등을 감시한다. 시청·도청에서는 의회에서 결 정된 것을 집행한다."
290,4학년,지역의 공공기관과 주민 참여,,사회 참여 능력(기능)이란 무엇인가요?,어린이들이 횡단보도를 건너기 전 안전한 곳에서 기다리게 하고 운전자가 이를 쉽게 인지하도록 바닥 또는 벽면을 노랗게 표시하는 교통안전 설치물
291,4학년,지역의 공공기관과 주민 참여,,옐로 카펫(어린이 횡단보도 대기소)이란 무엇인가요?,누군가에게 어떤 행동을 강요하기보다 부드러운 개입을 통해 행동 변화를 유도 하는 것
292,4학년,지역의 공공기관과 주민 참여,,넛지 효과이란 무엇인가요?,나라 전체의 살림을 맡아서 하는 정부
293,4학년,지역의 공공기관과 주민 참여,,중앙 정부이란 무엇인가요?,한 지역의 살림을 맡아서 하는 정부
294,4학년,지역의 공공기관과 주민 참여,,지방 정부이란 무엇인가요?,주민이 직접 뽑은 대표자와 지역 주민이 함께 지역의 발전을 위해 일하는 정치 방식- 지방 자치 제도 시행하는 까닭 x2
295,4학년,지역의 공공기관과 주민 참여,,주민 발의제(발안제)이란 무엇인가요?,= 조례 제정 및 개폐 청구 제도
296,4학년,지역의 공공기관과 주민 참여,,주민 소환 제도★이란 무엇인가요?,지역 사회의 주요 현안을 주민 투표에 부쳐 최종적으로 결정 하는 제도
297,4학년,지역의 공공기관과 주민 참여,,주민 투표 제도이란 무엇인가요?,부당한 행정 처분이나 불합리한 행정 제도로 인해 주민의 권익을 침해당한 주민이 직접 감사를 청구할 수 있는 제도
298,4학년,지역의 공공기관과 주민 참여,,주민 감사 청구 제도이란 무엇인가요?,지방 자치 단체의 예산을 편성하는 과정에 주민이 직접 참여하는 제도- 주민 참여 예산 제도★ 주민 참여의 방법 지역 주민의 의견을 투표를 통해서 알아보는 것
299,4학년,지역의 공공기관과 주민 참여,,주민 투표이란 무엇인가요?,"지방 자치 단체에서 중요한 안건을 결정하기 전에 전문가와 주민, 관계자 등의 의견을 듣는 공개 회의 방식"
300,4학년,지역의 공공기관과 주민 참여,,공청회이란 무엇인가요?,"개최 방법 x2 ① 지방 자치 단체 주관 ② 주민들이 자발적으로 조직해 개최 장점, 단점 (읽어보기) 장점"
301,4학년,지역의 공공기관과 주민 참여,,"회의 진행 어려움, 많은 시간 소요이란 무엇인가요?",‚ 효과적인 의사표시가 어려움 지방 자치 단체가 지역의 일을 제대로 하고 있는지 감독하고 검사하는 것
302,4학년,지역의 공공기관과 주민 참여,,소수의 의견을 존중이란 무엇인가요?,지역 문제의 다양한 해결 방안을 탐색한 후 각 방안의 장단점을 비교하며 평가 하는 과정에서 충분한 시간을 두고 ( )으로 의견을 조정해야 한다.
303,4학년,지역의 공공기관과 주민 참여,,대화와 타협이란 무엇인가요?,지역 이기주의 x3★
304,4학년,지역의 공공기관과 주민 참여,,대형 놀이 시설이나 지하철역처럼 편리한 시설을 자신이란 무엇인가요?,이 사는 지역에 유치하려는 태도
305,4학년,지역 문제를 해결하고 지역을 알리려는 노력,,촌락이란 무엇인가요?,"사회적, 경제적, 정치적 활동의 중심지로서 인구가 집중되어 밀도가 매우 높은 지역"
306,4학년,지역 문제를 해결하고 지역을 알리려는 노력,,도시이란 무엇인가요?,촌락의 분류 기준 x2
307,4학년,지역 문제를 해결하고 지역을 알리려는 노력,,"주민들의 직업, 마을의 분포 형태이란 무엇인가요?",촌락의 종류 x3 농촌
308,4학년,지역 문제를 해결하고 지역을 알리려는 노력,,"농촌, 어촌, 산지촌이란 무엇인가요?",땅을 이용해 곡식이나 채소 등을 기르는 일
309,4학년,지역 문제를 해결하고 지역을 알리려는 노력,,농업이란 무엇인가요?,"바다에서 물고기, 조개, 김, 미역 등을 잡거나 기르는 일"
310,4학년,지역 문제를 해결하고 지역을 알리려는 노력,,어업이란 무엇인가요?,산에서 나무를 기르거나 산나물을 뜯는 일
311,4학년,지역 문제를 해결하고 지역을 알리려는 노력,,임업이란 무엇인가요?,소나 양과 같은 가축을 기르는 일
312,4학년,지역 문제를 해결하고 지역을 알리려는 노력,,목축업이란 무엇인가요?,해발 고도가 높은 곳에 평탄한 면이 넓게 펼쳐져 있는 지형
313,4학년,지역 문제를 해결하고 지역을 알리려는 노력,,고랭지 농업이란 무엇인가요?,서늘한 산간 지역에서 재배되는 채소
314,4학년,지역 문제를 해결하고 지역을 알리려는 노력,,고랭지 채소이란 무엇인가요?,O/X 산지촌에서 농업이 이루어지기도 한다.: ( )
315,4학년,지역 문제를 해결하고 지역을 알리려는 노력,,O (예: 고랭지 농업)이란 무엇인가요?,"평야 지역은 농촌, 해안 지역은 어촌, 산간 지역은 산지촌이다.: ( )"
316,4학년,지역 문제를 해결하고 지역을 알리려는 노력,,없다이란 무엇인가요?,산간 지역이나 해안 지역에도 농촌이나 도시가 존재할 수 있다.: ( )★
317,4학년,지역 문제를 해결하고 지역을 알리려는 노력,,지역 주민들이 주로 종사하는 직업에 따라 산간 지역이나 해안 지역에도 농촌이란 무엇인가요?,이나 도시가 존재할 수 있다. 농촌에서도 지역에 따라 산촌(散村)이 나타날 수 있다.: ( )
318,4학년,지역 문제를 해결하고 지역을 알리려는 노력,,평야 지역의 농촌이란 무엇인가요?,산촌(散村)과 산지촌(山地村)의 구분 가옥이 흩어져 분포하는 촌락
319,4학년,지역 문제를 해결하고 지역을 알리려는 노력,,산촌(散村) (↔ 집촌: 가옥이 한곳에 밀집하여 분포하는 촌락)이란 무엇인가요?,산에 입지한 촌락
320,4학년,지역 문제를 해결하고 지역을 알리려는 노력,,"산지촌 (=산촌, 山村)이란 무엇인가요?",사람들이 삶을 살아가는 터전
321,4학년,지역 문제를 해결하고 지역을 알리려는 노력,,촌락이란 무엇인가요?,취락 중 높은 건물이 많고 인구가 많으며 2·3차 산업의 경제활동이 주를 이룸
322,4학년,지역 문제를 해결하고 지역을 알리려는 노력,,도시이란 무엇인가요?,"도시가 갖추어야 할 기준 x4 ① 인구 밀도 ② 2·3차 종사자의 비율 ③ 도시적 경관 ④ 중심성 도시, 공장, 시장의 입지 조건을 알아보는 수업에 적용할 수 있는 모형"
323,4학년,지역 문제를 해결하고 지역을 알리려는 노력,,탐구 학습 모형이란 무엇인가요?,도시의 입지 조건 (일반화된 지식) 오늘날에는 주로 ( )에 도시가 발달한다. 회사나 공장이 있어 ( )에도 도시가 생겨난다.
324,4학년,지역 문제를 해결하고 지역을 알리려는 노력,,"교통이 편리한 곳, 일자리가 많은 곳이란 무엇인가요?",어떤 지리적 사고력?
325,4학년,지역 문제를 해결하고 지역을 알리려는 노력,,중심 업무 지구이란 무엇인가요?,다양한 물건을 사고 팔며 서비스를 제공하는 시설이 모여 있는 곳
326,4학년,지역 문제를 해결하고 지역을 알리려는 노력,,상업 지구이란 무엇인가요?,공장이나 회사가 모인 곳
327,4학년,지역 문제를 해결하고 지역을 알리려는 노력,,산업(공업) 지구이란 무엇인가요?,도시 사람들의 주거를 위한 지역
328,4학년,지역 문제를 해결하고 지역을 알리려는 노력,,주거 지구이란 무엇인가요?,도시 규모가 작을 때는 도시의 기능이 공간상에 혼재되어 나타나지만 도시가 성장할수록 기능별로 분리되는 현상
329,4학년,지역 문제를 해결하고 지역을 알리려는 노력,,도시 내부 공간의 분화 (도시 내부의 기능 지역 분화)이란 무엇인가요?,나타나는 이유 x2 ① 접근성 ② 지대 차이
330,4학년,지역 문제를 해결하고 지역을 알리려는 노력,,이촌 향도 현상이란 무엇인가요?,도시에 살다가 전원생활을 위해 고향으로 돌아오는 등 경제활동을 위한 직장은 도시에 두고 있으나 촌락으로 생활권을 옮기는 인구를 포함하는 개념
331,4학년,지역 문제를 해결하고 지역을 알리려는 노력,,귀농이란 무엇인가요?,어촌으로 도시 인구가 유입되는 현상
332,4학년,지역 문제를 해결하고 지역을 알리려는 노력,,귀어이란 무엇인가요?,도시의 기반 시설에 비하여 지나치게 많은 인구와 기능이 도시에 집중하는 현상
333,4학년,지역 문제를 해결하고 지역을 알리려는 노력,,과도시화이란 무엇인가요?,지역적 불균형이 심화되는 형태로 도시 성장이 이루어지는 것
334,4학년,지역 문제를 해결하고 지역을 알리려는 노력,,종주 도시화이란 무엇인가요?,도심의 상주(야간)인구가 감소하는 현상
335,4학년,지역 문제를 해결하고 지역을 알리려는 노력,,러시아워이란 무엇인가요?,무엇을 의미하는 그래프?
336,4학년,5 미만이면 소멸 위험 지역으로 분류,,스마트 도시이란 무엇인가요?,사람과 자연환경 및 문화가 조화를 이루는 환경친화적인 도시
337,4학년,5 미만이면 소멸 위험 지역으로 분류,,생태 도시이란 무엇인가요?,"주요 개념 및 용어 해설 서로 다른 개인, 지역, 나라 사이에서 물건이나 문화, 사상 등을 주고 받는 것"
338,4학년,5 미만이면 소멸 위험 지역으로 분류,,상호 의존이란 무엇인가요?,교류를 하는 이유★
339,4학년,5 미만이면 소멸 위험 지역으로 분류,,"각 지역은 자원이 한정되어 있고, 지역마다 자연환경과 인문환경 등이 차이가이란 무엇인가요?",나기 때문이다. 촌락과 도시의 관계
340,4학년,5 미만이면 소멸 위험 지역으로 분류,,"상호 의존 관계: 경제 교류, 정치 교류, 문화 교류 등으로 서로 필요한 부분을 보이란 무엇인가요?",완해가며 도움을 주고받는 관계 촌락과 도시 사이에서 이루어지는 다양한 교류(교류 방법) (읽어보기)
341,4학년,5 미만이면 소멸 위험 지역으로 분류,,로컬 푸드 운동이란 무엇인가요?,① 먹을거리의 안전성 확보 ② 환경적 부담 경감 ③ 생산자와 소비자 간의 사회적 거리를 줄여 공동체를 만들려는 노력 [로컬 푸드 운동을 펴는 여러 제도]
342,4학년,5 미만이면 소멸 위험 지역으로 분류,,"생활협동조합, 농산물 직거래, 농민 장터이란 무엇인가요?",위 운동으로 확보할 수 있는 것
343,4학년,5 미만이면 소멸 위험 지역으로 분류,,식품 안전이란 무엇인가요?,소비자들의 먹을거리에 관한 결정권을 보장하는 것
344,4학년,5 미만이면 소멸 위험 지역으로 분류,,식품 시민권이란 무엇인가요?,농민들에게 돌아가는 실질 소득을 높이는 것
345,4학년,5 미만이면 소멸 위험 지역으로 분류,,주말 농장이란 무엇인가요?,"농가에서 숙식하면서 농사/생활/문화 체험과 마을 축제에 참여할 수 있는 농촌, 문화, 관광이 결합된 농촌 체험 관광 상품"
346,4학년,경제활동과 지역 간 교류,,경제활동이란 무엇인가요?,인간의 욕구보다 그것을 충족할 수단이 상대적으로 부족한 특성
347,4학년,경제활동과 지역 간 교류,,서비스이란 무엇인가요?,"경제활동은 ( ), ( ), ( )로 이루어진다."
348,4학년,경제활동과 지역 간 교류,,"생산, 분배, 소비이란 무엇인가요?",경제활동 중 ( )라는 개념은 학생들에게 어려우므로 ( )과 ( )에 관해서만 다루도록 한다.
349,4학년,경제활동과 지역 간 교류,,"분배, 생산, 소비이란 무엇인가요?","경제활동의 순환 생산은 (a)로 이어지고, (a)는 (b)의 기반이 되며, (b)는 다시 생산의 바탕이 된다. 이처럼 경제활동은 서로 긴밀하게 연결되어 순환하고 있다."
350,4학년,경제활동과 지역 간 교류,,자원의 희소성 때문이다.이란 무엇인가요?,O/X 자원의 양이 적으면(희귀한 자원) 그 자원은 무조건 희소한 자원이다.: ( )
351,4학년,경제활동과 지역 간 교류,,"X, 희소성은 자원의 양으로 결정되는 것이 아니라 사람들이 그것을 얼마나 원하이란 무엇인가요?","는지에 따라 달라지므로 어떤 자원의 양이 매우 적어도 그것을 원하는 사람이 없 으면 그 자원은 희소하지 않으며, 그 자원은 희귀할 뿐이다. 어떤 자원의 양이 매 우 많아도 그것을 원하는 사람이 더 많으면 그 자원은 희소하다."
352,4학년,경제활동과 지역 간 교류,,희소성★이란 무엇인가요?,자원의 희소성은 환경(장소나 시대)에 따라 다르게 나타날 수 있다.: ( )★
353,4학년,경제활동과 지역 간 교류,,O(자원의 상대성)이란 무엇인가요?,"자원의 가치가 지역과 문화, 역사에 따라 달라진다는 개념"
354,4학년,경제활동과 지역 간 교류,,자원의 상대성 (아래 내용 함축)이란 무엇인가요?,① 자원의 희소성은 상대적(가변적)인 특징이 있다. ② 자원의 희소성은 장소와 시대에 따라 달라진다.
355,4학년,경제활동과 지역 간 교류,,이때 공연을 관람하면 1만 원의 비용으로 15만 원의 만족을 얻을 것 같지만 이때도이란 무엇인가요?,지불하는 비용이 있다. 선택으로 인해 포기한 것이 있기 때문이다. 바로 공연 관람의 비용 1만 원과 차선인 영화 감상의 만족도인 10만 원을 더해 총 11만 원의 기회비 용이 발생한 것이다. 공연을 관람하기로 한 경우 남은 대안은 영화와 공부이고 두 대안 중에서 가장 가치가 큰 영화 관람의 만족도 10만 원과 다른 곳에 사용하면 가
356,4학년,경제활동과 지역 간 교류,,비용이란 무엇인가요?,어떤 것을 선택한 대가로 얻어지는 여러 가지 이익이나 만족
357,4학년,경제활동과 지역 간 교류,,합리적 선택이란 무엇인가요?,무엇을 통해 합리적 선택을 할 수 있는가?
358,4학년,경제활동과 지역 간 교류,,비용-편익 분석이란 무엇인가요?,"비용과 편익 분석 비용-편익 분석은 일상생활에서 종종 이루어집니다. 여러분은 상점에서 물건을 살 때, 먹고 싶은 음식을 골라 외식을 할 때, 휴식 시간을 어떻게 쓸까 고민할 때마다 비용-편익 분석을 합니다."
359,4학년,경제활동과 지역 간 교류,,보유 효과(부존/소유 효과)이란 무엇인가요?,나 자신뿐만 아니라 공동체의 이익을 고려하는 소비
360,4학년,경제활동과 지역 간 교류,,"바람직한 소비 (⊂ 윤리적 소비, 착한 소비)이란 무엇인가요?","일회용품 사용 자제하기, 이면지 사용하기 등을 실천하는 소비"
361,4학년,경제활동과 지역 간 교류,,환경친화적인 소비이란 무엇인가요?,"물 아껴 쓰기, 전기 절약하기, 대중교통 이용하기 등을 실천하는 소비"
362,4학년,경제활동과 지역 간 교류,,불합리한 소비이란 무엇인가요?,자신의 경제 능력에 비해 필요 이상의 양질의 물건을 소비하는 것
363,4학년,경제활동과 지역 간 교류,,과소비이란 무엇인가요?,자신을 과시하기 위한 소비
364,4학년,경제활동과 지역 간 교류,,과시 소비이란 무엇인가요?,다른 사람을 따라 소비하는 것
365,4학년,경제활동과 지역 간 교류,,모방 소비이란 무엇인가요?,"필요하지도 않고 구매할 계획도 없지만, 가격 또는 디자인, 색깔, 포장 등에 이끌려 충동적으로 소비하는 것"
366,4학년,경제활동과 지역 간 교류,,충동 소비이란 무엇인가요?,생산 활동의 종류 x3 1차 산업
367,4학년,경제활동과 지역 간 교류,,눈에 보이지 않는 시장이란 무엇인가요?,"(예: 주식 시장, 인터넷 쇼핑 등)"
368,4학년,경제활동과 지역 간 교류,,"가계부 쓰기, 저축하기, 알맞은 선택 기준을 세우고 선택 기준에 맞는 물건 고르기,이란 무엇인가요?","사려는 물건의 가격과 정보를 확인하기 등 물건의 가치와 가격을 비교하며 가진 돈의 범위 안에서 가장 만족스러운 물건을 사는 것, ‘값싸고 좋은 물건이면 산다’"
369,4학년,경제활동과 지역 간 교류,,착한 소비(윤리적 소비)이란 무엇인가요?,예 (읽어보기)
370,4학년,경제활동과 지역 간 교류,,지속 가능한 소비 (⊂ 윤리적 소비)이란 무엇인가요?,"[4사07-02] 생산과 소비 활동을 파악하고, 인적·물적 교류의 사례를 통해 각 지역 및 사람들이 상호의존 관계를 맺고 있음을 탐색한다. 성취기준 적용 시 고려 사항"
371,4학년,경제활동과 지역 간 교류,,생산지(=원산지)이란 무엇인가요?,소비자의 알 권리와 선택권을 보장하고 유통 질서를 확립하여 생산자와 소비자를 보호하기 위해 어떤 제품이 어떤 나라의 제품인지 결정하는 규칙
372,4학년,경제활동과 지역 간 교류,,원산지 표시제이란 무엇인가요?,"농수산물 또는 농수산 가공품의 명성·품질, 기타 특징이 본질적으로 특정 지역의 지리적 특성에 기인하는 경우, 그 특정 지역에서 생산된 특산품임을 표시하는 것"
373,4학년,경제활동과 지역 간 교류,,지리적 표시제이란 무엇인가요?,주문자가 요구하는 제품과 상표명으로 완제품을 생산하는 것
374,4학년,경제활동과 지역 간 교류,,푸드 마일이란 무엇인가요?,"곡물과 축산물, 수산물 등 아홉 개 수입 품목을 대상으로 생산지에서 소비지까지 식품 수송량(톤)에 수송 거리(킬로미터)를 곱하여 계산하는 것"
375,4학년,사회 변화와 문화 다양성,,"X, 경제적 교류는 지역뿐만 아니라 개인, 기업, 국가 등 다양한 대상 사이에서이란 무엇인가요?",이루어진다. 경제적 교류가 생기는 까닭
376,4학년,사회 변화와 문화 다양성,,"개인, 기업, 지역, 국가 간 사는 곳의 자연환경과 생산 기술, 자원 등이 다르기 때문이란 무엇인가요?",이다. → 자연환경과 인문환경 차이 (지역 간의) 경제적 교류를 하는 까닭 (장점)
377,4학년,사회 변화와 문화 다양성,,경제적 이익을 얻고 지역을 발전시키며 주민의 편리를 도모하기 위해서이다.이란 무엇인가요?,경제 교류를 통해 세계 각 지역은 ( )지고 ( )하게 되었다.
378,4학년,사회 변화와 문화 다양성,,"더 가까워, 경제적으로 의존이란 무엇인가요?",오늘날 ( )과 ( )의 발달로 경제 교류는 더욱 활발하게 이루어지고 있다.
379,4학년,사회 변화와 문화 다양성,,"교통수단, 통신수단이란 무엇인가요?",지역 간 경제 교류의 모습(방법) (읽기)
380,4학년,사회 변화와 문화 다양성,,"직거래 장터, 기술 교류, 상품 박람회, 자매결연, 축제를 통한 경제 교류 등이란 무엇인가요?",한 지역이나 단체가 다른 지역이나 단체와 서로 돕거나 교류하기 위해 친선 관계를 맺는 일
381,4학년,사회 변화와 문화 다양성,,자매결연이란 무엇인가요?,한 지역이 다른 지역과 경제적으로 교류하는 상품 중 가장 대표적인 상품
382,4학년,사회 변화와 문화 다양성,,대표 상품이란 무엇인가요?,O/X 대표 상품이란 그 지역의 특산물을 말한다.: ( )
383,4학년,사회 변화와 문화 다양성,,"X, 대표 상품은 특산물, 관광 명소, 음식 등 그 종류가 매우 다양하다.이란 무엇인가요?","3. 사회 변화와 문화 다양성 [4사03-01] 최근 사회 변화 양상과 특징을 파악하고, 그로 인해 나타난 생활 모습의 변화를 탐색한다. 성취기준 해설 [4사03-01]은 사례를 통해 저출산, 고령화, 지능정보화 등 최근 사회 변화가 가져온 현상과 특징을 파악하고, 그로 인해 우리의 생활 모습이"
384,4학년,사회 변화와 문화 다양성,,4사03-01 성취기준의 내용은 무엇인가요?,어떻게 변화되는지 분석하도록 설정한 것이다. 이를 통하여 사회 변화에 대응할 수 있는 역량을 기르는 데 초점을 맞추도록 한다.
385,4학년,사회 변화와 문화 다양성,,저출산이란 무엇인가요?,전체 인구에서 노인의 인구 비율이 높아지는 상태
386,4학년,사회 변화와 문화 다양성,,고령화 *2019이란 무엇인가요?,일상생활에서 지식과 정보가 중요해지면서 지식과 정보가 산업과 경제활동 등 사회의 다양한 분야에서 중심 역할을 하게 되는 것
387,4학년,사회 변화와 문화 다양성,,사회 변동(=사회 변화) *2023이란 무엇인가요?,일어나는 까닭 x3 (읽어보기)
388,4학년,사회 변화와 문화 다양성,,사람들의 생각과 의지가 사회를 변화시킨다.이란 무엇인가요?,"현대 사회에서는 과학 기술의 발달과 정보를 전달하는 속도가 빨라지며 사회 변동의 속도도 빨라지고 있다. 사회 변동은 정치, 경제, 문화 등 여러 분야에서 동시에 일어 난다는 특징을 가지고 있다. 그러나 기술이 발전하는 속도를 따라오지 못하는 사람들이 생기며, 정보 격차 *2023, 세대 차이와 같은 문제가 발생할 수 있다. 2015 개정 교육과정에서의 ‘사회 변화’ 학습"
389,4학년,사회 변화와 문화 다양성,,고령화 사회이란 무엇인가요?,"*2019, 2012 전체 인구에서 차지하는 노인 인구의 비중이 14% 이상인 사회"
390,4학년,사회 변화와 문화 다양성,,고령 사회이란 무엇인가요?,전체 인구에서 차지하는 노인 인구의 비중이 20% 이상인 사회
391,4학년,사회 변화와 문화 다양성,,초고령 사회이란 무엇인가요?,저출산으로 변화하는 일상생활 모습
392,4학년,사회 변화와 문화 다양성,,"가족 구성원 수가 줄고, 다양한 가족 형태가 늘어났다.이란 무엇인가요?",고령화로 변화하는 일상생활 모습
393,4학년,사회 변화와 문화 다양성,,노인을 대상으로 하는 제품과 서비스를 생산하는 실버산업이 발달했다.이란 무엇인가요?,경제활동을 할 수 있는 15세에서 64세에 해당하는 인구
394,4학년,사회 변화와 문화 다양성,,생산 가능 인구 (노인은 포함 x)이란 무엇인가요?,종류 x2
395,4학년,사회 변화와 문화 다양성,,실버산업 *2019이란 무엇인가요?,*세계 여러 나라에서 고령화가 진행되면서 실버산업이 발달하고 있다. 음식물을 씹거나 소화하는 데 어려움이 있는 고령층을 대상으로 한 식품
396,4학년,사회 변화와 문화 다양성,,실퍼 푸드이란 무엇인가요?,인구학적 변화가 교육에 미치는 영향 노인 인구가 급속하게 증가함에 따라 노인 복지 비용 또한 급속하게 증가하여 상대적으로 학생에 대한 사회적 투자가 줄어들 수 있다. 과도한 스마트폰 이용으로 개인의 삶에서 스마트폰을 이용하는 생활 유형이 다른 형태보다 두드러지는 것
397,4학년,사회 변화와 문화 다양성,,스마트폰 과의존이란 무엇인가요?,사물에 감지기를 부착하여 사물들을 인터넷을 통해 연결해 실시간으로 서로 정보를 주고받게 하는 기술
398,4학년,사회 변화와 문화 다양성,,사물 인터넷이란 무엇인가요?,종류가 다양하고 양이 방대한 데이터(정보)
399,4학년,사회 변화와 문화 다양성,,"정보 소외(=정보 격차, 디지털 디바이드) *2023이란 무엇인가요?","시, 소설, 음악, 미술, 영화, 연극, 컴퓨터 프로그램 등과 같은 저작물에 대하여 창작자가 가지는 권리"
400,4학년,사회 변화와 문화 다양성,,저작권이란 무엇인가요?,영상 언어에 대한 문해력
401,4학년,사회 변화와 문화 다양성,,미디어 문해력(=미디어 리터러시)이란 무엇인가요?,세계화가 일상생활에 미친 영향
402,4학년,사회 변화와 문화 다양성,,"물건과 자원의 교류, 국경 이동, 문화 교류, 외래어 증가, 전염병 확산 등이란 무엇인가요?",물건을 만든 나라의 노동자들에게 정당한 대가를 주도록 하는 것
403,4학년,사회 변화와 문화 다양성,,4사03-02 성취기준의 내용은 무엇인가요?,주요 개념 및 용어 해설 Ÿ 사람들이 공통적으로 가지고 있는 생활 방식
404,4학년,사회 변화와 문화 다양성,,편견 (→선입견이 굳어져 생김)이란 무엇인가요?,사람이나 말이 어떠할 것이라고 미리 판단해서 품은 생각
405,4학년,사회 변화와 문화 다양성,,차별이란 무엇인가요?,사람이 서로를 구별할 수 있는 특성
406,4학년,사회 변화와 문화 다양성,,차이이란 무엇인가요?,O/X 같은 나라 안에서는 모두 같은 문화를 공유하고 있다.: ( )
407,4학년,사회 변화와 문화 다양성,,"X, 문화는 나라마다 다르기도 하지만, 한 나라 안에서도 다를 수 있다. *2011이란 무엇인가요?",오개념 지도 방안
408,4학년,사회 변화와 문화 다양성,,"세대, 지역, 계층에 따라 달라지는 문화의 사례를 보여준다. *2011이란 무엇인가요?",문화 다양성을 다룰 때의 유의점
409,4학년,사회 변화와 문화 다양성,,문화의 내적 다양성에도 소홀해지지 않도록 다양한 예시를 전개함으로써 문화가이란 무엇인가요?,한 사회 내에서도 다양한 층위를 가지고 있다는 점을 이해하도록 해야 한다.
410,4학년,사회 변화와 문화 다양성,,지역 문화이란 무엇인가요?,"청소년 문화, 노인 문화 등과 같이 세대별로 공유하는 문화"
411,4학년,사회 변화와 문화 다양성,,세대 문화이란 무엇인가요?,문화의 특징 x5 *전학공 축변
412,4학년,사회 변화와 문화 다양성,,"전체성(총체성), 학습성, 공유성, 축적성, 변동성이란 무엇인가요?","노인이나 장애인도 살기 좋은 사회가 되도록 여러 가지 ‘벽(주택이나 공공시설처럼 눈에 보이는 것뿐만 아니라 법, 제도, 편견, 차별과 같은 ’마음의 벽‘ 또한 포함)’을 허물자는 운동"
413,4학년,사회 변화와 문화 다양성,,배리어 프리(barrier free)이란 무엇인가요?,특정 집단에 속하는 사람들이 공통으로 가지고 있다고 생각되는 전형적인 특성에 대한 기대나 신념
414,5학년,국토와 우리 생활 예상↑,,6사01-01 성취기준의 내용은 무엇인가요?,주요 개념 및 용어 해설 정치적으로 하나의 단위를 이루는 국가의 영역을 국가 행정상의
415,5학년,국토와 우리 생활 예상↑,,6사01-02 성취기준의 내용은 무엇인가요?,주요 개념 및 용어 해설 정치적으로 하나의 단위를 이루는 국가의 영역을 국가 행정상의
416,5학년,국토와 우리 생활 예상↑,,행정 구역이란 무엇인가요?,한 국가의 주권이 미치는 공간적 범위
417,5학년,국토와 우리 생활 예상↑,,"영역 (⊃ 영토, 영해, 영공) *2015이란 무엇인가요?",세계 지도나 지구본에서 위치를 찾기 쉽도록 나타낸 가상의 선 (가로/세로)
418,5학년,국토와 우리 생활 예상↑,,기후대에 있어서 위치적 의미가 있음이란 무엇인가요?,위도 0°는 ( )로부터 시작한다.
419,5학년,국토와 우리 생활 예상↑,,적도이란 무엇인가요?,위도가 높을수록 ( )에 가깝고 낮을수록 ( )에 가깝다.
420,5학년,국토와 우리 생활 예상↑,,극지방 / 적도이란 무엇인가요?,위도는 ( )를 결정짓는 중요한 원인이다. ★
421,5학년,국토와 우리 생활 예상↑,,기후대이란 무엇인가요?,저위도=( ) 기후 / 중위도=( ) 기후 / 고위도=( ) 기후
422,5학년,국토와 우리 생활 예상↑,,시간적 의미가 있음이란 무엇인가요?,"경도 0°는 ( )를 지나는 ( )을 중심으로 설정되었으며, ( )과 ( )을 나누는 기준이 된다."
423,5학년,국토와 우리 생활 예상↑,,그리니치 천문대 / 본초 자오선 / 동쪽 / 남쪽이란 무엇인가요?,경도에 따라 ( )의 차이가 발생한다. ★
424,5학년,국토와 우리 생활 예상↑,,시간(대)이란 무엇인가요?,본초 자오선을 기준으로 ( )°마다 ( )씩의 차이가 발생하며 동쪽으로 갈수록 ( ).
425,5학년,국토와 우리 생활 예상↑,,15 / 1시간 / 시간이 빨라진다이란 무엇인가요?,지구 표면에 거대한 면적을 가진 육지
426,5학년,국토와 우리 생활 예상↑,,대륙이란 무엇인가요?,"대륙에서 바다 쪽으로 길게 내민 땅으로, 삼면이 바다로 둘러싸이고 한 면은 육지에 이어진 땅"
427,5학년,국토와 우리 생활 예상↑,,반도이란 무엇인가요?,"어떤 것이 차지하고 있는 자리를 뜻하는 것으로, 무엇이 어디에 있는지를 나타내는 것. 어떤 사물과 장소가 지표상에 차지하고 있는 자리"
428,5학년,국토와 우리 생활 예상↑,,위치이란 무엇인가요?,위치 x2 ★
429,5학년,국토와 우리 생활 예상↑,,지리적 위치이란 무엇인가요?,위도와 경도를 사용해 나타내는 위치
430,5학년,국토와 우리 생활 예상↑,,수리적 위치이란 무엇인가요?,한 지역의 위치를 다른 지역 및 사물과 관련하여 묘사하는 방법 ② 상대적(가변적) 위치 *3~4학년 *2023
431,5학년,국토와 우리 생활 예상↑,,관계적 위치이란 무엇인가요?,"우리나라의 위치 지리적 위치- 아시아 대륙의 ( )쪽에, 북태평양의 ( )쪽에 위치한다."
432,5학년,국토와 우리 생활 예상↑,,동 / 서이란 무엇인가요?,"수리적 위치- 북위 ( ), 동경 ( )이다."
433,5학년,국토와 우리 생활 예상↑,,33°~43° / 124°~132°이란 무엇인가요?,관계적 위치- 동북아시아의 ( )이며 태평양 시대의 중심 국가이다.
434,5학년,224km),,남쪽 끝 혹은 북쪽 끝과 적도와 수평이 되는 위선을 찾는다.이란 무엇인가요?,우리 국토의 경도를 찾는 방법
435,5학년,224km),,동쪽 끝 혹은 서쪽 끝과 본초 자오선과 수평을 이루는 경선을 찾는다.이란 무엇인가요?,아시아와 유럽의 여러 나라를 연결하는 고속도로
436,5학년,224km),,아시안 하이웨이이란 무엇인가요?,영역 한 나라의 ( )이 미치는 범위
437,5학년,224km),,주권(영토+영해+영공) *2019이란 무엇인가요?,영토 영토란?
438,5학년,224km),,국가의 주권이 미치는 육지의 범위이란 무엇인가요?,우리나라 헌법 제3조에는 대한민국의 영토는 ( )로 한다고 명시되어 있다.
439,5학년,224km),,한반도와 그 부속 도서(한반도 주변에 있는 섬들)이란 무엇인가요?,우리나라의 영토를 말할 때에는 ( )을 포함한다.
440,5학년,224km),,남한과 북한이란 무엇인가요?,영토가 어디인지에 따라 ( )이 정해진다.
441,5학년,224km),,영해와 영공이란 무엇인가요?,우리나라 영토의 4극 (   ) Ÿ 경상북도 울릉군 ( ) 극동Ÿ 독도 동도 *2019
442,5학년,224km),,서해안은 직선 기선을 적용하므로 간척사업을 해도 영해의 범위는 변하지 않는다.이란 무엇인가요?,영해 ★ 영해란?
443,5학년,224km),,국가의 주권이 미치는 바다(해수면과 해저를 모두 포함)의 범위이란 무엇인가요?,영해 설정 기준선★ *2019
444,5학년,224km),,영해가 넓어진다.이란 무엇인가요?,"제주도와 울릉도, 독도는 ( )을 기준으로 영해가 설정된다."
445,5학년,224km),,통상 기선이란 무엇인가요?,영해 설정 기준선에서 ( )까지를 영해로 설정한다.
446,5학년,224km),,12해리(=22.224km)이란 무엇인가요?,부산과 쓰시마 섬 사이의 대한 해협은 ( )을 바탕으로 ( )까지를 영해로 설정하였다.
447,5학년,224km),,직선 기선 / 3해리이란 무엇인가요?,영해에서 해당 국가에 있는 권리 x2 ① 경찰권 ② 자원 관할권 등 모든 권리가 해당 국가에 있음 해당 국가가 경제적 권리를 가지는 수역
448,5학년,224km),,배타적 경제 수역 (EEZ)이란 무엇인가요?,영해 기선으로부터 200해리까지의 범위 중 영해를 제외한 ( )해리이다.
449,5학년,224km),,188이란 무엇인가요?,권리 x3 ① 자원 채굴권 ② 어업권 ③ 환경 보호권 → 이러한 권리는 해당 국가에 있음 O/X 배타적 경제 수역에서는 다른 나라 배나 비행기들이 허락을 받지
450,5학년,224km),,영토와 영해의 수직 상공이란 무엇인가요?,영공은 일반적으로 ( )를 말하며 ( )은 포함하지 않는다.
451,5학년,224km),,비무장 지대이란 무엇인가요?,"우리나라 영토의 가장 서남쪽에 위치하여 국토의 동쪽 끝인 독도, 남쪽 끝인 마라도와 함께 우리 영해를 지키는 상징적인 ‘끝 섬’ 중 하나"
452,5학년,224km),,가거도이란 무엇인가요?,국토 한 나라의 ( )이 미치는 범위
453,5학년,224km),,통치권이란 무엇인가요?,국토의 여러 가지 의미 x3
454,5학년,224km),,"생활 공간, 생존 공간, 후손들이 살아갈 터전이란 무엇인가요?",자연환경에 따른 우리 국토의 구분
455,5학년,224km),,"북부 지방, 중부 지방, 남부 지방이란 무엇인가요?",북부 지방
456,5학년,224km),,북한이란 무엇인가요?,중부 지방
457,5학년,224km),,"소백산맥, 금강 하류 [수도권(서울, 인천, 경기) + 충청, 강원]이란 무엇인가요?",남부 지방
458,5학년,224km),,"중부, 남부 [전라도, 경상도, 제주도]이란 무엇인가요?","산, 호수, 강, 바다 등을 기준으로 한 전통적인 지역 구분 오늘날 ( )을 정하는 기초"
459,5학년,224km),,행정 구역이란 무엇인가요?,관북/관서 지방의 기준
460,5학년,224km),,철령관이란 무엇인가요?,관동 지방) 영동/영서 지방의 기준
461,5학년,224km),,태백산맥(대관령)이란 무엇인가요?,영남 지방
462,5학년,224km),,조령 고개의 남쪽이란 무엇인가요?,해서 지방
463,5학년,224km),,경기해의 서쪽이란 무엇인가요?,경기 지방
464,5학년,224km),,왕이 사는 도읍의 주변 지역이란 무엇인가요?,호서/호남 지방의 기준
465,5학년,224km),,금강(호강)이란 무엇인가요?,우리나라의 행정 구역 특별시(1)
466,5학년,224km),,서울이란 무엇인가요?,특별자치시(1)
467,5학년,224km),,세종이란 무엇인가요?,광역시(6)
468,5학년,224km),,"경기, 충청북, 충청남, 전라남, 경상북, 경상남이란 무엇인가요?",특별자치도(3)
469,5학년,224km),,"제주, 강원, 전북이란 무엇인가요?","특별시, 특별자치시, 광역시에는 ( )이 있고, 도와 특별자치도에는 ( )이 있다."
470,5학년,224km),,"시청, 도청이란 무엇인가요?",어떤 지리적 사고력? 우리나라 행정 구역의 위치 알아보기
471,5학년,224km),,분포적 사고이란 무엇인가요?,"2) 우리 국토의 자연환경 [6사01-03] 우리나라의 기후환경 및 지형환경에서 나타나는 특성을 탐구한다. [6사01-04] 우리나라 자연재해의 종류 및 대책을 탐색하고, 그와 관련된 생활 안전 수칙을 실천하는 태도를 지닌다. → 2015 신설 주요 개념 및"
472,5학년,224km),,6사01-03 성취기준의 내용은 무엇인가요?,"주요 개념 및 용어 해설 산, 평야, 하천, 해안과 같은 지표면의 다양한 모습(=땅의 모양)"
473,5학년,224km),,6사01-04 성취기준의 내용은 무엇인가요?,"주요 개념 및 용어 해설 산, 평야, 하천, 해안과 같은 지표면의 다양한 모습(=땅의 모양)"
474,5학년,224km),,지형이란 무엇인가요?,한 지역에서 오랜 기간에 걸쳐 나타나는 종합적이고 평균적인 대기 상태
475,5학년,224km),,강수량 (↔강우량: 비의 양)이란 무엇인가요?,하루 정도의 짧은 시간 동안에 나타나는 대기 상태
476,5학년,224km),,날씨이란 무엇인가요?,"태풍, 가뭄, 홍수, 지진, 화산 폭발, 해일과 같이 피할 수 없는 자연 현상이 사람들의 생명과 재산에 피해를 주는 것"
477,5학년,224km),,자연재해이란 무엇인가요?,우리 나라의 지형 바다로 둘러싸인 땅
478,5학년,224km),,하천(강)이란 무엇인가요?,하천 주변으로 넓고 평탄한 땅
479,5학년,224km),,"평야(=들, 벌)이란 무엇인가요?",높이 솟은 산들이 모여 이룬 지형
480,5학년,224km),,산지이란 무엇인가요?,원래 평평했던 땅이 점차 높아지면서 만들어진 해발 고도가 높은 평평한 땅
481,5학년,224km),,고원이란 무엇인가요?,오랜 침식 작용을 받아 평탄해진 면이 융기한 후에도 높은 고도에 평평하게 남아 있는 지형
482,5학년,224km),,"동쪽과 북쪽에 높은 산들이 있어(동고서저 지형) 하천(강)이 동쪽에서 서쪽으로, 북이란 무엇인가요?",쪽에서 남쪽으로 흐르기 때문에 강의 하류인 서쪽과 남쪽에 평야가 발달해 있다. 우리나라 해안의 특징 넓은 모래사장이 길게 뻗어 있어 여름이 되면 해수욕을
483,5학년,224km),,동해안이란 무엇인가요?,"Q. 우리나라 해수욕장은 어디에 발달했을까요? A. 동해안에 발달했습니다. 서해안과 남해안도 해수욕장 으로 이용되는 모래사장이 곳곳에 있지만, 서해안에 는 갯벌이 많고 남해안에는 섬이 많아 동해안보다는"
484,5학년,224km),,서해안이란 무엇인가요?,"물이 깨끗하고 파도가 잔잔해 김, 조개류 등의 양식업이 발달 했다."
485,5학년,224km),,남해안이란 무엇인가요?,백두대간이 한반도의 동쪽에 치우쳐 있어 동쪽은 ( ) 서쪽은 ( ) 우리나라의 지형을 ( ) 지형이라고 한다.
486,5학년,224km),,"기온, 강수량, 바람이란 무엇인가요?",기온 기온이 같은 곳을 연결한 선
487,5학년,224km),,등온선이란 무엇인가요?,이용하는 그래프
488,5학년,224km),,꺾은선 그래프이란 무엇인가요?,우리나라 남북 기온 차가 큰 이유?
489,5학년,224km),,저위도인 남부 지방으로 갈수록 기온이 높아지고 고위도인 북부 지방으로 갈수록이란 무엇인가요?,기온이 낮아진다. 겨울에 동쪽이 서쪽보다 더 따뜻한 이유?
490,5학년,224km),,차가운 북서풍을 막아주는 태백산맥과 수심이 깊은 동해의 영향으로 겨울에는이란 무엇인가요?,동쪽이 서쪽보다 따뜻하다. (→ 수심이 깊어 바닷물이 빨리 식지 않음) 해안 지역과 내륙 지역 중 겨울에 더 따뜻한 지역은?
491,5학년,224km),,바다에 접한 해안 지역이 그렇지 않은 내륙 지역보다 더 따뜻하다.이란 무엇인가요?,대구의 8월 기온이 다른 지역에 비해 높은 이유?
492,5학년,224km),,"대구는 내륙 지역이므로 여름철에 공기가 쉽게 데워지고, 데워진 공기는 빠져이란 무엇인가요?",나가기 어렵기 때문이다. 서해안에서 천일제염업이 발달한 까닭은?
493,5학년,224km),,"염전을 만들기 좋은 갯벌이 있고, 강수량이 적고 일조량이 크기 때문이다.이란 무엇인가요?","강수량 우리나라 연평균 강수량은 세계 평균보다? + 이용하는 그래프? - 많은 편임 (1,300mm) / 막대그래프 다우지와 소우지 (읽어보기)"
494,5학년,224km),,내륙 지역보다는 해안 지역의 강수량이 더 많다. → 해안 지역 주변에 높은이란 무엇인가요?,산이 있기 때문 (높은 산이 가까이에 없는 해안 지역은 강수량 적음) 계절별 강수량의 특징
495,5학년,224km),,제주도/영동지방/울릉도 등의 지역은 비나 눈이 많이 내려서 겨울에도 강수량이이란 무엇인가요?,많은 편이다.
496,5학년,224km),,저수지이란 무엇인가요?,집이 물에 잠기는 것을 막으려고 집터를 주변보다 높여서 지은 집
497,5학년,224km),,터돋움집이란 무엇인가요?,울릉도에서 눈이 집으로 들어오는 것을 막고 집 안에서 생활하기 편리하도록 설치한 외벽
498,5학년,224km),,우데기이란 무엇인가요?,영동 지방이나 울릉도와 같이 눈이 많이 내리는 지역에 서 눈에 빠지거나 미끄러지지 않도록 신은 덧신
499,5학년,224km),,설피이란 무엇인가요?,관련 지리적 사고력?
500,5학년,224km),,관계적 사고이란 무엇인가요?,바람 의미
501,5학년,224km),,공기가 움직이는 것이란 무엇인가요?,기후요인 종류
502,5학년,224km),,"위도★, 수륙 분포, 지형, 해류, 기단 등이란 무엇인가요?",기단 우리나라에 영향을 미치는 기단 시베리아 기단 한랭·건조
503,5학년,224km),,"남동, 덥고 습한 바람(북태평양 기단), 북서, 차갑고 건조한 바람(시베리아 기단)이란 무엇인가요?",봄에 주로 발생하는 자연재해
504,5학년,224km),,"황사, 가뭄이란 무엇인가요?",여름과 가을 사이에 발생하는 자연재해
505,5학년,224km),,"폭염, 홍수, 태풍이란 무엇인가요?",겨울에 주로 발생하는 자연재해
506,5학년,224km),,"폭설, 한파이란 무엇인가요?",3) 우리 국토의 인문환경 [6사01-05] 우리나라의 인구 분포 및 구조에서 나타난 변화와 도시 발달 과정에서 나타난 특징을 탐구한다. [6사01-06] 우리나라의 산업구조의 변화와 교통 발달 과정에서 나타난 특징을 탐구한다. 교수·학습 방법
507,5학년,224km),,6사01-05 성취기준의 내용은 무엇인가요?,"교수·학습 방법 및 유의 사항 국토 영역이나 지역 구분 등의 주제에서는 백지도 활용 학습을, 자연재해에 대한 대책 모색의 경우에는 문제 해결 학습을, 인구 분포나 산업구조 변"
508,5학년,224km),,6사01-06 성취기준의 내용은 무엇인가요?,"교수·학습 방법 및 유의 사항 국토 영역이나 지역 구분 등의 주제에서는 백지도 활용 학습을, 자연재해에 대한 대책 모색의 경우에는 문제 해결 학습을, 인구 분포나 산업구조 변"
509,5학년,224km),,인구이란 무엇인가요?,사람들이 일정한 지표 범위에 흩어져 있거나 모여 있는 상태
510,5학년,224km),,인구 분포(=인구 밀도) ← 자연환경과 인문환경이 큰 영향을 미침이란 무엇인가요?,연령별/성별/산업별 등을 기준으로 한 어떤 인구 집단의 구성 상태
511,5학년,224km),,교통이란 무엇인가요?,연령별 인구 구성(+해당 나이) x3
512,5학년,224km),,유소년층(14세 이하) / 청장년층(15~64세) / 노년층(65세 이상)이란 무엇인가요?,연령별 인구 구성 비율의 변화: 유소년층 ~ 노년층 ~.
513,5학년,224km),,"유소년층 인구 비율은 크게 줄었으며, 노년층 인구 비율은 크게 늘었다.이란 무엇인가요?",평균 수명의 증가에 따라 총인구 중에 차지하는 고령층(노인)의 인구 비율이 점차로 많아지는 사회 현상
514,5학년,224km),,표주박형이란 무엇인가요?,인구 피라미드의 밑변이 넓을수록(전형적인 피라미드 형태일수록) 출생률이 ( ).
515,5학년,224km),,인구 성장이란 무엇인가요?,지난해에 비해 인구가 몇 % 증가했는지를 나타내는 지표
516,5학년,224km),,인구 성장률이란 무엇인가요?,인구가 증가했다는 것은 ( )는 뜻이다. 반대로 인구가 감소했다면 ( ) 경우이다.
517,5학년,224km),,태어나는 사람이 죽는 사람보다 많다 / 태어나는 사람보다 죽은 사람이 많은이란 무엇인가요?,인구 성장률이 0보다 크면 ( )는 의미이고 0보다 작으면 ( )는 뜻이다.
518,5학년,224km),,"인구가 늘어난다, 인구가 줄어든다이란 무엇인가요?",2030년에는 인구 성장률이 0이 되어 인구 성장이 ( ) 것으로 예상된다.
519,5학년,224km),,멈출이란 무엇인가요?,국가의 인구 증감을 계산하는 방법
520,5학년,224km),,출생자 수 – 사망자 수 ± 이민자 수이란 무엇인가요?,지역의 인구 증감을 계산하는 방법
521,5학년,224km),,(지역의) 출생자 수 - (지역의) 사망자 수 + 전입 - 전출이란 무엇인가요?,어느 순간을 기점으로 한 국가나 구성원의 생산 가능 인구(15~64세)가 급격히 줄 어들어 역삼각형의 인구 분포를 보이며 특히 소비를 가장 많이 하는 40대 중후반 인구가 줄어 대대적인 소비 위축 현상이 발생하는 것
522,5학년,224km),,인구 절벽이란 무엇인가요?,우리나라의 예상 인구 성장 및 그로 인한 사회 변화
523,5학년,224km),,1960년대 이전까지는 벼농사 중심의 농업사회였어서 농사지을 땅이 넓은이란 무엇인가요?,남서쪽의 평야 지역에 사람들이 많이 모여 살았기 때문이다. 대도시 지역에 인구 밀도가 높은 까닭 (사회·경제적 요인)
524,5학년,224km),,1960년대 이후 도시를 중심으로 산업화가 되면서 촌락에 사는 사람들이 일자리를이란 무엇인가요?,찾아 도시로 이동했기 때문이다. 약 30년 뒤에 지역이 없어질 가능성을 의미하는 지수
525,5학년,224km),,도시화이란 무엇인가요?,우리나라의 도시화 과정 *대공신 1960년대
526,5학년,224km),,"도시화가 진행되어 일자리나 교육, 각종 편의 시설의 이용 기회를 얻기 위해 도시로이란 무엇인가요?",인구가 모여들고 도시의 수는 늘어나는 대신 촌락의 인구는 줄어들게 된다.
527,5학년,224km),,산업화이란 무엇인가요?,우리나라의 산업화 과정 1960년대 이전
528,5학년,224km),,동해이란 무엇인가요?,풍부한 노동력을 바탕으로 섬유와 패션 산업이 성장했다.
529,5학년,224km),,대구광역시이란 무엇인가요?,원료를 수입하고 제품을 수출하기 좋은 해안가에 위치해 물류 산업이 발달했다.
530,5학년,224km),,부산광역시이란 무엇인가요?,독특하고 아름다운 자연환경 덕분에 관광 산업이 발달했다.
531,5학년,224km),,제주특별자치도이란 무엇인가요?,자동차 산업이 발달했다.
532,5학년,224km),,광주광역시이란 무엇인가요?,연구소와 대학교가 협력해 첨단 산업이 성장했다.
533,5학년,224km),,대전광역시이란 무엇인가요?,"편리한 교통, 넓은 소비 시장을 바탕으로 다양한 산업이 발달했다."
534,5학년,224km),,서울특별시이란 무엇인가요?,도시화와 산업화의 관계
535,5학년,224km),,산업화가 진전되면 자연적으로 1차 산업의 비중은 작아지고 2차와 3차 산업의 비이란 무엇인가요?,중이 커지게 되므로(산업화가 진행될수록 산업 구조가 점차 고도화되므로) 산업의 발달은 결국 도시화를 의미한다. 신도시(위성도시)의 건설 목적(기능)
536,5학년,224km),,공업 기능 분담이란 무엇인가요?,위성도시=신도시
537,5학년,224km),,행정 기능 분담 *2021이란 무엇인가요?,"도시가 빠르게 팽창하면서 외곽으로 주택, 공장 등이 무질서하게 퍼져 나가는 것"
538,5학년,224km),,도시 스프롤 현상이란 무엇인가요?,유사 업종에서 다른 기능을 수행하는 기업 및 기관들이 한곳에 모여 있는 산업 집적지
539,5학년,224km),,클러스터 (ex. 미국의 실리콘밸리)이란 무엇인가요?,국민 경제 발전을 목적으로 5년 단위로 짜여 추진되었던 경제 계획
540,5학년,224km),,통신이란 무엇인가요?,교통망의 발달로 사람과 물자 이동이 활발해지면서 ( )와 ( )는 더욱 촉진된다.
541,5학년,224km),,"산업화, 도시화이란 무엇인가요?",사람들이 행정 구역과는 관계없이 일상생활을 하느라고 활동하는 범위
542,5학년,224km),,생활권 *2021이란 무엇인가요?,어떤 교통수단을 이용할 때 어느 지점에서 특정 지점까지 소요되는 시간
543,5학년,224km),,시간 거리 *2021이란 무엇인가요?,시간 거리의 감소에 영향을 미치는 변화
544,5학년,224km),,"사람들이 느끼는 국토의 크기가 상대적으로 작아졌고, 생활권은 넓어졌다.이란 무엇인가요?",고속도로나 고속철도의 개통으로 대도시가 주변 중소 도시의 인구나 경제력을 흡수하는 대도시 집중 현상
545,5학년,224km),,빨대 효과이란 무엇인가요?,도시와 농촌 사이의 점이 지대
546,5학년,224km),,교외이란 무엇인가요?,기능적 측면에서의 구분
547,5학년,224km),,혼합 교외이란 무엇인가요?,중심 도시의 기능이 주변 지역에 원심적으로 확대되는 현상과 과정★
548,5학년,224km),,교외화★이란 무엇인가요?,이루어지는 데 가장 중요한 배경이 되는 것
549,5학년,224km),,교통 체계의 발달과 확충이란 무엇인가요?,"인문환경의 변화에 따라 달라진 국토의 모습을 살펴보기 ( ) 봄으로써 ( ), ( ), ( ), ( ) 네 가지 요소가 서로"
550,5학년,인권 존중과 정의로운 사회,,6사02-01 성취기준의 내용은 무엇인가요?,주요 개념 및 용어 해설 Ÿ 사람이라면 누구나 태어나면서부터 당연히 가지는 기본적 권리
551,5학년,인권 존중과 정의로운 사회,,6사02-02 성취기준의 내용은 무엇인가요?,주요 개념 및 용어 해설 Ÿ 사람이라면 누구나 태어나면서부터 당연히 가지는 기본적 권리
552,5학년,인권 존중과 정의로운 사회,,인권(=천부 인권)이란 무엇인가요?,인권을 존중하는 의식이 점차 확대되고 성장하는 것
553,5학년,인권 존중과 정의로운 사회,,인권 신장이란 무엇인가요?,인간으로서 존중받고 행복하게 살아가기 위해 가지고 있는 기본적인 권리인 인권의 보장
554,5학년,인권 존중과 정의로운 사회,,인권 보장이란 무엇인가요?,인권 인권은 ( )를 초월하는 개념이다.
555,5학년,인권 존중과 정의로운 사회,,국가이란 무엇인가요?,O/X 인권과 기본권은 동일한 개념이다. :( )
556,5학년,인권 존중과 정의로운 사회,,인권을 헌법으로 보장한 것이 기본권이란 무엇인가요?,인권의 구분 x2 + 각각 어떨 때 보장을 받을 수 있는지★ 자유권
557,5학년,인권 존중과 정의로운 사회,,자유권적 인권이란 무엇인가요?,2세대 인권국가의 적극적인 개입으로 인간다운 삶의 조건을 누리는 상태
558,5학년,인권 존중과 정의로운 사회,,사회권적 인권이란 무엇인가요?,3세대 인권공동체에 대한 연대 책임을 강조하는 상태
559,5학년,인권 존중과 정의로운 사회,,연대권/발전권 ← 1·2세대 인권을 보완하는 성격이란 무엇인가요?,세계 여러 나라가 모여 만 18세 미만의 어린이와 청소년의 모든 권리가 담긴 협약
560,5학년,인권 존중과 정의로운 사회,,마틴 루서 킹이란 무엇인가요?,인권 신장을 위한 옛날의 여러 제도 ★ 억울한 일을 당한 사람이 임금의 행차 때 징이나 꽹과리를
561,5학년,인권 존중과 정의로운 사회,,격쟁이란 무엇인가요?,억울한 일이 있을 때 대궐 밖에 설치된 북을 쳐서 임금에게 알림
562,5학년,인권 존중과 정의로운 사회,,신문고 제도이란 무엇인가요?,신분과 관계없이 억울한 일을 문서에 써서 임금에게 호소
563,5학년,인권 존중과 정의로운 사회,,삼복제이란 무엇인가요?,+ 조선 시대에 나라를 다스리는 기준이 된 법전
564,5학년,인권 존중과 정의로운 사회,,임대 주택 건설이란 무엇인가요?,"2) 법의 의미와 역할 [6사02-05] 우리 생활 속에서 법이 적용되는 다양한 사례를 제시하고 법의 의미와 성격을 설명한다. [6사02-06] 법의 역할을 권리 보호와 질서 유지의 측면에서 설명하고, 법을 준수하는 태도를 기른다. 교수·학습 방법"
565,5학년,인권 존중과 정의로운 사회,,6사02-05 성취기준의 내용은 무엇인가요?,"교수·학습 방법 및 유의 사항 Ÿ 문제 상황(시민의 권리 침해, 사회질서 침해 등)을 설정하여 관련 인물들(경찰관, 판사, 변호사 등)이 할 수 있는 행동을 시연해보고 행동의 과정과"
566,5학년,인권 존중과 정의로운 사회,,6사02-06 성취기준의 내용은 무엇인가요?,"교수·학습 방법 및 유의 사항 Ÿ 문제 상황(시민의 권리 침해, 사회질서 침해 등)을 설정하여 관련 인물들(경찰관, 판사, 변호사 등)이 할 수 있는 행동을 시연해보고 행동의 과정과"
567,5학년,인권 존중과 정의로운 사회,,도덕이란 무엇인가요?,법률이나 규칙을 따라 지키는 것
568,5학년,인권 존중과 정의로운 사회,,준법이란 무엇인가요?,법을 잘 지키려는 마음의 자세와 태도
569,5학년,인권 존중과 정의로운 사회,,준법정신이란 무엇인가요?,사회 규범 종류
570,5학년,인권 존중과 정의로운 사회,,"관습, 종교, 도덕, 법이란 무엇인가요?",법 vs 도덕 공통점 *2017
571,5학년,인권 존중과 정의로운 사회,,사회 규범이다.이란 무엇인가요?,차이점 *2017 도덕
572,5학년,인권 존중과 정의로운 사회,,"강제성, 가변성이란 무엇인가요?",역할 x2
573,5학년,인권 존중과 정의로운 사회,,사회질서 유지이란 무엇인가요?,자신이 위험해지지 않는데도 위험에 처한 사람을 고의로 구조하지 않는 사람을 처벌하는 법
574,5학년,인권 존중과 정의로운 사회,,착한 사마리아인의 법이란 무엇인가요?,분류 ‘개인-개인 간의 관계’를 규율하는지 ‘개인-국가 간의 관계’를 규율하는지에 따라 3가지로 나뉨
575,5학년,인권 존중과 정의로운 사회,,민법이란 무엇인가요?,기업의 경제생활 관계를 규정한 법
576,5학년,인권 존중과 정의로운 사회,,상법이란 무엇인가요?,공법 범죄의 종류와 형벌의 정도를 정해놓는 법
577,5학년,인권 존중과 정의로운 사회,,형법이란 무엇인가요?,재판의 절차를 정해놓는 법
578,5학년,인권 존중과 정의로운 사회,,소송법이란 무엇인가요?,행정의 조직과 작용 및 구제에 관한 법
579,5학년,인권 존중과 정의로운 사회,,행정법이란 무엇인가요?,국가의 최고 법규
580,5학년,인권 존중과 정의로운 사회,,헌법이란 무엇인가요?,"사법, 공법과 달리 개인 생활 영역에 국가가 개입해 권리와 의무 관계를 규정한 것"
581,5학년,인권 존중과 정의로운 사회,,사회법이란 무엇인가요?,"3) 헌법과 인권 보장 [6사02-03] 인권 보장 측면에서 헌법의 의미와 역할을 탐구하고, 그 중요성을 설명한다. [6사02-04] 헌법에서 규정하는 기본권과 의무가 일상생활에 적용된 사례를 조사하고, 권리와 의무의 조화를 추구하는 자세를 기른다. 주요 개념 및"
582,5학년,인권 존중과 정의로운 사회,,6사02-03 성취기준의 내용은 무엇인가요?,주요 개념 및 용어 해설 Ÿ 국민의 자유와 권리를 보장해 국민이 진정한 국가의 주인이 되는
583,5학년,인권 존중과 정의로운 사회,,6사02-04 성취기준의 내용은 무엇인가요?,주요 개념 및 용어 해설 Ÿ 국민의 자유와 권리를 보장해 국민이 진정한 국가의 주인이 되는
584,5학년,인권 존중과 정의로운 사회,,기본권이란 무엇인가요?,어떤 일을 하거나 누릴 수 있는 힘이나 자격
585,5학년,인권 존중과 정의로운 사회,,권리 / 의무 / 기본 원칙이란 무엇인가요?,"헌법은 국민의 ( ), 인간다운 생활, 개인 존중, 행복한 삶을 보장하며, 궁극적으로 ( )을 위한 것이다."
586,5학년,인권 존중과 정의로운 사회,,"자유와 권리, 인간 존엄이란 무엇인가요?",헌법의 내용을 새로 정하거나 고칠 때는 ( )를 해야 한다.
587,5학년,인권 존중과 정의로운 사회,,국민 투표 : 국가의 중요한 일을 국민이 최종적으로 투표해 결정하는 제도이란 무엇인가요?,"대한민국 헌법 제1조 ① 대한민국은 ( )이다. ② 대한민국의 ( )은 ( )에게 있고, 모든 권력은 ( )으로부터 나온다."
588,5학년,인권 존중과 정의로운 사회,,"주권, 국민, 국민이란 무엇인가요?","제10조 모든 국민은 인간으로서의 존엄과 가치를 가지며, 행복을 추구할 권리를 갖는다. → 관련 기본권 명칭?"
589,5학년,인권 존중과 정의로운 사회,,인간의 존엄과 가치 및 행복 추구권이란 무엇인가요?,헌법과 다른 법과의 관계
590,5학년,인권 존중과 정의로운 사회,,"헌법을 바탕으로 여러 법을 만들며, 그 법들은 헌법에 어긋나서는 안 된다.이란 무엇인가요?",법의 위계 x4
591,5학년,인권 존중과 정의로운 사회,,권한 쟁의 심판이란 무엇인가요?,"헌법 재판소에는 ( )명의 재판관이 있으며, 중요한 결정을 내릴 때는 ( )명 이상이 찬성해야 한다."
592,5학년,인권 존중과 정의로운 사회,,"9, 6이란 무엇인가요?","국민의 5대 기본권★ *구평회 참자 법을 공평하게 적용받아 성별, 종교, 사회적 지위에 따라 차별"
593,5학년,인권 존중과 정의로운 사회,,선거권이란 무엇인가요?,공무원이 되어 나랏일을 할 수 있는 권리
594,5학년,인권 존중과 정의로운 사회,,공무 담임권이란 무엇인가요?,권리가 침해당했을 때 국가에 일정한 요구를 할 수 있는 권리 ④ 청구권 *2017 법률에 의한 재판을 받을 권리
595,5학년,인권 존중과 정의로운 사회,,재판 청구권이란 무엇인가요?,국가 기관에 문서로 청원할 권리
596,5학년,인권 존중과 정의로운 사회,,청원권이란 무엇인가요?,인간답게 살 수 있도록 국가에 요구할 수 있는 권리 ⑤ 사회권 교육받을 권리
597,5학년,인권 존중과 정의로운 사회,,교육권이란 무엇인가요?,쾌적한 환경에서 생활할 권리
598,5학년,인권 존중과 정의로운 사회,,환경권이란 무엇인가요?,근로의 권리
599,5학년,인권 존중과 정의로운 사회,,근로권이란 무엇인가요?,국민의 6대 기본권
600,5학년,인권 존중과 정의로운 사회,,자유권이란 무엇인가요?,[제11조 제1항] 모든 국민은 법 앞에 평등하다.
601,5학년,인권 존중과 정의로운 사회,,평등권이란 무엇인가요?,[제24조] 모든 국민은 법률이 정하는 바에 의하여 선거권을 가진다.
602,5학년,인권 존중과 정의로운 사회,,참정권이란 무엇인가요?,[제14조] 모든 국민은 거주 이전의 자유를 가진다.
603,5학년,인권 존중과 정의로운 사회,,자유권이란 무엇인가요?,[제35조 제1항] 모든 국민은 건강하고 쾌적한 환경에서 생활할 권리를 가진다.
604,5학년,인권 존중과 정의로운 사회,,사회권이란 무엇인가요?,[제27조 제1항] 모든 국민은 헌법과 법률이 정한 법관에 의하여 법률에 의한 재판을 받을 권리를 가진다.
605,5학년,인권 존중과 정의로운 사회,,청구권이란 무엇인가요?,[제25조] 모든 국민은 법률이 정하는 바에 의하여 공무 담임권을 가진다.
606,5학년,인권 존중과 정의로운 사회,,참정권이란 무엇인가요?,[제26조 제1항] 모든 국민은 법률이 정하는 바에 의하여 국가 기관에 문서로 청원할 권리를 가진다.
607,5학년,인권 존중과 정의로운 사회,,청구권이란 무엇인가요?,[제31조 제1항] 모든 국민은 능력에 따라 균등하게 교육을 받을 권리가 있다.
608,5학년,인권 존중과 정의로운 사회,,사회권이란 무엇인가요?,[제21조 제1항] 모든 국민은 언론·출판의 자유와 집회·결사의 자유를 가진다.
609,5학년,인권 존중과 정의로운 사회,,제21조 제1항 성취기준의 내용은 무엇인가요?,- 자유권 Ÿ 결사: 여러 사람이 같은 목적을 위해 단체를 조직하는 것 또는 그 단체 기본권 제한에 대한 규정★
610,5학년,인권 존중과 정의로운 사회,,자유권 Ÿ 결사: 여러 사람이 같은 목적을 위해 단체를 조직하는 것 또는 그 단체이란 무엇인가요?,"기본권 제한에 대한 규정★ 기본권은 ( ), ( ), ( ) 등을 위해 필요한 경우 ( )에 따라 제한할 수도 있으나"
611,5학년,인권 존중과 정의로운 사회,,자유와 권리의 본질적인 내용(본래 내용)을 침해이란 무엇인가요?,"국민의 6대 의무★ 나와 가족, 우리 모두의 안전을 위해 나라를 지킬 의무"
612,5학년,인권 존중과 정의로운 사회,,국방의 의무이란 무엇인가요?,개인과 나라의 발전을 위해 일할 의무
613,5학년,인권 존중과 정의로운 사회,,근로의 의무이란 무엇인가요?,자녀가 잘 성장할 수 있도록 교육을 받게 할 의무
614,5학년,인권 존중과 정의로운 사회,,교육의 의무이란 무엇인가요?,세금을 내야 할 의무
615,5학년,인권 존중과 정의로운 사회,,납세의 의무이란 무엇인가요?,환경을 잘 가꾸며 보호하기 위하여 노력할 의무
616,5학년,인권 존중과 정의로운 사회,,환경 보전의 의무이란 무엇인가요?,공공복리에 적합하도록 재산권을 행사해야 하는 의무
617,5학년,인권 존중과 정의로운 사회,,(공공복리에 적합한) 재산권 행사의 의무이란 무엇인가요?,국민의 4대 의무
618,5학년,인권 존중과 정의로운 사회,,"국방의 의무, 근로의 의무, 교육의 의무, 납세의 의무이란 무엇인가요?",권리인 동시에 의무 x4
619,6학년,16 군사 정변) → 부활(1991),,6사05-01 성취기준의 내용은 무엇인가요?,주요 개념 및 용어 해설 Ÿ 민주주의적으로 되어 가는 상태  Ÿ 민주주의가 되게 하는 과정
620,6학년,16 군사 정변) → 부활(1991),,6사05-02 성취기준의 내용은 무엇인가요?,주요 개념 및 용어 해설 Ÿ 민주주의적으로 되어 가는 상태  Ÿ 민주주의가 되게 하는 과정
621,6학년,16 군사 정변) → 부활(1991),,민주화이란 무엇인가요?,의사 결정 과정에 대한 영향력의 행사를 목적으로 이루어지는 활동
622,6학년,16 군사 정변) → 부활(1991),,참여 Ÿ 가장 대표적: 투표이란 무엇인가요?,*시민이 정부를 제어하는 역할 / 시민 정치 교육으로서의 효과 기대 4.19 혁명 배경
623,6학년,16 군사 정변) → 부활(1991),,3.15 부정 선거이란 무엇인가요?,전개 과정
624,6학년,16 군사 정변) → 부활(1991),,이승만은 대통령직에서 물러났고 3.15 부정 선거는 무효가 되었다.이란 무엇인가요?,5.18 민주화 운동 배경
625,6학년,16 군사 정변) → 부활(1991),,광주에서 대규모 민주화 시위 → 계엄군의 폭력적 진압 → 시민군의 대항 →이란 무엇인가요?,계엄군의 강제 진압으로 많은 희생
626,6학년,16 군사 정변) → 부활(1991),,박종철 고문치사 사건 → 직선제로의 개헌 요구 → 개헌 요구 거부 → 시위 중 이이란 무엇인가요?,한열 의거 → 6월 민주 항쟁 → 노태우(당시 여당 대표)의 6.29 민주화 선언(직선 제를 포함한 민주화 요구 수용) 발표 의의★
627,6학년,16 군사 정변) → 부활(1991),,6.29 민주화 선언을 이끌어내 대통령 직선제를 이뤘다.이란 무엇인가요?,6.29 민주화 선언이 담고 있던 내용
628,6학년,16 군사 정변) → 부활(1991),,지방 자치제 부활 *초특2018이란 무엇인가요?,주민이 직접 선출한 의원이나 단체장이 직무를 잘 수행하지 못했을 때 주민들이 투표로 그들을 자리에서 물러나게 하는 제도★
629,6학년,12 하향 조정)의 국민이면,,"직선제(이승만) → 간선제(박정희, 전두환) → 6.29 민주화 선언 → 직선제이란 무엇인가요?",[회색:선택적으로 보기] 민주주의와 지방 분권을 기반으로 하는 행정 형태
630,6학년,12 하향 조정)의 국민이면,,지방 자치이란 무엇인가요?,일정한 지역 단위를 기초로 하는 단체나 지역의 주민이 선출한 기관에서 그 지 방의 행정을 처리하는 제도
631,6학년,12 하향 조정)의 국민이면,,주민 자치 → 민주주의의 원리 표현이란 무엇인가요?,주민이 조직한 지방 단체와 국가와의 관계
632,6학년,12 하향 조정)의 국민이면,,단체 자치 → 지방 분권의 원리에 기초이란 무엇인가요?,지방 자치는 이 두 가지를 포함한 풀뿌리 민주주의의 원리를 구현하는 제 도임 ① 대의 민주주의(→주민이 선출한 대표자가 지역의 문제 해결) ② 중앙 정부로부터의 독립과 권력 이양
633,6학년,12 하향 조정)의 국민이면,,감정이입적 이해 (⊂역사적 상상력 ⊂역사적 사고력)이란 무엇인가요?,( ) 민주제를 기본으로 하는 현대의 국가에 있어서 가장 기본적인 참여의 형태는 ( )이다.
634,6학년,12 하향 조정)의 국민이면,,"간접, 투표이란 무엇인가요?","2) 일상생활과 민주주의 [6사05-03] 일상생활에서 경험하는 민주주의 실천 사례를 탐구하여 민주주의의 의미와 중요성을 파악하고, 생활 속에서 민주주의를 실천하는 태도를 기른다. [6사05-04] 민주적 의사 결정 원리(다수결, 대화와 타협, 소수 의견 존중 등)의 의미와 필요성을 이해하고, 이를 실제 생활 속에서 실천하는 자세를 지닌다.★ 교수·학습 방향"
635,6학년,12 하향 조정)의 국민이면,,6사05-03 성취기준의 내용은 무엇인가요?,"교수·학습 방향 및 유의 사항 Ÿ 일상생활에서 의사 결정이 필요한 구체적인 사안(학급 규칙 제정, 자리 배정 방법, 학급 봉사 활동 장소와 방법 등)을 선정하여 민주적 의사"
636,6학년,12 하향 조정)의 국민이면,,공동의 문제 (개인·사적인 문제 xxx)이란 무엇인가요?,개념 학습 모형을 적용해 정치 개념을 학습할 때 정치의 예와 비례의 분류 기준은?
637,6학년,12 하향 조정)의 국민이면,,공동의 문제인가? (공동의 문제 → 예 / 사적인 문제 → 비례)이란 무엇인가요?,민주주의의 다양한 예
638,6학년,12 하향 조정)의 국민이면,,선거 관리 위원회이란 무엇인가요?,민주 선거의 기본 원칙 x4★ *보직비평
639,6학년,12 하향 조정)의 국민이면,,보통 선거이란 무엇인가요?,누구나 한 사람이 한 표씩만 행사할 수 있다.
640,6학년,12 하향 조정)의 국민이면,,평등 선거이란 무엇인가요?,투표는 자신이 직접 해야 한다.
641,6학년,12 하향 조정)의 국민이면,,직접 선거이란 무엇인가요?,누구에게 투표했는지 다른 사람이 알 수 없다.
642,6학년,12 하향 조정)의 국민이면,,비밀 선거이란 무엇인가요?,정치의 의미 (좁은 의미/넓은 의미) 좁은 의미의 정치
643,6학년,12 하향 조정)의 국민이면,,대의 민주주의이란 무엇인가요?,대의자들이 국민의 뜻을 원활히 반영할 수 있도록 돕는 기관 x3 ① 정당 ② 시민 단체 ③ 여론 기관 민주주의를 실천하는
644,6학년,12 하향 조정)의 국민이면,,관용이란 무엇인가요?,사실이나 의견의 옳고 그름을 따져 살펴보는 태도
645,6학년,12 하향 조정)의 국민이면,,비판적 태도이란 무엇인가요?,상대방에게 어떤 일을 배려하고 서로 협의하는 것
646,6학년,12 하향 조정)의 국민이면,,양보와 타협이란 무엇인가요?,함께 결정한 일을 따르거나 실제로 행동하는 것
647,6학년,12 하향 조정)의 국민이면,,실천이란 무엇인가요?,민주적 의사 결정 원리 x3★ 대화와 타협
648,6학년,12 하향 조정)의 국민이면,,쉽고 빠르게 문제를 해결할 수 있다.이란 무엇인가요?,다수결의 원칙의 한계 x3
649,6학년,12 하향 조정)의 국민이면,,다수결의 원칙으로 결정된 사항이 있더라도 다수의 사람은 그것을 반대했던이란 무엇인가요?,"소수의 의견을 존중해야 한다. 상위어 말해보기★ 인간의 존엄, 자유, 평등"
650,6학년,12 하향 조정)의 국민이면,,민주주의의 기본 정신이란 무엇인가요?,"보통 선거, 평등 선거, 직접 선거, 비밀 선거"
651,6학년,12 하향 조정)의 국민이면,,민주 선거의 기본 원칙이란 무엇인가요?,"관용, 비판적 태도, 양보와 타협, 실천"
652,6학년,12 하향 조정)의 국민이면,,민주주의를 실천하는 바람직한 태도이란 무엇인가요?,"다수결, 대화와 타협, 소수 의견 존중"
653,6학년,12 하향 조정)의 국민이면,,민주적 의사 결정 원리 (성취기준)이란 무엇인가요?,"3) 민주 정치의 원리와 국가 기관의 역할 [6사05-05] 민주정치의 기본 원리(국민 주권, 권력 분립 등)를 이해하고, 그것이 적용된 다양한 사례를 탐구한다.★ [6사05-06] 국회, 행정부, 법원의 기능을 이해하고, 그것이 국민 생활에 미치는 영향을 다양한 사례를 통해 탐구한다. 교수·학습 방향"
654,6학년,12 하향 조정)의 국민이면,,6사05-06 성취기준의 내용은 무엇인가요?,교수·학습 방향 및 유의 사항 Ÿ 민주정치의 기본 원리나 국가 기관의 역할에 관한 시사 자료를 학생 수준에 맞게 재구성한 후 활용한다.
655,6학년,12 하향 조정)의 국민이면,,국가 기관이란 무엇인가요?,민주 정치의 (기본) 원리 x4★
656,6학년,12 하향 조정)의 국민이면,,권력 분립의 원리★ (권력 분립⊃삼권 분립)이란 무엇인가요?,헌법에 국가의 조직과 운영에 대한 기본적인 내용을 규정하고 그에 따라 국가 정책을 결정하고 집행한다는 것
657,6학년,12 하향 조정)의 국민이면,,입헌주의의 원리이란 무엇인가요?,국민이 스스로 국가를 다스려야 한다는 것
658,6학년,12 하향 조정)의 국민이면,,국민 자치의 원리★ (대의제의 원리 + 지방 자치의 원리)이란 무엇인가요?,[국민 자치의 원리를 실현하는 방법] 간접 민주 정치 (=대의제의 원리)
659,6학년,12 하향 조정)의 국민이면,,"민주주의의 정신인 인간 존엄성, 자유, 평등을 실현하기 위해이란 무엇인가요?",초등학교에서는 ( )과 ( )의 원리를 중심으로 다른 두 가지 원리를 사례 속에서 통합해 지도한다.
660,6학년,12 하향 조정)의 국민이면,,"국민 주권, 권력 분립이란 무엇인가요?","어떤 원리? [제1조] ‚ 대한민국의 주권은 국민에게 있고, 모든 권력은 국민으로부터 나온다."
661,6학년,12 하향 조정)의 국민이면,,국민 주권의 원리이란 무엇인가요?,[제40조] 입법권은 국회에 속한다.
662,6학년,12 하향 조정)의 국민이면,,권력 분립의 원리이란 무엇인가요?,[제66조] „ 행정권은 대통령을 수반으로 하는 정부에 속한다.
663,6학년,12 하향 조정)의 국민이면,,권력 분립의 원리 Ÿ 수반: 행정부의 가장 높은 자리에 있는 사람이란 무엇인가요?,[제101조]  사법권은 법관으로 구성된 법원에 속한다.
664,6학년,12 하향 조정)의 국민이면,,제101조 성취기준의 내용은 무엇인가요?,- 권력 분립의 원리 - 국민 주권의 원리 국가 비상사태일 때 대통령의 권한으로 국민의 자유와 권리를 정지할 수 있는 특별 조치- 긴급 조치
665,6학년,12 하향 조정)의 국민이면,,권력 분립의 원리이란 무엇인가요?,[제1조]  대한민국은 민주공화국이다.
666,6학년,12 하향 조정)의 국민이면,,국민 주권의 원리이란 무엇인가요?,국가 비상사태일 때 대통령의 권한으로 국민의 자유와 권리를 정지할 수 있는 특별 조치- 긴급 조치 국가 권력이 국민의 권리를 침해하는지를 헌법재판소가 가려내는 제도
667,6학년,12 하향 조정)의 국민이면,,헌법 소원이란 무엇인가요?,시민 스스로가 다스림과 동시에 다스림을 받는다는 원리
668,6학년,12 하향 조정)의 국민이면,,법원(사법부): 사법권이란 무엇인가요?,"국회 하는 일 (입법 x3, 국가 재정 x3, 국정 x2) *2019초특 입법 헌법 개정"
669,6학년,12 하향 조정)의 국민이면,,면책 특권이란 무엇인가요?,국회의원은 국민의 선거로 ( )년마다 선출한다.
670,6학년,12 하향 조정)의 국민이면,,교육부이란 무엇인가요?,나라를 지킨다.
671,6학년,12 하향 조정)의 국민이면,,국방부이란 무엇인가요?,식품과 의약품 등의 안전을 책임진다.
672,6학년,12 하향 조정)의 국민이면,,식품의약품안전처이란 무엇인가요?,국민의 생명과 재산을 보호한다.
673,6학년,12 하향 조정)의 국민이면,,소방청이란 무엇인가요?,다른 나라와 협력할 수 있는 정책을 만들고 다른 나라에 있 는 우리 국민을 보호하고 지원한다.
674,6학년,12 하향 조정)의 국민이면,,외교부이란 무엇인가요?,북한과 교류하고 통일을 위해 노력한다.
675,6학년,12 하향 조정)의 국민이면,,통일부이란 무엇인가요?,국민의 건강을 책임진다.
676,6학년,12 하향 조정)의 국민이면,,보건복지부이란 무엇인가요?,국토를 개발하는 일을 담당한다.
677,6학년,12 하향 조정)의 국민이면,,국토교통부이란 무엇인가요?,기상을 관측해 날씨를 알려준다.
678,6학년,12 하향 조정)의 국민이면,,기상청이란 무엇인가요?,우리나라의 문화유산을 보호하고 관리한다.
679,6학년,12 하향 조정)의 국민이면,,문화재청이란 무엇인가요?,정부의 주요 정책을 심의하는 행정부의 최고 심의 기관
680,6학년,12 하향 조정)의 국민이면,,국무 회의이란 무엇인가요?,구성 x3
681,6학년,12 하향 조정)의 국민이면,,"재판, 등기(부동산 등기, 법인 등기 등), 가족 관계 등록부이란 무엇인가요?",공정한 재판을 위한 제도 x3 *2020 법원의 독립 (사법권의 독립)
682,6학년,12 하향 조정)의 국민이면,,검사이란 무엇인가요?,재판을 진행하고 법에 따라 판결 등을 하는 사람
683,6학년,12 하향 조정)의 국민이면,,판사이란 무엇인가요?,피고인을 대신해 권리를 주장하며 피고인을 도와주는 사람
684,6학년,12 하향 조정)의 국민이면,,변호인이란 무엇인가요?,사건과 관련하여 자기 경험을 말해주는 사람
685,6학년,12 하향 조정)의 국민이면,,증인이란 무엇인가요?,범죄를 저지른 것으로 의심되어 재판받는 사람
686,6학년,12 하향 조정)의 국민이면,,피고인이란 무엇인가요?,(사법) 재판의 종류 국민의 사적인 생활에서 발생하는 권리 또는 법률관계에 대한
687,6학년,12 하향 조정)의 국민이면,,민사 재판이란 무엇인가요?,검사가 법원에 재판을 청구한 피고인에게 유무죄 여부를 판단 하고 유죄인 경우 그에 합당한 형벌을 정하는 재판
688,6학년,12 하향 조정)의 국민이면,,형사 재판이란 무엇인가요?,"가족, 친족 간에 다툼이 있는 사건과 가정에 관한 일반적인 사건에 관한 재판"
689,6학년,12 하향 조정)의 국민이면,,가사 재판이란 무엇인가요?,19세 미만 소년·소녀의 범죄 사건 등 형벌을 내리는 소년 형사 사건과 보호 처분이 내려지는 소년 보호 사건으로 나뉘는 재판
690,6학년,12 하향 조정)의 국민이면,,행정 재판이란 무엇인가요?,선거 무효와 당선 무효를 다루는 재판
691,6학년,12 하향 조정)의 국민이면,,선거 재판이란 무엇인가요?,"헌법 재판소에서 위헌 법률 심판과 탄핵 소송, 정당 해산 소송, 헌법 소원 등 헌법에 대한 문제를 해결하는 재판"
692,6학년,12 하향 조정)의 국민이면,,헌법 재판이란 무엇인가요?,"민사 재판, 형사 재판, 행정 재판의 구성 *7차"
693,6학년,12 하향 조정)의 국민이면,,제정이란 무엇인가요?,→ 행정부(정부) x2
694,6학년,12 하향 조정)의 국민이면,,"국정 감사권, 탄핵 소추권 *2020이란 무엇인가요?",→ 사법부(법원) x2
695,6학년,12 하향 조정)의 국민이면,,"대법원장/대법관 임명 동의권, 탄핵 소추권 *2020이란 무엇인가요?",행정부(정부) 법률 ( )
696,6학년,12 하향 조정)의 국민이면,,집행이란 무엇인가요?,→ 입법부(국회) x1
697,6학년,12 하향 조정)의 국민이면,,적용이란 무엇인가요?,→ 입법부(국회) x1
698,6학년,12 하향 조정)의 국민이면,,위헌 법률 심사 제청권: 국회에서 만든 법률이 헌법에 위배된다고 판단되면 법원이이란 무엇인가요?,헌법재판소에 법률이 위헌인지 여부를 심판해달라고 요청할 수 있는 권한
699,6학년,12 하향 조정)의 국민이면,,명령·규칙·처분* 심사권이란 무엇인가요?,*처분: 정부가 여러 법을 바탕으로 구체적인 사건에서 공권력을 행사하는 것
700,6학년,우리나라의 경제 발전 (예상↑),,"정부, 국회가 법원을 견제하는 사례: 대법관 임명권, 대법관 임명 동의권이란 무엇인가요?","법원, 동성동본 금혼법 위헌 제청"
701,6학년,우리나라의 경제 발전 (예상↑),,법원이 국회를 견제하는 사례: 위헌 법률 심사 제청권이란 무엇인가요?,"청와대, 국회 법률안 거부권 검토"
702,6학년,우리나라의 경제 발전 (예상↑),,정부가 국회를 견제하는 사례: 법률안 거부권이란 무엇인가요?,국회 ‘국정 감사’ 시작
703,6학년,우리나라의 경제 발전 (예상↑),,국회가 정부를 견제하는 사례: 국정 감사권이란 무엇인가요?,대통령은 새해를 맞아 총 ○○명을 사면했다.
704,6학년,우리나라의 경제 발전 (예상↑),,정부가 국회를 견제하는 사례: 사면권이란 무엇인가요?,△△법원 재판부는 환경부가 ○○기업에 내린 개선 명령을 취소하라고 결정했다.
705,6학년,우리나라의 경제 발전 (예상↑),,법원이 정부를 견제하는 사례: 명령·규칙 처분 심사권이란 무엇인가요?,군주 역할을 할 사람을 국민이 선출해 민주적 원리에 맞게 일을 하도록 한 정치 제도
706,6학년,우리나라의 경제 발전 (예상↑),,대통령제이란 무엇인가요?,의회가 행정부 역할을 하는 내각을 운영하는 형태
707,6학년,우리나라의 경제 발전 (예상↑),,의원 내각제이란 무엇인가요?,"이런 나라의 ( )는 형식상 국가 원수로서의 지위를 유지하고, 입법권과 행정권은 모두 ( )가 차지한다. 실질적인 통치는 ( )에서 하는 셈이다. 보통 ( )에서 ( )을 뽑고 ( )이 내각의 장으로서 활동한다."
708,6학년,우리나라의 경제 발전 (예상↑),,6사06-01 성취기준의 내용은 무엇인가요?,"교수·학습 방향 및 유의 사항 Ÿ 일상생활 속에서 가계와 기업에 의해 이루어지는 경제활동 사례를 분석하게 하고, 합리적 선택 능력을 길러주기 위한 가상의 상황(특정 상품"
709,6학년,우리나라의 경제 발전 (예상↑),,6사06-02 성취기준의 내용은 무엇인가요?,"교수·학습 방향 및 유의 사항 Ÿ 일상생활 속에서 가계와 기업에 의해 이루어지는 경제활동 사례를 분석하게 하고, 합리적 선택 능력을 길러주기 위한 가상의 상황(특정 상품"
710,6학년,우리나라의 경제 발전 (예상↑),,정부이란 무엇인가요?,가계 ← ‚→ 기업
711,6학년,우리나라의 경제 발전 (예상↑),,국민 소득 순환(=소득의 순환)이란 무엇인가요?,경제 활동의 대상 x2 재화
712,6학년,우리나라의 경제 발전 (예상↑),,"재화, 서비스, 생산자이란 무엇인가요?",생산 활동에 들어가는 모든 재료★
713,6학년,우리나라의 경제 발전 (예상↑),,생산 요소(=생산의 3요소)이란 무엇인가요?,종류 x3 노동
714,6학년,우리나라의 경제 발전 (예상↑),,수입이란 무엇인가요?,기업이 재화나 서비스를 생산하려고 필요한 생산 요소를 구입하고 대가를 지불한 것
715,6학년,우리나라의 경제 발전 (예상↑),,비용이란 무엇인가요?,수입에서 비용을 뺀 값
716,6학년,우리나라의 경제 발전 (예상↑),,이윤이란 무엇인가요?,가계의 합리적 소비란?
717,6학년,우리나라의 경제 발전 (예상↑),,소득의 범위 안에서 적은 비용으로 가장 큰 만족을 얻도록 합리적으로 소비하는 것이란 무엇인가요?,우리가 선택해야 하는 까닭은 ( ) 때문이다.
718,6학년,우리나라의 경제 발전 (예상↑),,희소성이란 무엇인가요?,둘 중 하나를 선택하면 다른 것은 포기해야 하는데 이때 포기한 것
719,6학년,우리나라의 경제 발전 (예상↑),,기회비용★이란 무엇인가요?,"어떤 선택이든지 ( )이 따르며, ( )을 선택하는 것이 올바른 선택이다.★"
720,6학년,우리나라의 경제 발전 (예상↑),,"기회비용, 기회비용이 적은 것이란 무엇인가요?",자신이 추구하는 가치를 지키면서 합리적으로 소비하는 것
721,6학년,우리나라의 경제 발전 (예상↑),,"가치 소비(=착한 소비, 윤리적 소비) Ÿ ex) 공정 무역 제품 구매이란 무엇인가요?",생산자의 노동에 정당한 대가를 지불하면서 소비자에게는 좀 더 좋은 물건을 공급하는 윤리적인 무역
722,6학년,우리나라의 경제 발전 (예상↑),,공정 무역 *2022이란 무엇인가요?,환경 보호에 도움이 되는 상품의 구매를 지향하는 소비자
723,6학년,우리나라의 경제 발전 (예상↑),,그린슈머이란 무엇인가요?,기업의 합리적 선택이란?
724,6학년,우리나라의 경제 발전 (예상↑),,보다 많은 이윤을 얻기 위해 적은 비용으로 많은 수입을 얻을 수 있도록 합리적이란 무엇인가요?,으로 선택하는 것 기업의 생산 활동의 목적
725,6학년,우리나라의 경제 발전 (예상↑),,최대한 많은 이윤을 얻는 것이란 무엇인가요?,( ) 근로자 한 사람이 정해진 시간 동안 생산한 물건의 양
726,6학년,우리나라의 경제 발전 (예상↑),,생산성이란 무엇인가요?,자본과의 관계
727,6학년,우리나라의 경제 발전 (예상↑),,"자본이 없다면 생산성은 낮아지고, 자본을 적절히 활용하면 생산성을 높일 수 있다.이란 무엇인가요?",생활 수준과의 관계
728,6학년,우리나라의 경제 발전 (예상↑),,생산성이 높아진다면 소득이 늘어나 생활 수준이 높아진다.이란 무엇인가요?,독점과 과점이란? 독점
729,6학년,우리나라의 경제 발전 (예상↑),,"눈에 보이는 시장 Ÿ 전통 시장, 대형 할인점이란 무엇인가요?",( ) 눈에 보이지 않는 가상의 공간에서 판매자와 구매자가 만나는 시장- 눈에 보이지 않는 시장
730,6학년,우리나라의 경제 발전 (예상↑),,능력이 있는 생산자와 소비자에게 유리하다.이란 무엇인가요?,단점 x2
731,6학년,우리나라의 경제 발전 (예상↑),,독과점이나 매점매석이 발생할 수 있다.이란 무엇인가요?,( ) 생산자와 소비자가 원하는 만큼 자유롭게 거래할 수 없는 시장
732,6학년,우리나라의 경제 발전 (예상↑),,불완전 시장이란 무엇인가요?,예시 x3 독과점
733,6학년,우리나라의 경제 발전 (예상↑),,담합이란 무엇인가요?,시장에서 가격이 정해지는 원리 시장에서의 가격은 소비자가 사려는 물건의 양인 ( )와 생산 자가 팔고자 하는 양인 ( )에 따라 결정된다.
734,6학년,우리나라의 경제 발전 (예상↑),,생산자는 가격이 올라가면 이익을 많이 얻으려고 물건을 더 많이 팔려고 한다.이란 무엇인가요?,수요와 공급이 딱 맞아떨어져 균형을 이루었을 때의 가격★
735,6학년,우리나라의 경제 발전 (예상↑),,균형 가격★이란 무엇인가요?,가격을 위해 자유롭게 경쟁하는 것
736,6학년,우리나라의 경제 발전 (예상↑),,시장 경제이란 무엇인가요?,가격의 놀라운 역할을 가리켜 영국의 유명한 경제학자인 애 덤 스미스는 ‘( )’이라고 불렀다. ( )이 결국 각자의 이익을 모두의 이익으로 바꾸어 준다는 의미이다.
737,6학년,우리나라의 경제 발전 (예상↑),,자유와 경쟁이란 무엇인가요?,자유 개인의 자유 x3
738,6학년,우리나라의 경제 발전 (예상↑),,"직업 선택의 자유, 직업 활동의 자유, 소득 처분의 자유이란 무엇인가요?",기업의 자유
739,6학년,우리나라의 경제 발전 (예상↑),,생산 활동의 자유이란 무엇인가요?,경제 체제의 종류 x3
740,6학년,우리나라의 경제 발전 (예상↑),,경제 체제이란 무엇인가요?,( ) 경제 주체들이 시장 가격에 따라 자유롭게 경제 활동을 하다 보면 문제가 해결되는 경제 체제
741,6학년,우리나라의 경제 발전 (예상↑),,시장 경제 체제이란 무엇인가요?,생산 수단의 소유
742,6학년,우리나라의 경제 발전 (예상↑),,개인이란 무엇인가요?,의사 결정 주체
743,6학년,우리나라의 경제 발전 (예상↑),,개별 경제 주체이란 무엇인가요?,경제 문제 해결 수단
744,6학년,우리나라의 경제 발전 (예상↑),,시장의 가격(=개인들의 의사가 반영되어 결정되며 각 경제 주체들에게 최선의 이이란 무엇인가요?,익을 얻으려면 어떻게 행동해야 하는지를 알려주는 ‘보이지 않는 손’) 경제 활동의 동기
745,6학년,우리나라의 경제 발전 (예상↑),,경제 활동의 자유를 보장하고 경쟁을 촉진하므로 창의성이 존중받으며 효율이이란 무엇인가요?,높은 편이다. 단점 x2
746,6학년,우리나라의 경제 발전 (예상↑),,효율성을 중시해 소득 분배의 불평등이 초래될 수 있다. (가진자가 더 가짐)이란 무엇인가요?,( ) 경제 문제를 중앙 정부의 통제와 계획에 따라 해결하는 경제 체제
747,6학년,우리나라의 경제 발전 (예상↑),,계획 경제 체제이란 무엇인가요?,생산 수단 소유
748,6학년,우리나라의 경제 발전 (예상↑),,"국가, 공공 단체이란 무엇인가요?",의사 결정 주체
749,6학년,우리나라의 경제 발전 (예상↑),,중앙 정부이란 무엇인가요?,경제 문제 해결 수단
750,6학년,우리나라의 경제 발전 (예상↑),,중앙 정부의 계획이란 무엇인가요?,경제 활동의 동기
751,6학년,우리나라의 경제 발전 (예상↑),,국가에서 개인의 자유에 각종 제약을 가하기 때문에 개인의 의욕을 제한할이란 무엇인가요?,가능성이 높다. ( ) 시장 경제 체제의 문제점을 정부의 적극적인 개입으로 완화시켜나 가는 형태의 경제 체제★
752,6학년,우리나라의 경제 발전 (예상↑),,시장의 실패이란 무엇인가요?,원인 x4 ① 기업의 독과점 ② 공공재 생산 ③ 외부 경제·외부 불경제* ④ 도덕적 해이* *외부 경제: 시장에서 거래되지 않는 활동이 다른 개인이나 기업에 혜택을 주는 상황 *외부 불경제: 개인이나 기업의 경제 활동이 그 거래와 무관한 제삼자에게 손해를 끼치는 것
753,6학년,우리나라의 경제 발전 (예상↑),,6사06-03 성취기준의 내용은 무엇인가요?,"교수·학습 방향 및 유의 사항 Ÿ 시사 자료, 사료를 활용하여 우리나라 경제의 성장 과정과 성장 요인, 경제 구조의 변화와 그에 따른 문제점 등을 파악하도록 한다."
754,6학년,우리나라의 경제 발전 (예상↑),,6사06-04 성취기준의 내용은 무엇인가요?,"교수·학습 방향 및 유의 사항 Ÿ 시사 자료, 사료를 활용하여 우리나라 경제의 성장 과정과 성장 요인, 경제 구조의 변화와 그에 따른 문제점 등을 파악하도록 한다."
755,6학년,우리나라의 경제 발전 (예상↑),,경제 성장이란 무엇인가요?,한 계층이나 집단은 높은 경제적 성과를 내지만 다른 한 계층이나 집단은 침체의 늪에서 빠져나오지 못하는 현상
756,6학년,우리나라의 경제 발전 (예상↑),,경제적 양극화이란 무엇인가요?,우리나라의 경제 성장 모습 1950년대
757,6학년,우리나라의 경제 발전 (예상↑),,"1, 2, 3이란 무엇인가요?",경제 성장을 측정하는 척도
758,6학년,우리나라의 경제 발전 (예상↑),,국내 총생산(GDP: Gross Domestic Product)★이란 무엇인가요?,국민 총생산(GNP: Gross National Product)과의 차이점
759,6학년,우리나라의 경제 발전 (예상↑),,경제 주체의 국적에 따른 GNP와 달리 GDP는 경제 주체의 국적과는 무관하며이란 무엇인가요?,한 나라의 국경 안에서 생산한 총산출을 말한다.
760,6학년,우리나라의 경제 발전 (예상↑),,경제 주체의 국적보다 한 나라 안에서 생산한 총산출이 경제 활동을 정확하게이란 무엇인가요?,"반영한다고 보기 때문이다. 얼마? 농부가 밀을 경작하는 데 필요한 종자, 농약, 농사 도구 등의 원료를 80만 원을 들여 구입해 밀을 경작했다. 이후"
761,6학년,우리나라의 경제 발전 (예상↑),,(명목) 국민 총소득(GNI: Gross National Income)이란 무엇인가요?,( )은 포함되는 반면 ( )은 제외된다.
762,6학년,우리나라의 경제 발전 (예상↑),,국외 지급 요소 소득(국내 총생산 중에서 외국인에게 지급한 소득)이란 무엇인가요?,( )를 파악하는 데 유용하지만 ( )을 알아보는 데는 적합하지 않다.
763,6학년,5,,1인당 국민 총소득이란 무엇인가요?,언제 사용?
764,6학년,5,,국민들의 평균적인 생활 수준을 알아볼 때 사용한다.이란 무엇인가요?,적합한 까닭?
765,6학년,5,,국민들의 생활 수준은 전체 국민 소득의 크기보다는 1인당 국민 소득의 크기와이란 무엇인가요?,더욱 밀접한 관계가 있기 때문이다. 단위
766,6학년,5,,달러($)이란 무엇인가요?,한국에서 한국인이 생산한 것
767,6학년,5,,"GDP (O), GNP (O)이란 무엇인가요?",한국에서의 생산에 의해 얻은 한국인의 소득
768,6학년,5,,GNI (O)이란 무엇인가요?,외국에서의 생산에 의해 얻은 한국인의 소득
769,6학년,5,,GNI (O)이란 무엇인가요?,외국에서 한국인이 생산한 것
770,6학년,5,,"GDP (X), GNP (O)이란 무엇인가요?",한국에서의 생산에 의해 얻은 외국인의 소득
771,6학년,5,,GNI (X)이란 무엇인가요?,한국에서 외국인이 생산한 것
772,6학년,5,,GDP (O)이란 무엇인가요?,경제 성장 과정에서 나타난 문제점
773,6학년,5,,"빈부 격차(경제적 양극화), 일자리 문제, 환경 오염이란 무엇인가요?",에너지·자원의 투입과 온실가스 및 오염 물질의 발생을 최소화하는 제품
774,6학년,5,,녹색 제품이란 무엇인가요?,"버려지는 제품에 친환경적인 디자인을 가미해 전혀 새로운 용도의 예술성과 심미성, 기능성을 두루 갖춘 고부가 가치 제품으로 재탄생시키는 것"
775,6학년,5,,업사이클링이란 무엇인가요?,3) 세계 속의 우리나라 경제 [6사06-05] 세계 여러 나라와의 경제 교류(→무역) 활동으로 나타난 우리 경제생활의 변화 모습을 탐구한다. [6사06-06] 다양한 경제 교류 사례를 통해 우리나라 경제가 다른 나라와 상호 의존 및 경쟁 관계에 있음을 파악한다.★ 주요 개념 및
776,6학년,5,,6사06-06 성취기준의 내용은 무엇인가요?,주요 개념 및 용어 해설 서로 다른 나라 사이에 물건이나 서비스를 사고파는 일
777,6학년,5,,무역이란 무엇인가요?,"서로 좋은 기술이나 제품을 수출하고, 각 나라에 없거나 부족한 기술, 제품, 노동력을 수입하면서 경제적으로 도움을 주고받는 관계"
778,6학년,5,,상호 의존 관계이란 무엇인가요?,같은 종류의 제품이나 기술로 세계 시장에서 치열하게 경쟁하는 관계
779,6학년,5,,경쟁 관계이란 무엇인가요?,1995년에 나라 간에 자유로운 무역을 확대하고자 만든 국제기구
780,6학년,5,,자유 무역 협정(FTA: Free Trade Agreement)★이란 무엇인가요?,나라와 나라 사이에 경제 교류(무역)를 하는 까닭
781,6학년,5,,"나라마다 자연환경과 자본, 기술 등에 차이가 있어 더 잘 생산할 수 있는 물건이란 무엇인가요?","이나 서비스가 다르기 때문이다. 개념의 위계 무역, 수출, 수입"
782,6학년,5,,"수출, 수입: 하위 개념이란 무엇인가요?",생산비가 타국에 비해 절대적으로 적은 상품을 각각 특화해 교역하면 양국 모두 에게 이익이 발생한다는 애덤 스미스의 이론
783,6학년,5,,절대 우위론이란 무엇인가요?,( )가 작은 쪽에 ( )
784,6학년,5,,"생산비, 절대 우위이란 무엇인가요?","국가별 특화 물건, 이득 쌀(1단위) 밀(1단위) 총노동 유입량"
785,6학년,5,,양국 중 한 나라가 모든 재화에 절대 우위가 있는 경우에는 무역의 발생을이란 무엇인가요?,설명할 수 없다.
786,6학년,89(8/9),,비교 우위론이란 무엇인가요?,( )이 작은 쪽에 ( )
787,6학년,89(8/9),,"기회비용, 비교 우위이란 무엇인가요?","국가별 기회비용, 특화 물건, 이득"
788,6학년,89(8/9),,무역 마찰★이란 무엇인가요?,다른 나라와 무역을 하면서 발생하는 문제 x4★
789,6학년,89(8/9),,자유 무역이란 무엇인가요?,자국의 산업을 보호하기 위해 국제 무역에 정부가 개입하는 무역 정책
790,6학년,89(8/9),,보호 무역이란 무엇인가요?,나라와 나라 사이에서 무역과 관련된 문제가 일어났을 때 공정하게 심판하려고 만들어진 국제기구
791,6학년,89(8/9),,세계 무역 기구(WTO: World Trade Organization)이란 무엇인가요?,역할(하는 일) x2
792,6학년,89(8/9),,자유 무역 협정(FTA: Free Trade Agreement)이란 무엇인가요?,특히 ( )에 주요 초점이 맞춰져 있다.
793,6학년,89(8/9),,관세 철폐이란 무엇인가요?,우리나라는 ( )개국과 맺고 있다. (2019년 10월 기준)
794,6학년,89(8/9),,59이란 무엇인가요?,1989년 11월에 설립된 국제 기구로 아시아 태평양 지역의 경제 협력을 키우기 위한 목적으로 결성됨
795,6학년,89(8/9),,자국의 산업을 보호하기 위해 (보호 무역)이란 무엇인가요?,물건에 지나치게 높은 관세를 부과하는 것으로 관세를 부과하면 수 입품의 가격이 높아져 수입 상품에 대한 국내 소비가 감소한다.
796,6학년,89(8/9),,관세 장벽이란 무엇인가요?,→ 무역 장벽으로 인해 무역 마찰 발생 수입하는 상품의 수량을 제한해 해당 상품의 유입을 억제하는 방식을 말한다.(수입 제품에 대해 일정 양 이상의 수입을 허용하지 않는 것)
797,6학년,89(8/9),,수입 할당제(쿼터제)이란 무엇인가요?,일시적으로 수입을 제한하는 조치 (예: 일본 원전 사태로 인한 후쿠시 마산 수산물 및 식재료 수입 금지)
798,6학년,세계 여러 나라의 자연과 문화,,6사07-01 성취기준의 내용은 무엇인가요?,교수·학습 방향 및 유의 사항 Ÿ 평면의 세계 지도와 더불어 지구본을 활용함으로써 세계에 대한 인식의 왜곡을 최소화하는 것에 특히 유의한다.
799,6학년,세계 여러 나라의 자연과 문화,,6사07-02 성취기준의 내용은 무엇인가요?,교수·학습 방향 및 유의 사항 Ÿ 평면의 세계 지도와 더불어 지구본을 활용함으로써 세계에 대한 인식의 왜곡을 최소화하는 것에 특히 유의한다.
800,6학년,세계 여러 나라의 자연과 문화,,지리 정보이란 무엇인가요?,지리 정보의 분류 x3 공간 자료
801,6학년,세계 여러 나라의 자연과 문화,,"세계 지도, 지구본, 디지털 영상 지도이란 무엇인가요?",세계 지도 장점
802,6학년,세계 여러 나라의 자연과 문화,,세계 여러 나라의 위치를 한눈에 볼 수 있다.이란 무엇인가요?,단점 *2018
803,6학년,세계 여러 나라의 자연과 문화,,입체인 지구의 모습을 평면에 나타내면서 생기는 왜곡이 있어 대륙이나 바다의이란 무엇인가요?,"모양, 거리가 실제와 다르게 표현되기도 한다."
804,6학년,세계 여러 나라의 자연과 문화,,실제 지구의 모습과 비슷하며 세계 여러 나라의 위치와 영토 등의 지리 정보를이란 무엇인가요?,세계 지도보다 더 정확하게 담고 있다. 단점
805,6학년,세계 여러 나라의 자연과 문화,,전 세계의 모습을 한눈에 보기 어렵다.이란 무엇인가요?,위도 ( )를 기준으로 ( )쪽과 ( )쪽의 위치를 나타내는 것
806,6학년,세계 여러 나라의 자연과 문화,,"적도, 남, 북이란 무엇인가요?",가로선/세로선 위선
807,6학년,세계 여러 나라의 자연과 문화,,가로선이란 무엇인가요?,( )위와 ( )위는 각각 ( )°로 나누어 ( )쪽과 ( )쪽의 위치를 나타낸다.
808,6학년,세계 여러 나라의 자연과 문화,,"북, 남, 90, 북, 남이란 무엇인가요?",경도 ( )을 기준으로 ( )쪽과 ( )쪽의 위치를 나타내는 것
809,6학년,세계 여러 나라의 자연과 문화,,"본초 자오선, 서, 동이란 무엇인가요?",가로선/세로선 경선
810,6학년,세계 여러 나라의 자연과 문화,,세로선이란 무엇인가요?,본초 자오선( )를 지나는 선으로 정한다.
811,6학년,세계 여러 나라의 자연과 문화,,영국의 그리니치 천문대이란 무엇인가요?,( )경과 ( )경은 각각 ( )°로 나누어 ( )쪽과 ( )쪽의 위치를 나타낸다.
812,6학년,세계 여러 나라의 자연과 문화,,"서, 동, 180, 서, 동이란 무엇인가요?",표준시 *2023 시차계산 기준
813,6학년,세계 여러 나라의 자연과 문화,,경도(표준 경선)이란 무엇인가요?,( )마다 1시간의 시간 차이가 발생한다.
814,6학년,세계 여러 나라의 자연과 문화,,경도 15°이란 무엇인가요?,( )쪽으로 갈수록 빨라진다.
815,6학년,세계 여러 나라의 자연과 문화,,동경 135°이란 무엇인가요?,우리나라 표준시는 그리니치 표준 시간대보다 ( ).
816,6학년,세계 여러 나라의 자연과 문화,,9시간 빠르다이란 무엇인가요?,동경 45°인 카타르의 현지 시각이 오후 5시일 때 우리나라는 몇 시?
817,6학년,세계 여러 나라의 자연과 문화,,오후 11시이란 무엇인가요?,우리나라는 서경 120°인 LA보다 ( ).
818,6학년,세계 여러 나라의 자연과 문화,,17시간 빠르다이란 무엇인가요?,위치에 따라 시간이 다른 까닭
819,6학년,세계 여러 나라의 자연과 문화,,해가 동쪽에서 뜨기 때문에 동쪽에 있는 나라가 서쪽에 있는 나라보다 시간이 빠르다.이란 무엇인가요?,날짜 변경선 *2019 ( )에 있는 경도 ( )°선을 말한다.
820,6학년,세계 여러 나라의 자연과 문화,,"본초 자오선의 정반대, 180이란 무엇인가요?",모양과 그 까닭
821,6학년,세계 여러 나라의 자연과 문화,,같은 나라 안에서 날짜가 달라지는 혼란이 없도록 하기 위해서이다.이란 무엇인가요?,"동쪽에서 서쪽으로 갈 때는 ( ), 서쪽에서 동쪽으로 갈 때는 ( )."
822,6학년,세계 여러 나라의 자연과 문화,,"하루를 더하고, 하루를 뺀다이란 무엇인가요?",날짜 변경선의 왼쪽에 있는 대륙 (동경)
823,6학년,세계 여러 나라의 자연과 문화,,"아시아, 오세아니아, 유럽, 아프리카이란 무엇인가요?",날짜 변경선의 오른쪽에 있는 대륙 (서경)
824,6학년,세계 여러 나라의 자연과 문화,,"북아메리카, 남아메리카이란 무엇인가요?",어떤 위치? 위도와 경도로 나타낸 위치
825,6학년,세계 여러 나라의 자연과 문화,,수리적 위치이란 무엇인가요?,비교적 왜곡이 덜한 도법
826,6학년,세계 여러 나라의 자연과 문화,,로빈슨 도법이란 무엇인가요?,O/X 왜곡이 없다.: ( )
827,6학년,세계 여러 나라의 자연과 문화,,"X, 다른 도법의 세계 지도보다 각 나라의 모양과 면적을 비교적 정확하게 나타내이란 무엇인가요?",지만 둥근 지구의 모습을 평평한 종이에 완전하게 나타냈다고 할 수는 없다. 메르카토르 투영 도법과의 차이점 메르카토르 투영 도법
828,6학년,세계 여러 나라의 자연과 문화,,위선과 경선 모두 직선으로 나타낸다. *2010이란 무엇인가요?,로빈슨 도법
829,6학년,세계 여러 나라의 자연과 문화,,"위선과 중앙의 경선은 직선으로, 주변부의 경선은 곡선으로 나타낸다.이란 무엇인가요?",( )에 가까워질수록 왜곡이 심해진다.
830,6학년,세계 여러 나라의 자연과 문화,,"북아메리카 대륙에 속하고, 대서양에 인접해 있다.이란 무엇인가요?",대륙의 기준
831,6학년,세계 여러 나라의 자연과 문화,,아시아이란 무엇인가요?,두 번째로 큰 대륙으로 북반구와 남반구에 걸쳐 있다.
832,6학년,세계 여러 나라의 자연과 문화,,아프리카이란 무엇인가요?,아시아 대륙 서쪽에 있다.
833,6학년,세계 여러 나라의 자연과 문화,,유럽이란 무엇인가요?,가장 작은 대륙으로 아시아 대륙 남쪽에 있다.
834,6학년,세계 여러 나라의 자연과 문화,,오세아니아 *2019이란 무엇인가요?,남반구에 있는 대륙
835,6학년,세계 여러 나라의 자연과 문화,,오세아니아 *2019이란 무엇인가요?,대부분 남반구에 속해 있는 대륙으로 대륙의 남쪽 끝은 남극해와 맞닿아 있다. - 남아메리카 북반구에 속하는 대륙으로 북쪽 끝은 북극해와 맞닿아 있다.
836,6학년,세계 여러 나라의 자연과 문화,,북아메리카이란 무엇인가요?,환태평양 조산대와 접해 있는 대륙
837,6학년,세계 여러 나라의 자연과 문화,,"아시아, 오세아니아, 북아메리카, 남아메리카이란 무엇인가요?",북반구와 남반구는 ( )이 반대이다.
838,6학년,세계 여러 나라의 자연과 문화,,계절이란 무엇인가요?,양과 해란?
839,6학년,세계 여러 나라의 자연과 문화,,태평양이란 무엇인가요?,가장 작은 대양
840,6학년,세계 여러 나라의 자연과 문화,,북극해이란 무엇인가요?,북반구와 남반구에 걸쳐 있는 대양 x3
841,6학년,세계 여러 나라의 자연과 문화,,"태평양, 대서양, 인도양이란 무엇인가요?",북반구에 있는 대양
842,6학년,세계 여러 나라의 자연과 문화,,북극해이란 무엇인가요?,남반구에 있는 대양
843,6학년,세계 여러 나라의 자연과 문화,,남극해이란 무엇인가요?,"아시아, 오세아니아, 북아메리카, 남아메리카 대륙 사이에 있는 대양"
844,6학년,세계 여러 나라의 자연과 문화,,태평양이란 무엇인가요?,"아프리카, 유럽, 북아메리카, 남아메리카에 둘러싸여 있는 대양"
845,6학년,세계 여러 나라의 자연과 문화,,대서양이란 무엇인가요?,"아시아, 아프리카, 오세아니아에 인접해 있는 대양"
846,6학년,세계 여러 나라의 자연과 문화,,인도양이란 무엇인가요?,"아시아, 유럽, 북아메리카에 둘러싸여 있는 대양"
847,6학년,세계 여러 나라의 자연과 문화,,북극해이란 무엇인가요?,남극대륙을 둘러싸고 있는 대양
848,6학년,세계 여러 나라의 자연과 문화,,남극해이란 무엇인가요?,우리나라와 인접해 있는 대양
849,6학년,세계 여러 나라의 자연과 문화,,태평양이란 무엇인가요?,대서양은 대체로 ( )자형을 이루고 있다.
850,6학년,세계 여러 나라의 자연과 문화,,"둥근 지구를 평면으로 나타내 대륙이나 바다의 모양, 거리, 면적이 실제와 다른이란 무엇인가요?",경우가 있기 때문에 주의해야 한다. ( )는 실제 면적에 가깝다.
851,6학년,세계 여러 나라의 자연과 문화,,적도 부근의 나라이란 무엇인가요?,( )로 갈수록 왜곡이 심해진다.
852,6학년,세계 여러 나라의 자연과 문화,,고위도(극지방)이란 무엇인가요?,영국 vs 우리나라
853,6학년,세계 여러 나라의 자연과 문화,,영국이 더 커보이지만 실제 한반도의 면적은 영국과 비슷하다.이란 무엇인가요?,러시아 vs 오스트레일리아
854,6학년,세계 여러 나라의 자연과 문화,,오스트레일리아가 훨씬 작아보이지만 실제로는 러시아 영토의 절반 정도로 크다.이란 무엇인가요?,지구본 이용 장점
855,6학년,세계 여러 나라의 자연과 문화,,한 시야에서 멀리 떨어진 두 나라를 비교하기 어렵다.이란 무엇인가요?,디지털 영상 지도 이용 장점
856,6학년,세계 여러 나라의 자연과 문화,,한 나라의 영토를 그대로 다른 나라와 옮겨서 정확하게 나라별 실제 면적을이란 무엇인가요?,비교할 수 있다. 영토의 면적이 가장 넓은 나라
857,6학년,세계 여러 나라의 자연과 문화,,러시아이란 무엇인가요?,영토의 면적이 가장 좁은 나라
858,6학년,세계 여러 나라의 자연과 문화,,바티칸 시국이란 무엇인가요?,우리나라 영토의 면적과 비슷한 나라
859,6학년,세계 여러 나라의 자연과 문화,,"라오스(아시아), 가이아나(남아메리카)이란 무엇인가요?",지구 표면 위에 있는 두 지점 사이의 최단 거리를 따르는 항로
860,6학년,세계 여러 나라의 자연과 문화,,대권 항로 *2010이란 무엇인가요?,( )을 이용해 찾아야 한다.
861,6학년,세계 여러 나라의 자연과 문화,,6사07-03 성취기준의 내용은 무엇인가요?,교수·학습 방향 및 유의 사항 Ÿ 세계 지리 학습은 장소나 지역을 기반으로 통합된 주제를 다룬다는 특성에 비추어 대주제를 하위 주제로 세분하여 할당하는 협동 학습 방법을
862,6학년,세계 여러 나라의 자연과 문화,,6사07-04 성취기준의 내용은 무엇인가요?,교수·학습 방향 및 유의 사항 Ÿ 세계 지리 학습은 장소나 지역을 기반으로 통합된 주제를 다룬다는 특성에 비추어 대주제를 하위 주제로 세분하여 할당하는 협동 학습 방법을
863,6학년,세계 여러 나라의 자연과 문화,,문화 결정론이란 무엇인가요?,인간과 자연이 서로 영향을 주고받는다는 입장
864,6학년,세계 여러 나라의 자연과 문화,,생태학적 관점이란 무엇인가요?,"기후를 나타내는 지표를 ( )라고 하고, 기후가 나타나게 하는 원인을 ( )이라고 한다."
865,6학년,세계 여러 나라의 자연과 문화,,"기후 요소, 기후 요인이란 무엇인가요?",3대 기후 요소
866,6학년,세계 여러 나라의 자연과 문화,,"기온, 강수, 바람이란 무엇인가요?",기후 요인
867,6학년,세계 여러 나라의 자연과 문화,,"위도(=적도와의 거리), 해발 고도, 수륙 분포, 기단, 전선 등이란 무엇인가요?",북반구와 남반구는 ( )이 서로 반대이다.
868,6학년,세계 여러 나라의 자연과 문화,,계절이란 무엇인가요?,"대륙은 온도가 ( ) 데워지고 ( ) 식지만 바다는 온도가 ( ) 데워지고 ( ) 식는다. 그래서 대륙이 바다와 가까울수록 기온의 차이가 ( )고, 대륙이 바다와 멀수록 기 온의 차이가 ( )다."
869,6학년,세계 여러 나라의 자연과 문화,,"빨리, 빨리, 천천히, 천천히, 적, 크이란 무엇인가요?",해발 고도가 높을수록 ( )이 적어져 기온이 ( ).
870,6학년,세계 여러 나라의 자연과 문화,,"태양 에너지를 받은 지표에서 방출하는 복사 에너지의 양, 낮아진다이란 무엇인가요?",세계 6대 기후★
871,6학년,세계 여러 나라의 자연과 문화,,"열대 기후, 건조 기후, 온대 기후, 냉대 기후, 한대 기후, 고산 기후이란 무엇인가요?",세계의 기후 분포 세계 기후 분포의
872,6학년,세계 여러 나라의 자연과 문화,,"적도 지방, 극지방이란 무엇인가요?","태양열을 많이 받는(일사량이 많은) ( ) 부근은 ( ) 기후가 나타나고, 태양열을 적게 받는(일사량이 적은) ( ) 부근은 ( ) 기후가 나타난다."
873,6학년,세계 여러 나라의 자연과 문화,,"적도, 열대, 극지방, 한대이란 무엇인가요?",각 나라의 ( )나 ( )에 따라 기후가 다르게 나타나기도 한다.
874,6학년,세계 여러 나라의 자연과 문화,,"위치, 지형이란 무엇인가요?",( )가 높은 고산 지대는 일 년 내내 날씨가 서늘한 ( ) 기후가 나타난다.
875,6학년,세계 여러 나라의 자연과 문화,,"해발 고도, 고산이란 무엇인가요?",세계의 다양한 기후 ★
876,6학년,세계 여러 나라의 자연과 문화,,"고산 기후, 위도, 해발 고도이란 무엇인가요?","기후 요인 종류x2 지형, 위도처럼 거의 변하지 않는 요인"
877,6학년,세계 여러 나라의 자연과 문화,,지리적 요인이란 무엇인가요?,"기단, 전선, 기압 배치와 같이 수시로 변하는 요인"
878,6학년,세계 여러 나라의 자연과 문화,,동적 요인이란 무엇인가요?,"세계의 기온 분포를 살펴보면, 저위도에서 고위도로 갈수록 대체로 연평균 기온이 ( )."
879,6학년,세계 여러 나라의 자연과 문화,,낮아진다 ← 위도 영향이란 무엇인가요?,"같은 대륙이라 하더라도 동안에 있는지, 서안에 있는지에 따라 기후 차 이가 뚜렷하게 나타나는 것과 관계된 기후 요인"
880,6학년,세계 여러 나라의 자연과 문화,,지리적 위치이란 무엇인가요?,유라시아 서안
881,6학년,세계 여러 나라의 자연과 문화,,수륙 분포이란 무엇인가요?,육지와 해양은 ( )가 있어서 온도 변화가 다르게 나타난다.
882,6학년,세계 여러 나라의 자연과 문화,,비열 차이이란 무엇인가요?,육지의 온도 변화가 해양보다 크기 때문에 해양성 기후는 연교차가 ( ) 대륙성 기후는 연교차가 ( ).
883,6학년,세계 여러 나라의 자연과 문화,,"작고, 크다이란 무엇인가요?",광범위한 바닷물의 이동
884,6학년,세계 여러 나라의 자연과 문화,,"꺾은선, 막대이란 무엇인가요?",어떤 기후? ★
885,6학년,세계 여러 나라의 자연과 문화,,한대 기후이란 무엇인가요?,"열대 작물 재배, 화전 농업, 얌과 카사바, 사파리 관광 산업"
886,6학년,세계 여러 나라의 자연과 문화,,열대 기후이란 무엇인가요?,"침엽수림, 펄프용 목재 생산, 펄프 공업, 이즈바"
887,6학년,세계 여러 나라의 자연과 문화,,냉대 기후이란 무엇인가요?,"보고타(콜롬비아), 라파스(볼리비아), 마추픽추(페루)"
888,6학년,세계 여러 나라의 자연과 문화,,고산 기후이란 무엇인가요?,"강 주변의 농경지, 사막 지역의 마을, 진흙집과 게르"
889,6학년,세계 여러 나라의 자연과 문화,,건조 기후이란 무엇인가요?,"순록을 기르는 유목 생활, 송유관, 과학 기지"
890,6학년,세계 여러 나라의 자연과 문화,,한대 기후이란 무엇인가요?,"벼농사, 목화 재배, 화훼 농업, 올리브 재배"
891,6학년,세계 여러 나라의 자연과 문화,,적도를 중심으로 한 저위도 지역이란 무엇인가요?,특성 열대 우림 기후
892,6학년,세계 여러 나라의 자연과 문화,,"위도 20° 일대, 바다와 멀리 떨어진 곳이란 무엇인가요?",특성 사막 기후
893,6학년,세계 여러 나라의 자연과 문화,,분포 범위가 넓어 지역마다 다양한 특징이 나타난다.이란 무엇인가요?,온대 계절풍 기후 (온대 동안 기후)
894,6학년,세계 여러 나라의 자연과 문화,,평균 기온이 낮아 땅속이 계속 얼어 있다.이란 무엇인가요?,툰드라 기후
895,6학년,세계 여러 나라의 자연과 문화,,일 년 내내 월평균 기온이 15°C 내외로 날씨가 온화하다(서늘하다).이란 무엇인가요?,고산 기후가 나타나는 까닭★
896,6학년,세계 여러 나라의 자연과 문화,,"식생*, 기온, 강수량이란 무엇인가요?",*식생(식물의 집단): 기후를 구분하기 위해 사용했던 최초의 기준 기후 구분 나무가 자랄 수
897,6학년,세계 여러 나라의 자연과 문화,,수상 가옥이란 무엇인가요?,세계 여러 나라에서 다양한 생활 모습이 나타나는 까닭
898,6학년,세계 여러 나라의 자연과 문화,,"세계 각 지역의 자연환경(지형, 기후 등)과 인문환경(풍습, 종교 등)이 그곳에이란 무엇인가요?",사는 사람들의 생활 모습에 영향을 미치기 때문이다. 다른 나라 문화를 보는 관점
899,6학년,세계 여러 나라의 자연과 문화,,문화 상대주의이란 무엇인가요?,자기가 속한 사회의 문화만이 우월하다고 생각하며 다른 사회의 문화를 부정적으로 평가하고 배척하는 태도
900,6학년,세계 여러 나라의 자연과 문화,,자문화 중심주의이란 무엇인가요?,다른 사회의 문화를 수준 높고 우수한 것으로 여기고 자기가 속한 사회의 문화를 부정적으로 여기는 태도
901,6학년,세계 여러 나라의 자연과 문화,,문화 사대주의이란 무엇인가요?,"3) 우리나라와 가까운 나라들 [6사07-05] 우리나라와 관계 깊은 나라들의 기초적인 지리 정보를 조사하고, 정치·경제·문화면에서 맺고 있는 상호 의존 관계를 탐구한다. [6사07-06] 이웃 나라들(중국, 일본, 러시아)의 자연적·인문적 특성과 교류 현황을 조사하고, 이를 바탕으로 하여 상호 이해와 협력의 태도를 기른다. 교수·학습 방향 및"
902,6학년,세계 여러 나라의 자연과 문화,,6사07-05 성취기준의 내용은 무엇인가요?,교수·학습 방향 및 유의 사항 Ÿ 세계 지리 학습에서는 지식 영역 이외에도 도해력을 포함한 다양한 기능(무엇인가를 할 수 있는 능력) 영역을 평가할 수 있다.
903,6학년,세계 여러 나라의 자연과 문화,,지리 정보이란 무엇인가요?,"서로 다른 개인, 지역, 나라 사이에서 물건이나 문화, 사상 등을 서로 주고받는 것"
904,6학년,세계 여러 나라의 자연과 문화,,교류이란 무엇인가요?,자국 중심의 사고나 행동에서 벗어나 지구촌 시민으로서 사회 현상을 이해 하고 공동의 문제를 해결하고자 협력하는 등의 자질을 육성하는 교육
905,6학년,세계 여러 나라의 자연과 문화,,지구촌 교육이란 무엇인가요?,지리 정보의 종류 x3 공간 정보
906,6학년,세계 여러 나라의 자연과 문화,,서쪽이란 무엇인가요?,우리나라보다 영토가 ( ).
907,6학년,세계 여러 나라의 자연과 문화,,훨씬 넓다이란 무엇인가요?,자연환경 지형
908,6학년,세계 여러 나라의 자연과 문화,,"서쪽에서 동쪽으로 갈수록 낮아진다. (∵ 티베트고원, 화베이평야)이란 무엇인가요?",인문환경 세계에서 ( )가 가장 많다.
909,6학년,세계 여러 나라의 자연과 문화,,인구이란 무엇인가요?,( )에 주요 항구와 대도시가 있다.
910,6학년,세계 여러 나라의 자연과 문화,,동부 지역 바닷가이란 무엇인가요?,일본 위치와 면적 우리나라의 ( )에 위치한다.
911,6학년,세계 여러 나라의 자연과 문화,,동쪽이란 무엇인가요?,우리나라보다 영토가 ( ).
912,6학년,세계 여러 나라의 자연과 문화,,조금 넓다이란 무엇인가요?,"자연환경 ( )과 ( )로 이루어졌으며, 해안선이 ( )."
913,6학년,세계 여러 나라의 자연과 문화,,"네 개의 큰 섬, 3000개가 넘는 작은 섬들, 매우 복잡하다이란 무엇인가요?",국토 대부분이 ( )이며 ( )이 많고 ( )이 활발하다.
914,6학년,세계 여러 나라의 자연과 문화,,섬나라이기 때문에 습하고 비와 눈이 많이 내린다.이란 무엇인가요?,인문환경 ( )을 따라 ( )이 발달했다.
915,6학년,세계 여러 나라의 자연과 문화,,"원료 수입과 제품 수출에 유리한 태평양 연안, 공업 지역이란 무엇인가요?",러시아 위치와 면적 우리나라의 ( )에 위치한다.
916,6학년,세계 여러 나라의 자연과 문화,,북쪽이란 무엇인가요?,영토가 ( ).
917,6학년,세계 여러 나라의 자연과 문화,,세계에서 가장 넓다.이란 무엇인가요?,자연환경 기후
918,6학년,세계 여러 나라의 자연과 문화,,세계에서 가장 추운 마을(오이먀콘)이 있다.이란 무엇인가요?,"동부는 주로 ( )이며, 서부는 ( )이 넓게 자리한다."
919,6학년,세계 여러 나라의 자연과 문화,,"고원과 산악 지대, 평원이란 무엇인가요?",인문환경 대부분의 인구가 ( )에 집중해 있다.
920,6학년,세계 여러 나라의 자연과 문화,,서남부 지역이란 무엇인가요?,( )을 바탕으로 한 산업이 발달했다.
921,6학년,세계 여러 나라의 자연과 문화,,풍부한 천연자원이란 무엇인가요?,"이웃 나라의 인구 분포 중국 수도는 ( )이며, ( )에 인구가 밀집해 있다."
922,6학년,세계 여러 나라의 자연과 문화,,"베이징, 동부 지역이란 무엇인가요?","일본 수도는 ( )이며, ( )에 사람이 많이 살고 있다."
923,6학년,세계 여러 나라의 자연과 문화,,"도쿄, 해안가이란 무엇인가요?","러시아 수도는 ( )이며, ( )에 사람들이 많다."
924,6학년,세계 여러 나라의 자연과 문화,,"모스크바, 유럽에 가까운 서남부 지역이란 무엇인가요?",인구가 많은 지역의 자연환경과 인문환경 자연환경
925,6학년,세계 여러 나라의 자연과 문화,,"중국과 일본은 온대 기후 지역에, 러시아는 한대 기후보다 냉대 기이란 무엇인가요?",후나 건조 기후가 나타나는 곳에 인구가 많다. 인문환경
926,6학년,세계 여러 나라의 자연과 문화,,가까운 나라와 교류가 활발하다.이란 무엇인가요?,우리나라와 생활 모습이 비슷한 이웃 나라
927,6학년,통일 한국의 미래와 지구촌의 평화,,영토의 대부분이 아시아에 속하지만 대다수의 사람들이 유럽에 가까운 서부이란 무엇인가요?,지역에 살아 언어나 음식 문화 등 생활 모습은 유럽과 비슷하다. 교류는 일반적으로 무역을 통한 ( )와 사람들의 출입과 관련된 ( )로 나눌 수 있다.
928,6학년,통일 한국의 미래와 지구촌의 평화,,"물적 교류, 인적 교류이란 무엇인가요?",우리나라와 이웃 나라의 교류 모습 경제 교류 사례
929,6학년,통일 한국의 미래와 지구촌의 평화,,에너지이란 무엇인가요?,무역 현황 중국
930,6학년,통일 한국의 미래와 지구촌의 평화,,수출하는 것보다 수입하는 비중이 더 크다.이란 무엇인가요?,문화 교류 사례
931,6학년,통일 한국의 미래와 지구촌의 평화,,"문화 콘텐츠 산업의 교류, 학문적 교류이란 무엇인가요?",정치 교류 사례
932,6학년,통일 한국의 미래와 지구촌의 평화,,"미세 먼지 해결 방안 공동 논의, 한국·러시아 정상 회담(FTA 협상을 위한이란 무엇인가요?",절차 의논) 개최 우리나라와 관계 깊은 나라의 자연환경과
933,6학년,통일 한국의 미래와 지구촌의 평화,,대부분 온대 또는 냉대 기후가 나타난다.이란 무엇인가요?,( )로 구성되어 있다.
934,6학년,통일 한국의 미래와 지구촌의 평화,,50개의 주이란 무엇인가요?,( ) 쪽에 인구 밀도가 높은 편이다.
935,6학년,통일 한국의 미래와 지구촌의 평화,,동부이란 무엇인가요?,우리나라와의 관계
936,6학년,통일 한국의 미래와 지구촌의 평화,,"대표적인 수출입국(수출 2위, 수입 2위)이다.이란 무엇인가요?",사우디아라비아 기후
937,6학년,통일 한국의 미래와 지구촌의 평화,,대부분 사막(약 98%)이다.이란 무엇인가요?,주요 산업
938,6학년,통일 한국의 미래와 지구촌의 평화,,원유 수출(세계 주요 원유 수출국)이란 무엇인가요?,베트남 기후
939,6학년,통일 한국의 미래와 지구촌의 평화,,강수량이 많다.이란 무엇인가요?,주요 산업
940,6학년,통일 한국의 미래와 지구촌의 평화,,벼농사(세계 2위 수출국)이란 무엇인가요?,우리나라와의 관계
941,6학년,통일 한국의 미래와 지구촌의 평화,,주요 수출 국가(2017년도 3위)이다.이란 무엇인가요?,인도 기후
942,6학년,통일 한국의 미래와 지구촌의 평화,,영토 면적이 넓어 지역에 따라 다양한 기후가 나타난다.이란 무엇인가요?,주요 산업
943,6학년,통일 한국의 미래와 지구촌의 평화,,"화학, 전기 전자, 섬유, 영화 산업이란 무엇인가요?",우리나라와의 관계
944,6학년,통일 한국의 미래와 지구촌의 평화,,"우리나라는 인도에 철강, 반도체, 자동차 부품 등을 수출하고, 인도에서 화학이란 무엇인가요?","원료, 의료 등을 주로 수입한다. 우리나라와 세계 여러 나라 간의 교류 사례"
945,6학년,통일 한국의 미래와 지구촌의 평화,,전체 원유 수입량의 약 85% 정도를 서남아시아(사우디아라비아 등)에서 수입한다.이란 무엇인가요?,동남아시아 지역
946,6학년,통일 한국의 미래와 지구촌의 평화,,밀의 33%를 미국에서 수입하고 있다.이란 무엇인가요?,인간 생활에서 가치 있게 쓰이는 모든 것을 포괄하는 용어
947,6학년,통일 한국의 미래와 지구촌의 평화,,인적 교류이란 무엇인가요?,"2. 통일 한국의 미래와 지구촌의 평화 1) 한반도의 미래와 통일 [6사08-01] 독도를 지키려는 조상들의 노력을 역사적 자료를 통해 살펴보고, 독도의 위치 등 지리적 특성에 대한 이해를 바탕으로 하여 영토 주권 의식을 기른다. [6사08-02] 남북통일을 위한 노력을 살펴보고, 지구촌 평화에 기여하는 통일 한국의 미래상을 그려본다."
948,6학년,통일 한국의 미래와 지구촌의 평화,,6사08-01 성취기준의 내용은 무엇인가요?,교수·학습 방향 및 유의 사항 Ÿ 우리의 고유 영토인 독도 관련 역사적 자료와 지리적 특성에 대한 이해를 바탕으로 하여 국토 수호 의지와 영토 주권 의식을 함양함은
949,6학년,통일 한국의 미래와 지구촌의 평화,,6사08-02 성취기준의 내용은 무엇인가요?,교수·학습 방향 및 유의 사항 Ÿ 우리의 고유 영토인 독도 관련 역사적 자료와 지리적 특성에 대한 이해를 바탕으로 하여 국토 수호 의지와 영토 주권 의식을 함양함은
950,6학년,통일 한국의 미래와 지구촌의 평화,,남북통일이란 무엇인가요?,독도에서 울릉도까지의 거리가 독도에서 일본의 ( )까지의 거리보다 약 70km 더 가까워요. 날씨가 맑으면 울릉도에서 독도가 보인대요.
951,6학년,통일 한국의 미래와 지구촌의 평화,,"북위 37°, 동경 132°에 가까이 있다.이란 무엇인가요?",지리적 위치
952,6학년,통일 한국의 미래와 지구촌의 평화,,우리나라의 동쪽 끝에 있다.이란 무엇인가요?,관계적 위치
953,6학년,통일 한국의 미래와 지구촌의 평화,,동해의 한가운데에 자리 잡고 있어 선박의 항로뿐만 아니라 군사적으로 중요한이란 무엇인가요?,위치에 있다. 독도의 구성
954,6학년,통일 한국의 미래와 지구촌의 평화,,화산섬이란 무엇인가요?,( )로 지정해 보호하고 있다.
955,6학년,통일 한국의 미래와 지구촌의 평화,,천연기념물 제366호이란 무엇인가요?,바다의 밑바닥에 ( )가 묻혀 있다.
956,6학년,통일 한국의 미래와 지구촌의 평화,,가스 하이드레이트: 천연가스와 물이 결합한 고체 상태의 물질이란 무엇인가요?,독도를 지키려는 노력 조선 시대
957,6학년,통일 한국의 미래와 지구촌의 평화,,울릉도 도해 금지령: 울릉도와 독도에서 일본 어민들의 어업을 금하는 명령이란 무엇인가요?,오늘날 인터넷에서 우리나라와 관련된 잘못된 사실을 바로잡는 데 노력하고 있다.
958,6학년,통일 한국의 미래와 지구촌의 평화,,사이버 외교 사절단 반크이란 무엇인가요?,( )은 그 자체로 세계 평화에 기여할 수 있다.
959,6학년,통일 한국의 미래와 지구촌의 평화,,통일 한국이란 무엇인가요?,남북통일을 위한 다양한 노력 정치적 노력
960,6학년,통일 한국의 미래와 지구촌의 평화,,"남북 기본 합의서 채택, 남북 정상 회담 개최이란 무엇인가요?",경제적 노력
961,6학년,통일 한국의 미래와 지구촌의 평화,,"개성 공단 가동, 도로와 철도 연결이란 무엇인가요?","2) 지구촌의 평화와 발전 [6사08-03] 지구촌의 평화와 발전을 위협하는 다양한 갈등 사례를 조사하고 그 해결 방안을 탐색한다. [6사08-04] 지구촌의 평화와 발전을 위해 노력하는 다양한 행위 주체(개인, 국가, 국제기구, 비정부 기구 등)의 활동 사례를 조사한다. *2024 교수·학습 방향"
962,6학년,통일 한국의 미래와 지구촌의 평화,,6사08-03 성취기준의 내용은 무엇인가요?,교수·학습 방향 및 유의 사항 Ÿ 프로젝트법을 활용하여 개인이나 모둠별로 여러 국제기구 중 하나를 선택하여 활동 계획서를 작성해보도록 한다.
963,6학년,통일 한국의 미래와 지구촌의 평화,,지구촌 갈등 Ÿ ex. 내전이란 무엇인가요?,지구촌의 평화와 발전을 이루려는 의지를 가지고 행동하는 단체 또는 사람- 행위 주체 두 개 이상의 주권 국가로 구성되어 일정한 목적 아래 국제법상 독자적인 지위를 가지는 국제 조직
964,6학년,통일 한국의 미래와 지구촌의 평화,,"비정부 기구 *개인, 민간 단체가 모여서 만들어짐 *2024이란 무엇인가요?",지구촌 갈등의 사례
965,6학년,통일 한국의 미래와 지구촌의 평화,,"이스라엘과 팔레스타인의 갈등, 시리아 내전, 나이지리아 내전, 메콩강 유역의 갈등이란 무엇인가요?",행위 주체의 유형 x4
966,6학년,통일 한국의 미래와 지구촌의 평화,,"제1, 2차 세계 대전이란 무엇인가요?",산하 전문 기구 ★
967,6학년,통일 한국의 미래와 지구촌의 평화,,국제 노동 기구(ILO)이란 무엇인가요?,전쟁 등으로 살 곳을 잃은 난민들을 돕는다.
968,6학년,통일 한국의 미래와 지구촌의 평화,,유엔 난민 기구(UNHCR)이란 무엇인가요?,"교육, 과학, 문화 분야 등에서 국제 교류를 하면서 평화를 추구한다."
969,6학년,통일 한국의 미래와 지구촌의 평화,,유네스코(UNESCO)이란 무엇인가요?,원자력 에너지를 평화적이고 안전한 방법으로 이용하도록 노력한다.
970,6학년,통일 한국의 미래와 지구촌의 평화,,국제 원자력 기구(IAEA)이란 무엇인가요?,지구촌 갈등 해결을 위한 개인의 노력
971,6학년,통일 한국의 미래와 지구촌의 평화,,간디이란 무엇인가요?,남수단에서 의료 봉사와 교육에 헌신해 ‘한국의 슈바이처’로 불렸다.
972,6학년,통일 한국의 미래와 지구촌의 평화,,이태석 신부이란 무엇인가요?,미국의 사회 운동가로 지뢰 금지 국제 운동 단체 설립에 참여했다.
973,6학년,통일 한국의 미래와 지구촌의 평화,,조디 윌리엄스이란 무엇인가요?,여성 교육을 위해 활동한 파키스탄의 운동가로 누리소통망 서비스(SNS)를 이용해 탈레반 점령 지역의 생활과 여학생 교육의 문제점을 알리려고 노력했다.
974,6학년,통일 한국의 미래와 지구촌의 평화,,말랄라 유사프자이이란 무엇인가요?,지구촌 갈등 해결을 위한 비정부 기구
975,6학년,통일 한국의 미래와 지구촌의 평화,,그린피스이란 무엇인가요?,아동의 생존과 보호를 돕고 이를 위한 시민들의 참여를 실현하고자 활동한다.
976,6학년,통일 한국의 미래와 지구촌의 평화,,세이브 더 칠드런이란 무엇인가요?,유엔 핵무기 금지 협약을 끌어내 2017년 노벨 평화상 수상자로 선정되었다.
977,6학년,통일 한국의 미래와 지구촌의 평화,,핵무기 폐기 국제 운동(ICAN)이란 무엇인가요?,"가난한 지역과 전쟁, 자연재해 등으로 터전을 잃어버린 사람들에게 집을 지어주고 있다."
978,6학년,통일 한국의 미래와 지구촌의 평화,,해비타트이란 무엇인가요?,전 세계에 지뢰의 위험성을 알려 지뢰를 제거하고 희생자들의 인권을 보호하려고 노력한다.
979,6학년,통일 한국의 미래와 지구촌의 평화,,지뢰 금지 국제 운동(ICBL)이란 무엇인가요?,"3) 지속 가능한 지구촌 [6사08-05] 지구촌의 주요 환경 문제를 조사하여 해결 방안을 탐색하고, 환경 문제 해결에 협력하는 세계 시민의 자세를 기른다. [6사08-06] 지속 가능한 미래를 건설하기 위한 과제(친환경적 생산과 소비 방식 확산, 빈곤과 기아 퇴치, 문화적 편견과 차별 해소 등)를 조사하고, 세계 시민 으로서 이에 적극 참여하는 방안을 모색한다."
980,6학년,통일 한국의 미래와 지구촌의 평화,,6사08-05 성취기준의 내용은 무엇인가요?,으로서 이에 적극 참여하는 방안을 모색한다. 주요 개념 및 용어 해설
981,6학년,통일 한국의 미래와 지구촌의 평화,,"세계 시민 교육, 지속 가능 발전 교육이란 무엇인가요?",지속 가능한 미래는 ( )로 이루어진다.
982,6학년,통일 한국의 미래와 지구촌의 평화,,지속 가능한 발달이란 무엇인가요?,"지속 가능한 미래는 단지 ( )뿐만 아니라 ( ), ( ), ( ) 등을 포함한다."
983,6학년,통일 한국의 미래와 지구촌의 평화,,현재 세대의 필요성을 충족시키면서 미래 세대가 발전을 도모할 수 있는 능력에이란 무엇인가요?,피해를 주지 않는 발달 지구촌 환경 문제를 해결하기 위한 노력 국가지구 온난화의 원인이 되는 온실가스 배출을 줄이는 협정
984,6학년,통일 한국의 미래와 지구촌의 평화,,파리 기후 협정이란 무엇인가요?,세계2007년 호주 시드니에서 1년 1회 1시간 동안 여러 건물의 조명을 끄는 활동으로 시작된 캠페인
985,6학년,통일 한국의 미래와 지구촌의 평화,,세계 자연 기금(WWF)의 ‘지구촌 전등 끄기(Earth Hour)’ 캠페인이란 무엇인가요?,친환경적 소비를 위한 환경 마크
986,6학년,통일 한국의 미래와 지구촌의 평화,,GR 마크이란 무엇인가요?,"버튼을 누르는 운동 에너지를 전력으로 바꿔 건전지가 필요 없는 리모컨, 축구장을 뛰어다니며 발생하는 진동 에너지를 전력으로 전환해 사용하는 LED 조명 등 우리 주 변에서 버려지는 에너지를 전기 에너지로 변환해 사용하는 친환경 에너지 기술"
987,6학년,통일 한국의 미래와 지구촌의 평화,,에너지 하베스팅이란 무엇인가요?,세계 시민으로서 지녀야 할 자세와 태도
988,6학년,통일 한국의 미래와 지구촌의 평화,,서로의 다름과 다양성을 존중하고 지구촌 문제 해결에 적극적으로 동참하는이란 무엇인가요?,태도를 지녀야 한다.