"ID","학년","대단원","소단원","문제","정답"
"1","3학년","우리가 사는 곳","성취기준","[B] [4사01-01] 성취기준 해설은 무엇인가?","주변 장소의 경험과 느낌을 다양한 방식으로 표현하며 장소감의 차이를 이해하는 것"
"2","3학년","우리가 사는 곳","성취기준","[B] 장소감이란 무엇인가?","장소에 대한 인지·감정·태도·행동을 포괄하는 의미"
"3","3학년","우리가 사는 곳","성취기준 적용","[B] '우리가 사는 곳' 범위 설정 시 고려할 점은 무엇인가?","생활권 기반으로 탄력적으로 설정"
"4","3학년","우리가 사는 곳","용어","[A] 머릿속 장소 정보를 지도처럼 표현한 것은 무엇인가?","심상 지도"
"5","3학년","우리가 사는 곳","용어","[A] 개인 활동에 의해 형성되는 특정 장소에 대한 정서적 감정을 뜻하는 것은 무엇인가?","장소감"
"6","3학년","우리가 사는 곳","심상지도","[D] 심상지도의 세 유형을 쓰시오.","형태적·지시적·평가적 심상지도"
"7","3학년","우리가 사는 곳","심상지도","[A] 형태적 심상지도에서 표현 범위란 무엇을 의미하는가?","특정 지역을 어떤 범위로 표상하는가"
"8","3학년","우리가 사는 곳","심상지도","[A] 형태적 심상지도에서 외곽 형태란 무엇을 의미하는가?","지역의 외곽 모양이나 경계"
"9","3학년","우리가 사는 곳","심상지도","[A] 형태적 심상지도에서 내부 형태란 무엇을 의미하는가?","지역의 내부적 구성 형태"
"10","3학년","우리가 사는 곳","심상지도","[A] 지시적 심상지도에서 인문적 요소의 예시는 무엇인가?","행정구역·교통·교육·상업 등"
"11","3학년","우리가 사는 곳","심상지도","[A] 지시적 심상지도에서 자연적 요소의 예시는 무엇인가?","산·강·바다 등"
"12","3학년","우리가 사는 곳","심상지도","[A] 평가적 심상지도에서 지역 이미지란 무엇인가?","특정 지역에 대해 가지는 이미지"
"13","3학년","우리가 사는 곳","심상지도","[A] 평가적 심상지도에서 지역 수식어란 무엇인가?","지역에 부여하는 별칭이나 표현"
"14","3학년","우리가 사는 곳","심상지도","[D] O/X 퀴즈: 심상지도의 세 유형은 상호 배타적이다.,X","복합적이고 총체적으로 어우러짐"
"15","3학년","우리가 사는 곳","개념","[A] 거리·면적·밀도·방향 등 추상적·객관적 지표를 뜻하는 것은 무엇인가?","공간"
"16","3학년","우리가 사는 곳","개념","[A] 주관적·문화적 가치가 부여된 지표 범위를 뜻하는 것은 무엇인가?","장소"
"17","3학년","우리가 사는 곳","장소감","[D] 장소감의 세 가지 하위 영역을 쓰시오.","인지적·정의적·행동적 영역"
"18","3학년","우리가 사는 곳","장소감","[A] 일상 속에서 무의식적으로 형성된 지리를 무엇이라 하는가?","사적 지리"
"19","3학년","우리가 사는 곳","장소감","[A] 제도적으로 공인된 지리 지식을 무엇이라 하는가?","공적 지리"
"20","3학년","우리가 사는 곳","지리적 상상력","[B] 지리적 상상력이란 무엇인가?","개인의 경험을 바탕으로 공간과 장소를 인식해 세상을 이해하는 방식"
"21","3학년","우리가 사는 곳","지리적 상상력","[B] 지리적 상상력의 교육적 가치는 무엇인가?","학습 대상을 개인적 의미와 연결해 흥미와 안목을 높인다"
"22","3학년","우리가 사는 곳","성취기준","[B] [4사01-02] 성취기준 해설은 무엇인가?","주변 장소를 살펴보고 더 살기 좋은 곳으로 만드는 방안을 탐색한다"
"23","3학년","우리가 사는 곳","용어","[A] 항공·위성 사진을 지도 형식으로 변환한 것은 무엇인가?","영상 지도"
"24","3학년","우리가 사는 곳","용어","[A] 디지털로 변환해 컴퓨터에서 이용할 수 있는 지도는 무엇인가?","디지털 영상 지도"
"25","3학년","우리가 사는 곳","용어","[A] 특정 지역을 대표하는 지형이나 건물을 무엇이라 하는가?","랜드마크"
"26","3학년","우리가 사는 곳","용어","[A] 땅의 생김새와 땅 위 사물을 아우르는 용어는 무엇인가?","지형지물"
"27","3학년","우리가 사는 곳","용어","[A] 윤곽선만 간단히 그린 지도는 무엇인가?","백지도"
"28","3학년","우리가 사는 곳","용어","[A] 지구 궤도를 도는 비행 물체는 무엇인가?","인공위성"
"29","3학년","우리가 사는 곳","지도","[D] 디지털 영상 지도의 장점을 두 가지 쓰시오.","많은 정보·최신 유지 가능"
"30","3학년","우리가 사는 곳","지도","[D] 영상 지도의 장점을 두 가지 쓰시오.","알아보기 쉬움·융복합 활용 가능"
"31","3학년","우리가 사는 곳","공간 인식","[D] 공간 구조를 인식하는 3단계를 쓰시오.","조망력·분류력·구조 이해력"
"32","3학년","우리가 사는 곳","공간 인식","[A] 새가 하늘에서 땅을 보듯 전체를 살피는 능력은 무엇인가?","공간 조망력"
"33","3학년","우리가 사는 곳","공간 인식","[A] 공간 요소들을 기준별로 나누는 능력은 무엇인가?","공간 요소 분류력"
"34","3학년","우리가 사는 곳","공간 인식","[A] 위치·거리·형태·크기를 고려해 관계를 파악하는 능력은 무엇인가?","공간 구조 이해력"
"35","3학년","우리가 사는 곳","백지도","[D] 백지도를 활용한 학습의 장점 다섯 가지를 쓰시오.","공간 개념 형성·위치 이해·정리·흥미·예습·복습"
"36","3학년","우리가 사는 곳","백지도","[D] 백지도를 활용한 제한점 두 가지를 쓰시오.","정밀도 부족·지도 그릴 기회 상실"
"37","3학년","우리가 사는 곳","지리 정보 기술","[A] 지리 정보를 수집·저장·처리·전달하는 기술은 무엇인가?","지리 정보 기술"
"38","3학년","우리가 사는 곳","지리 정보 기술","[D] 지리 정보 기술의 세 가지 종류를 쓰시오.","GIS·원격 탐사·GPS"
"39","3학년","우리가 사는 곳","지리 정보 기술","[B] 지리 정보 기술의 발달은 무엇의 핵심이 되는가?","지리적 문해력"
"40","3학년","우리가 사는 곳","GIS","[A] 여러 지리 정보를 수집·저장·분석하는 시스템은 무엇인가?","GIS"
"41","3학년","우리가 사는 곳","GIS","[D] GIS에서 여러 종류의 정보는 어디에 저장되는가?","레이어"
"42","3학년","우리가 사는 곳","GPS","[A] 위성 신호를 수신해 위치를 계산하는 시스템은 무엇인가?","GPS"
"43","3학년","우리가 사는 곳","드론","[A] 조종사 없이 무선 전파로 조종되는 비행체를 무엇이라 하는가?","드론"
"44","3학년","우리가 사는 곳","방위","[A] 북극성을 기준으로 하는 방위는 무엇인가?","절대 방위"
"45","3학년","우리가 사는 곳","방위","[A] 나를 기준으로 앞·뒤·좌·우를 정하는 방위는 무엇인가?","상대 방위"
"46","3학년","일상에서 만나는 과거","성취기준","[B] [4사02-01] 성취기준 해설은 무엇인가?","일상 속 사례로 역사의 시간 개념을 이해한다"
"47","3학년","일상에서 만나는 과거","성취기준","[B] [4사02-03] 성취기준 해설은 무엇인가?","지역의 변화와 지속을 탐구해 생활 변화를 이해한다"
"48","3학년","일상에서 만나는 과거","용어","[A] 땅에 붙인 이름을 무엇이라 하는가?","지명"
"49","3학년","일상에서 만나는 과거","용어","[A] 지명의 전승 내력을 무엇이라 하는가?","지명 유래"
"50","3학년","일상에서 만나는 과거","용어","[A] 옛날부터 전해 내려오는 꾸며낸 이야기를 무엇이라 하는가?","옛이야기"
"51","3학년","일상에서 만나는 과거","설화","[A] 일정한 구조를 가진 꾸며낸 이야기를 무엇이라 하는가?","설화"
"52","3학년","일상에서 만나는 과거","설화","[B] 설화가 자료적 가치를 가지기 위한 조건은 무엇인가?","구조·교훈성·흥미성·허구성"
"53","3학년","일상에서 만나는 과거","신화","[A] 신적 존재를 중심으로 한 이야기 유형은 무엇인가?","신화"
"54","3학년","일상에서 만나는 과거","전설","[A] 증거물과 함께 진실하다고 믿는 이야기를 무엇이라 하는가?","전설"
"55","3학년","일상에서 만나는 과거","민담","[A] 일상적 인간이나 동물이 등장하는 이야기는 무엇인가?","민담"
"56","3학년","일상에서 만나는 과거","답사","[A] 유적지를 직접 방문하여 조사하는 것을 무엇이라 하는가?","답사"
"57","3학년","일상에서 만나는 과거","면담","[A] 공식적 성격을 가진 대화 형태를 무엇이라 하는가?","면담"
"58","3학년","일상에서 만나는 과거","옛이야기","[B] 고장의 옛이야기가 중요한 이유는 무엇인가?","고장의 이름·유래와 생활·자연환경을 알 수 있음"
"59","3학년","우리 지역의 문화유산","성취기준","[B] [4사06-01] 성취기준 해설은 무엇인가?","지역 문화유산의 의미와 유형을 이해하고 가치를 탐색"
"60","3학년","우리 지역의 문화유산","성취기준","[B] [4사06-02] 성취기준 해설은 무엇인가?","박물관·유적지를 방문해 역사를 이해하고 태도를 기름"
"61","3학년","우리 지역의 문화유산","용어","[A] 대대로 물려줄 만한 가치를 지닌 문화를 무엇이라 하는가?","문화유산"
"62","3학년","우리 지역의 문화유산","용어","[A] 형태가 있는 문화재는 무엇인가?","유형 문화재"
"63","3학년","우리 지역의 문화유산","용어","[A] 공연·노래·춤 등 형태 없는 문화재를 무엇이라 하는가?","무형 문화재"
"64","3학년","우리 지역의 문화유산","용어","[A] 역사적 가치가 큰 장소를 일컫는 말은 무엇인가?","사적"
"65","3학년","우리 지역의 문화유산","용어","[A] 뛰어난 자연·인공 경관을 뜻하는 문화유산은 무엇인가?","명승"
"66","3학년","우리 지역의 문화유산","용어","[A] 학술적 가치가 큰 동식물·지질 관련 지역을 무엇이라 하는가?","천연기념물"
"67","3학년","우리 지역의 문화유산","용어","[A] 옷·집·도구 등 전통 생활을 알 수 있는 것을 무엇이라 하는가?","민속 자료"
"68","3학년","우리 지역의 문화유산","용어","[A] 국가나 시·도가 지정한 문화재를 무엇이라 하는가?","지정 문화재"
"69","3학년","우리 지역의 문화유산","용어","[A] 시대를 대표하고 특별한 가치를 지닌 국가 지정 문화재는 무엇인가?","국보"
"70","3학년","우리 지역의 문화유산","용어","[A] 국보보다 범위가 넓은 국가 지정 문화재는 무엇인가?","보물"
"71","3학년","우리 지역의 문화유산","용어","[A] 국제연합 유네스코가 지정하는 문화유산은 무엇인가?","유네스코 세계유산"
"72","3학년","우리 지역의 문화유산","문화재","[B] 문화재와 문화유산의 차이는 무엇인가?","문화유산은 생활양식·음악·민속 등 비물질까지 포괄"
"73","3학년","우리 지역의 문화유산","답사","[B] 답사가 견학과 다른 핵심은 무엇인가?","조사의 깊이"
"74","3학년","우리 지역의 문화유산","용어","[A] 문화유산을 안내·설명하는 전문 해설가는 누구인가?","문화관광 해설사"
"75","3학년","우리 지역의 문화유산","용어","[A] 문화재 보존·홍보에 자발적으로 참여하는 인력을 무엇이라 하는가?","문화재 지킴이"
"76","3학년","옛날과 오늘날의 생활","성취기준","[B] [4사04-02] 성취기준 해설은 무엇인가?","교통 발달에 따른 이동·생활 변화 이해"
"77","3학년","옛날과 오늘날의 생활","교통","[A] 자동차·기차 등으로 사람·화물을 나르는 일을 무엇이라 하는가?","교통"
"78","3학년","옛날과 오늘날의 생활","교통","[A] 사람·물자를 옮기는 수단을 무엇이라 하는가?","교통수단"
"79","3학년","옛날과 오늘날의 생활","교통","[D] 교통의 세 가지 기능을 쓰시오.","경제적·사회적·전략적 기능"
"80","3학년","옛날과 오늘날의 생활","교통","[A] 장소적 거리를 극복하여 효율성을 높이는 기능은 무엇인가?","경제적 기능"
"81","3학년","옛날과 오늘날의 생활","교통","[B] 교통 발달의 경제적 효과는 무엇인가?","산업 생산력 증가·시장 확대·운송비 절감"
"82","3학년","옛날과 오늘날의 생활","교통","[D] 옛날 교통수단의 힘과 오늘날 교통수단의 힘을 비교하시오.","옛날: 자연·동물 / 오늘날: 석유·전기"
"83","3학년","옛날과 오늘날의 생활","생활권","[A] 일상생활이 이루어지는 공간 범위를 무엇이라 하는가?","생활권"
"84","3학년","옛날과 오늘날의 생활","생활권","[B] 오늘날 생활권의 특징은 무엇인가?","교통·통신 발달로 매우 넓어지고 경계가 불분명해짐"
"85","3학년","옛날과 오늘날의 생활","생활권","[A] 하루 안에 다녀올 수 있는 생활권은 무엇인가?","1일 생활권"
"86","3학년","옛날과 오늘날의 생활","생활권","[A] 반나절 동안 다녀올 수 있는 생활권은 무엇인가?","반나절 생활권"
"87","3학년","옛날과 오늘날의 생활","생활권","[D] 생활권에 큰 영향을 주는 두 가지 요소를 쓰시오.","교통·통신"
"88","3학년","옛날과 오늘날의 생활","시간 거리","[A] 특정 지점까지 소요되는 시간을 무엇이라 하는가?","시간 거리"
"89","3학년","옛날과 오늘날의 생활","시간 거리","[B] 교통 발달이 시간 거리에 미치는 영향은 무엇인가?","줄어들어 멀던 장소를 가깝게 느낌"
"90","3학년","옛날과 오늘날의 생활","시간 거리","[D] 시간 거리가 줄어드는 두 가지 요인을 쓰시오.","교통수단 발달·교통시설 발달"
"91","3학년","옛날과 오늘날의 생활","시공간","[B] 상대적 거리 단축으로 세계가 좁아지는 현상을 무엇이라 하는가?","시공간의 수렴화"
"92","3학년","옛날과 오늘날의 생활","교통","[D] 교통의 세 요소를 쓰시오.","교통 주체·교통 수단·교통 시설"
"93","3학년","옛날과 오늘날의 생활","교통","[B] 교통은 반드시 무엇을 수반하는가?","이동"
"94","3학년","옛날과 오늘날의 생활","퍼스널 모빌리티","[A] 전동 킥보드 등 개인 이동 수단을 무엇이라 하는가?","퍼스널 모빌리티"
"95","3학년","옛날과 오늘날의 생활","퍼스널 모빌리티","[B] 퍼스널 모빌리티의 장점은 무엇인가?","간단한 사용·저렴한 연료비·휴대 편리"
"96","3학년","옛날과 오늘날의 생활","교통","[A] 대중교통 이용에 불편을 겪는 사람을 무엇이라 하는가?","교통 약자"
"97","3학년","옛날과 오늘날의 생활","교통","[A] 유치원·학교 주변에 설정된 특별 보호구역을 무엇이라 하는가?","어린이 보호구역"
"98","3학년","옛날과 오늘날의 생활","교통","[B] 미래 교통수단을 상상하며 기를 수 있는 역량은 무엇인가?","창의적 사고력"
"99","3학년","옛날과 오늘날의 생활","통신","[A] 소식을 전하거나 의사를 전달하는 것을 무엇이라 하는가?","통신"
"100","3학년","옛날과 오늘날의 생활","통신","[A] 통신을 가능케 하는 기술적 수단은 무엇이라 하는가?","통신수단"
"101","3학년","옛날과 오늘날의 생활","통신","[B] 정보통신기술 발달이 극복하게 해 준 것은 무엇인가?","시공간의 제약(물리적 거리)"
"102","3학년","옛날과 오늘날의 생활","통신","[D] 옛날 통신수단 중 글을 붙여 알리는 것을 무엇이라 하는가?","방"
"103","3학년","옛날과 오늘날의 생활","통신","[A] 소식을 적어 보내는 글은 무엇인가?","서찰"
"104","3학년","옛날과 오늘날의 생활","통신","[A] 직접 가서 문서를 전달하는 옛날 통신수단은 무엇인가?","파발"
"105","3학년","옛날과 오늘날의 생활","통신","[A] 말을 타고 가서 전달하는 파발의 한 형태는 무엇인가?","기발"
"106","3학년","옛날과 오늘날의 생활","통신","[A] 걸어서 문서를 전달하는 파발의 한 형태는 무엇인가?","보발"
"107","3학년","옛날과 오늘날의 생활","통신","[A] 불꽃·연기로 알리던 통신수단은 무엇인가?","봉수"
"108","3학년","옛날과 오늘날의 생활","통신","[A] 북을 쳐서 알리던 통신수단은 무엇인가?","북"
"109","3학년","옛날과 오늘날의 생활","통신","[A] 무늬와 색깔로 신호를 전달하던 수단은 무엇인가?","신호연"
"110","3학년","옛날과 오늘날의 생활","통신","[A] 집으로 돌아오는 성질을 활용한 통신수단은 무엇인가?","비둘기(전서구)"
"111","3학년","옛날과 오늘날의 생활","통신","[A] 개인이 인터넷 미디어에 제작물을 올리는 활동은 무엇인가?","1인 미디어"
"112","3학년","옛날과 오늘날의 생활","집단 지성","[A] 네트워크로 협력해 지식을 만드는 것을 무엇이라 하는가?","집단 지성"
"113","3학년","옛날과 오늘날의 생활","집단 지성","[D] 집단 지성의 세 가지 특징을 쓰시오.","참여·수정·축적"
"114","3학년","옛날과 오늘날의 생활","통신","[D] 미래 정보통신기술의 세 가지 특징을 쓰시오.","융합화·지능화·네트워크화"
"115","3학년","옛날과 오늘날의 생활","통신","[B] 오늘날 활발한 매개 의사소통 수단 두 가지는 무엇인가?","컴퓨터·모바일 메신저"
"116","3학년","옛날과 오늘날의 생활","통신","[A] 기기간 네트워크로 연결되어 자동 처리하는 기술은 무엇인가?","사물 인터넷(IoT)"
"117","3학년","옛날과 오늘날의 생활","통신","[A] 스마트폰이 없을 때 불안감을 느끼는 현상은 무엇인가?","노모포비아"
"118","3학년","옛날과 오늘날의 생활","통신","[B] 노모포비아 대응을 위한 운동은 무엇인가?","디지털 디톡스 운동"
"119","3학년","다양한 환경과 삶","성취기준","[B] [4사10-01] 성취기준 해설은 무엇인가?","자연·인문환경 특징을 살펴보고 변화 탐구"
"120","3학년","다양한 환경과 삶","성취기준","[B] [4사10-02] 성취기준 해설은 무엇인가?","도시 사례로 인구·교통·산업과 삶의 모습 이해"
"121","3학년","다양한 환경과 삶","용어","[A] 인간을 둘러싼 모든 것을 무엇이라 하는가?","환경"
"122","3학년","다양한 환경과 삶","용어","[A] 사람이 만들지 않은 환경은 무엇인가?","자연환경"
"123","3학년","다양한 환경과 삶","용어","[A] 사람이 만든 환경은 무엇인가?","인문환경"
"124","3학년","다양한 환경과 삶","용어","[A] 필요한 것을 만들어내는 활동은 무엇인가?","생산 활동"
"125","3학년","다양한 환경과 삶","용어","[A] 남는 시간에 즐기는 활동은 무엇인가?","여가 생활"
"126","3학년","다양한 환경과 삶","자연환경","[D] 자연환경의 두 가지 요소를 쓰시오.","지형·기후"
"127","3학년","다양한 환경과 삶","기후","[D] 기후의 세 요소를 쓰시오.","기온·강수·바람"
"128","3학년","다양한 환경과 삶","기후 요인","[D] 기후에 영향을 주는 요인 다섯 가지를 쓰시오.","위도·해류·해발고도·기단·지형 등"
"129","3학년","다양한 환경과 삶","인문환경","[D] 인문환경의 네 가지 예시를 쓰시오.","시설·교통·문화·산업"
"130","3학년","다양한 환경과 삶","사고력","[D] 지리적 사고력의 세 가지 유형을 쓰시오.","분포적·관계적·지역적 사고"
"131","3학년","다양한 환경과 삶","촌락","[D] 촌락의 세 가지 유형을 쓰시오.","농촌·어촌·산지촌"
"132","3학년","다양한 환경과 삶","촌락","[D] O/X 퀴즈: 평야=농촌,해안=어촌,산간=산지촌이다.,X","지형과 직업 기준이 다름"
"133","3학년","다양한 환경과 삶","촌락","[A] 어촌의 다수 형태는 어떤 유형인가?","반농반어촌"
"134","3학년","다양한 환경과 삶","촌락","[A] 산지촌의 다수 형태는 어떤 유형인가?","반농반산지촌"
"135","3학년","다양한 환경과 삶","의식주","[A] 사람이 살아가는 기본 요건은 무엇인가?","의식주"
"136","3학년","다양한 환경과 삶","의식주","[B] 의식주는 무엇에 많은 영향을 받는가?","자연환경"
"137","3학년","다양한 환경과 삶","가옥","[A] 비가 많은 지역에서 땅을 띄워 짓는 집은 무엇인가?","고상 가옥"
"138","3학년","다양한 환경과 삶","가옥","[A] 사막 건조지대에서 흙으로 짓는 집은 무엇인가?","흙집"
"139","3학년","다양한 환경과 삶","가옥","[A] 숲 지역에서 나무를 쌓아 만든 집은 무엇인가?","이즈바"
"140","3학년","일상에서 만나는 과거","생활도구","[D] 의식주를 중심으로 발달한 세 가지 도구를 쓰시오.","농사·조리·옷 도구"
"141","3학년","일상에서 만나는 과거","생활도구","[D] 구석기 시대 주거 두 가지를 쓰시오.","동굴·바위그늘"
"142","3학년","일상에서 만나는 과거","생활도구","[D] 신석기 시대 주거를 쓰시오.","움집"
"143","3학년","일상에서 만나는 과거","생활도구","[A] 통나무·진흙으로 만든 네모난 집은 무엇인가?","귀틀집"
"144","3학년","일상에서 만나는 과거","생활도구","[A] 볏집으로 지붕을 덮은 집은 무엇인가?","초가집"
"145","3학년","일상에서 만나는 과거","생활도구","[A] 구운 기와로 지붕을 덮은 집은 무엇인가?","기와집"
"146","3학년","일상에서 만나는 과거","생활도구","[A] 현대에 시멘트·철근으로 지은 집은 무엇인가?","공동주택"
"147","3학년","일상에서 만나는 과거","생활도구","[D] 땅을 가는 도구의 변화를 순서대로 쓰시오.","돌괭이→철괭이→쟁기→트랙터"
"148","3학년","일상에서 만나는 과거","생활도구","[D] 곡식을 수확하는 도구의 변화를 순서대로 쓰시오.","반달돌칼→철낫→탈곡기→콤바인"
"149","3학년","일상에서 만나는 과거","생활도구","[D] 음식을 만드는 도구의 변화를 순서대로 쓰시오.","토기→시루→가마솥→전기밥솥"
"150","3학년","일상에서 만나는 과거","생활도구","[D] 옷을 만드는 도구의 변화를 순서대로 쓰시오.","가락바퀴→베틀→방직기"
"151","3학년","옛날과 오늘날의 생활","세시 풍속","[A] 해마다 일정한 시기에 반복되는 풍속은 무엇인가?","세시 풍속"
"152","3학년","옛날과 오늘날의 생활","세시 풍속","[A] 음력을 기준으로 한 명절의 예시는 무엇인가?","설날·추석 등"
"153","3학년","옛날과 오늘날의 생활","세시 풍속","[A] 태양의 움직임을 기준으로 24개로 나눈 것은 무엇인가?","절기"
"154","3학년","옛날과 오늘날의 생활","세시 풍속","[D] 세시 풍속에 포함되는 두 가지를 쓰시오.","명절·24절기"
"155","3학년","옛날과 오늘날의 생활","세시 풍속","[D] O/X 퀴즈: 세시 풍속은 변하지 않는다.,X","시대에 따라 변화하고 외국 문화 유입"
"156","3학년","옛날과 오늘날의 생활","세시 풍속","[D] O/X 퀴즈: 한식·단오·삼복·칠석은 24절기이다.,X","잡절임"
"157","3학년","옛날과 오늘날의 생활","세시 풍속","[D] O/X 퀴즈: 한식 성묘·단오 그네·삼복 보양음식은 세시 풍속이다.","O"
"158","3학년","옛날과 오늘날의 생활","세시 풍속","[A] 음력 3월 3일에 진달래 화전 먹던 명절은 무엇인가?","삼짇날"
"159","3학년","옛날과 오늘날의 생활","세시 풍속","[A] 음력 9월 9일 국화와 단풍을 즐기던 명절은 무엇인가?","중양절"
"160","3학년","옛날과 오늘날의 생활","세시 풍속","[A] 추수를 감사하며 지내는 가을 명절은 무엇인가?","추석"
"161","3학년","옛날과 오늘날의 생활","세시 풍속","[A] 새해 첫 보름달에 소원을 비는 명절은 무엇인가?","정월 대보름"
"162","3학년","옛날과 오늘날의 생활","세시 풍속","[A] 음력 7월 15일 백중놀이를 하던 날은 무엇인가?","백중"
"163","3학년","옛날과 오늘날의 생활","세시 풍속","[A] 음력 10월 김장·메주 띄우던 절기는 무엇인가?","상달"
"164","3학년","옛날과 오늘날의 생활","세시 풍속","[A] 양력 12월 22일 팥죽 먹는 날은 무엇인가?","동지"
"165","4학년","가족의 형태와 역할","가족의 모습과 역할 변화","[A] 성적·심리적·경제적 결합을 통해 부부 관계를 맺는 것을 무엇이라 하는가?","혼인"
"166","4학년","가족의 형태와 역할","가족의 모습과 역할 변화","[A] 혈연·인연·입양 등으로 이루어진 일정 범위의 사람들로 구성된 집단은 무엇인가?","가족"
"167","4학년","가족의 형태와 역할","가족의 모습과 역할 변화","[A] 부부와 미혼 자녀로 이루어진 가족 형태는 무엇인가?","핵가족"
"168","4학년","가족의 형태와 역할","가족의 모습과 역할 변화","[A] 부모와 기혼 자녀가 함께 사는 가족 형태는 무엇인가?","확대가족"
"169","4학년","가족의 형태와 역할","가족의 모습과 역할 변화","[D] O/X 퀴즈: 가족 구성원이 많으면 확대가족이다.,X","결혼한 자녀와 부모가 함께 살아야 확대가족"
"170","4학년","가족의 형태와 역할","가족의 모습과 역할 변화","[A] 핵가족과 확대가족을 구분하는 핵심 기준은 무엇인가?","세대 수(세대 범위)"
"171","4학년","가족의 형태와 역할","가족의 모습과 역할 변화","[B] ‘대가족’과 ‘확대가족’은 각각 무엇을 기준으로 정의되는가?","대가족: 구성원 수 / 확대가족: 세대 수"
"172","4학년","가족의 형태와 역할","가족의 모습과 역할 변화","[D] O/X 퀴즈: 2세대 가족은 모두 핵가족이다.,X","(한)부모+기혼 자녀면 확대가족"
"173","4학년","가족의 형태와 역할","가족의 모습과 역할 변화","[B] 핵가족 비율의 변화와 확대가족 비율의 변화는?","핵가족 증가·확대가족 감소"
"174","4학년","가족의 형태와 역할","가족의 모습과 역할 변화","[A] 떨어져 살지만 자주 만나 돕는 확대가족의 변형은 무엇인가?","수정 확대 가족"
"175","4학년","가족의 형태와 역할","가족의 모습과 역할 변화","[C] 직계존속·직계비속·방계는 각각 누구를 가리키는가?","위: 부모·조부모 / 아래: 자녀·손자 / 옆: 형제·조카"
"176","4학년","가족의 형태와 역할","가족의 모습과 역할 변화","[D] O/X 퀴즈: 핵가족과 확대가족만으로 오늘날 모든 가족을 설명할 수 있다.,X","다양한 가족 형태 존재"
"177","4학년","가족의 형태와 역할","다양한 가족","[A] 외국인과 한국인이 결혼해 이루어진 가족은 무엇인가?","다문화 가족"
"178","4학년","가족의 형태와 역할","다양한 가족","[A] 한쪽 부모와 자녀로만 이루어진 가족은 무엇인가?","한 부모 가족"
"179","4학년","가족의 형태와 역할","다양한 가족","[A] 부모의 재혼으로 이루어진 가족은 무엇인가?","재혼 가족"
"180","4학년","가족의 형태와 역할","다양한 가족","[A] 자녀를 입양하여 이루어진 가족은 무엇인가?","입양 가족"
"181","4학년","가족의 형태와 역할","다양한 가족","[A] 조부모와 손주로 구성된 가족은 무엇인가?","조손 가족"
"182","4학년","가족의 형태와 역할","다양한 가족","[B] 1주제 가족 형태 구분 기준과 2주제 다양한 가족 구분 기준은?","세대 수 / 가족 구성원"
"183","4학년","가족의 형태와 역할","다양한 가족","[B] 2주제의 핵심 중점은 무엇인가?","가족 형태의 다양성 존중"
"184","4학년","가족의 형태와 역할","다양한 가족","[B] 혼자 사는 사람을 ‘가족’이 아닌 ‘가구’로 보는 이유는?","사회 집단은 2인 이상 필요"
"185","4학년","가족의 형태와 역할","다양한 가족","[A] 한 지붕 아래 거주하지 않는 비동거 가족을 무엇이라 하는가?","분거 가족"
"186","4학년","가족의 형태와 역할","다양한 가족","[A] 자녀 교육을 위해 가족이 떨어져 사는 신종 이산가족은 무엇인가?","기러기 가족"
"187","4학년","가족의 형태와 역할","다양한 가족","[A] 평일에 자녀를 시골 노부모에게 맡기는 부모 형태는 무엇인가?","주말 부모"
"188","4학년","가족의 형태와 역할","다양한 가족","[A] 혈연이 아닌 사람들과 함께 사는 가족 형태는 무엇인가?","공동체 가족"
"189","4학년","가족의 형태와 역할","다양한 가족","[A] 반려동물과 함께 사는 가족 형태를 무엇이라 하는가?","펫팸족"
"190","4학년","우리 지역(지도)","지도의 요소","[A] 지구 표면의 일부/전부를 기호·문자로 일정 비율로 줄여 평면에 나타낸 것은?","지도"
"191","4학년","우리 지역(지도)","지도의 요소","[A] 동서남북 등 위치를 나타내는 기준은 무엇인가?","방위"
"192","4학년","우리 지역(지도)","지도의 요소","[A] 복잡한 땅의 모습을 단순화해 약속으로 정한 표시는?","기호"
"193","4학년","우리 지역(지도)","지도의 요소","[A] 기호 의미와 설명을 모아 둔 것은?","범례"
"194","4학년","우리 지역(지도)","지도의 요소","[A] 실제 거리를 일정 비율로 줄여 표시한 비율은?","축척"
"195","4학년","우리 지역(지도)","지도의 요소","[A] 해발 고도가 같은 지점을 연결한 선은?","등고선"
"196","4학년","우리 지역(지도)","그림지도","[A] 실제 모습과 비슷하게,수치 계산 없이 그리듯 나타낸 지도는?","그림지도"
"197","4학년","우리 지역(지도)","지도 구분","[A] 다양한 지리 정보를 정확하고 정밀하게 그린 지도는?","일반도"
"198","4학년","우리 지역(지도)","지도 구분","[A] 특정 목적에 맞는 주제로만 정보를 표현한 지도는?","주제도"
"199","4학년","우리 지역(지도)","지도의 요소","[E] ‘지도의 요소 4가지’를 쓰시오.,방위,기호와 범례,축척","등고선"
"200","4학년","우리 지역(지도)","방위","[B] 지도에 방위표가 없을 때 방위를 정하는 약속은?","위쪽 북·아래 남·오른쪽 동·왼쪽 서"
"201","4학년","우리 지역(지도)","방위","[B] 방위표를 사용하는 목적은?","대상의 향과 상관없이 방위 나타내기"
"202","4학년","우리 지역(지도)","기호와 범례","[A] 실제 모양을 본떠 만든 기호의 예는?","논·산·학교·다리"
"203","4학년","우리 지역(지도)","기호와 범례","[A] 실제 모양과 상관없이 약속으로 만든 기호의 예는?","시청·공장·우체국·소방서"
"204","4학년","우리 지역(지도)","기호와 범례","[A] 사람에 의해 만들어진 것을 주로 나타내는 기호 색은?","검은색"
"205","4학년","우리 지역(지도)","기호와 범례","[A] 물을 표현하는 기호에 주로 사용하는 색은?","파란색"
"206","4학년","우리 지역(지도)","기호와 범례","[A] 땅과 관련된 기호에 주로 사용하는 색은?","갈색"
"207","4학년","우리 지역(지도)","기호와 범례","[A] 평야·안전 의미의 기호에 주로 사용하는 색은?","녹색"
"208","4학년","우리 지역(지도)","축척","[C] 축척 표시 방법 3가지를 쓰시오.,비례법,분수법","막대자"
"209","4학년","우리 지역(지도)","축척","[B] 실제 거리를 많이 줄일수록 축척은 어떻게 되는가?","작다(소축척)"
"210","4학년","우리 지역(지도)","축척","[B] 실제 거리를 조금 줄일수록 축척은 어떻게 되는가?","크다(대축척)"
"211","4학년","우리 지역(지도)","축척","[B] 소축척 지도의 장점은 무엇인가?","넓은 지역·전체와 부분의 관계 파악"
"212","4학년","우리 지역(지도)","축척","[B] 대축척 지도의 장점은 무엇인가?","좁은 지역을 자세히 파악"
"213","4학년","우리 지역(지도)","축척","[D] O/X 퀴즈: 지형도에는 자연 지형만 표현된다.,X","인문 요소도 표현"
"214","4학년","우리 지역(지도)","축척","[A] 축척 1:2,500,000에서 지도 1cm는 실제 몇 km인가?","25km"
"215","4학년","우리 지역(지도)","축척","[A] 축척 1:25,000에서 지도 1cm는 실제 몇 m인가?","250m"
"216","4학년","우리 지역(지도)","축척","[B] 소축척/대축척 구분의 기준은 무엇에 따라 달라지는가?","상대적 비교(둘 중 더 작/큰 축척)"
"217","4학년","우리 지역(지도)","등고선","[B] 지도에서 높낮이는 등고선과 무엇으로도 표현하는가?","색깔"
"218","4학년","우리 지역(지도)","등고선","[E] 낮은 곳→높은 곳 색 순서를 쓰시오.,초록,노랑,갈","고동"
"219","4학년","우리 지역(지도)","등고선","[A] 해발의 기준(0m)은 무엇을 기준으로 하는가?","인천 앞바다 평균 해수면"
"220","4학년","우리 지역(지도)","등고선","[B] 동일 등고선 위의 점들의 높이 관계는?","모두 같다"
"221","4학년","우리 지역(지도)","등고선","[B] 등고선 간격이 넓으면/좁으면 지형은?","완경사/급경사"
"222","4학년","우리 지역(지도)","등고선","[B] 등고선이 정상 쪽으로 파고들면/낮은 곳으로 뻗으면?","계곡/능선"
"223","4학년","우리 지역(지도)","등고선","[E] 등고선 종류 4가지를 쓰시오.,주곡선,간곡선,조곡선","계곡선"
"224","4학년","우리 지역(지도)","등고선","[B] 등고선의 장점 2가지는?","지형 윤곽 파악·경사 계산 가능"
"225","4학년","우리 지역(지도)","등고선","[A] 수심이 같은 곳을 이은 선은 무엇인가?","등심선"
"226","4학년","우리 지역(지도)","등고선","[B] 바다/호수 색의 변화는?","얕음 연파랑→깊음 진파랑"
"227","4학년","우리 지역(지도)","우리 지역의 위치","[A] 여러 기능이 밀집해 사람들이 모이는 활동의 중심지는?","중심지"
"228","4학년","우리 지역(지도)","우리 지역의 위치","[A] 중심지가 제공하는 재화·서비스를 소비하는 주변 지역은?","배후지"
"229","4학년","우리 지역(지도)","우리 지역의 위치","[B] 중심지는 무엇과 관련지어 이해해야 하는가?","필요·욕구의 해결"
"230","4학년","우리 지역(지도)","우리 지역의 위치","[D] O/X 퀴즈: 중심지는 상주 인구 밀도가 높다.,X","유동 인구 밀도가 높음"
"231","4학년","우리 지역(지도)","우리 지역의 위치","[B] 중심지는 무엇에 따라 다양하게 나타나는가?","배후지의 규모(상대적)"
"232","4학년","우리 지역(지도)","중심지 이론","[A] 넓은 범위 기능 수행·간격 넓고 수 적은 중심지는?","고위 중심지"
"233","4학년","우리 지역(지도)","중심지 이론","[A] 좁은 범위 기능 수행·간격 좁고 수 많은 중심지는?","저위 중심지"
"234","4학년","우리 지역(지도)","중심지 이론","[B] 고위 중심지는 저위 중심지와 어떤 관계인가?","저위 기능 포함+자기 고유 기능"
"235","4학년","우리 지역(지도)","중심지 이론","[A] 중심지 유지에 필요한 최소 수요 개념은?","최소 요구치"
"236","4학년","우리 지역(지도)","중심지 이론","[B] 최소 요구치의 범위/재화의 도달 범위에 영향 주는 요인은?","인구·소득↑→최소요구치범위↓ / 교통 발달→도달범위↑"
"237","4학년","우리 지역(지도)","중심지 이론","[A] 이용자가 기꺼이 이동하는 최대 거리 개념은?","재화의 도달 범위"
"238","4학년","우리 지역(지도)","중심지 이론","[B] 인구 감소 시 먼저 쇠퇴하기 쉬운 중심지는?","고위 중심지"
"239","4학년","우리 지역(지도)","공간 분화","[A] 교통로가 교차하는 지점은 무엇이라 하는가?","결절"
"240","4학년","우리 지역(지도)","공간 분화","[C] 흐름→망→결절→중심지로의 발달에서 결정적 요인 2가지는?,교통","통신"
"241","4학년","우리 지역(지도)","중심지와 배후지","[B] 동일 계층 중심지가 다수 형성되면 배후지는 어떻게 되는가?","중첩되어 경쟁 발생"
"242","4학년","우리 지역(지도)","중심지와 배후지","[B] 배후지 경쟁의 합리적 해결 형태는 무엇인가?","정육각형 배후지"
"243","4학년","우리 지역(지도)","중심지 변화","[A] 과거 중심이었으나 기능 약화된 도심을 무엇이라 하나?","원도심"
"244","4학년","우리 지역(지도)","중심지 변화","[D] O/X 퀴즈: 중심지는 시간이 지나도 변하지 않는다.,X","변화함"
"245","4학년","우리 지역(지도)","중심지 기능","[E] 중심지의 대표 기능 5가지를 쓰시오.,행정,교통,상업,산업","관광"
"246","4학년","우리 지역(문화유산)","의미와 유형","[A] 다음 세대에 계승할 가치가 있는 문화적 소산은?","문화유산"
"247","4학년","우리 지역(문화유산)","의미와 유형","[A] 나라가 법에 따라 지정한 문화유산은?","지정 문화재"
"248","4학년","우리 지역(문화유산)","의미와 유형","[E] 문화재의 종류 4가지를 쓰시오.,유형,무형,기념물","민속 문화재"
"249","4학년","우리 지역(문화유산)","의미와 유형","[E] 지정 문화재의 종류 2가지를 쓰시오.,국가 지정","시·도 지정"
"250","4학년","우리 지역(문화유산)","의미와 유형","[A] 보물급 유형 문화재 중 국가가 지정한 것은?","국보"
"251","4학년","우리 지역(문화유산)","의미와 유형","[B] 유형/무형 문화재의 차이를 서술하시오.","형태 유/무 및 전승 방식 차이"
"252","4학년","우리 지역(문화유산)","의미와 유형","[A] 무형문화재 기능을 전수받은 사람을 무엇이라 하는가?","인간문화재"
"253","4학년","우리 지역(문화유산)","의미와 유형","[A] 지정은 아니나 지역 대표로 미래 세대 전승 가치는?","미래 유산"
"254","4학년","우리 지역(문화유산)","탐구 방법","[E] 문화유산 조사 방법 4가지를 쓰시오.,문헌,누리집 검색,면담","답사"
"255","4학년","우리 지역(문화유산)","참여","[A] 시민 참여로 문화재를 찾아 가꾸는 활동은?","문화재 지킴이"
"256","4학년","우리 지역(역사)","학습 요소","[A] 역사에서 이름이 남고 귀감이 되는 사람은?","역사적 인물"
"257","4학년","우리 지역(역사)","학습 요소","[B] 인물 학습과 인물사 학습의 차이는?","개인 인물/인물의 역사 맥락"
"258","4학년","우리 지역(역사)","연표","[A] 사건을 시간 순으로 배열한 표는?","연표"
"259","4학년","우리 지역(역사)","연대기적 사고","[B] 사건 순서를 이해하는 능력은 무엇이며 도움 도구는?","연대기적 사고·연표 만들기"
"260","4학년","우리 지역(역사)","프로젝트","[A] 학습자가 주도적으로 탐구·제작·발표하는 방법은?","프로젝트 학습"
"261","4학년","우리 지역(역사)","상상력","[B] 역사 상황을 추체험하도록 돕는 능력은?","역사적 상상력(감정이입적 이해)"
"262","4학년","우리 지역(미디어)","리터러시","[A] 미디어 메시지를 읽고 쓰는 능력은?","미디어 리터러시"
"263","4학년","우리 지역(미디어)","리터러시","[B] 미디어 교육이 필요한 이유는?","자료의 검증 한계·평가의 주관성"
"264","4학년","공공기관과 주민 참여","공공기관","[A] 공익을 목적으로 국가·지자체가 세우거나 관리하는 기관은?","공공기관"
"265","4학년","공공기관과 주민 참여","공공기관","[A] 읍·면·동 행정을 맡는 기관은?","행정복지센터"
"266","4학년","공공기관과 주민 참여","공공기관","[A] 직접 현장을 보고 체험해 지식을 넓히는 것은?","견학(현장 학습)"
"267","4학년","공공기관과 주민 참여","민원","[A] 행정기관에 특정 행위를 요구하는 것은?","민원"
"268","4학년","공공기관과 주민 참여","민원","[E] 민원의 종류 4가지를 쓰시오.,법정,질의,건의,고충","기타"
"269","4학년","공공기관과 주민 참여","공공시설","[A] 세금으로 만들고 관리하는 도로·공원 등 시설은?","공공시설"
"270","4학년","공공기관과 주민 참여","조선의 기관","[C] 다음 역할과 대응 기관을 짝지어라.,포도청-치안,금화도감-소방","혜민서-보건"
"271","4학년","공공기관과 주민 참여","조선의 기관","[A] 오늘날 국세청과 비슷한 조선 관청은?","선혜청"
"272","4학년","공공기관과 주민 참여","조선의 기관","[A] 물가를 조절하던 관청은?","상평청"
"273","4학년","공공기관과 주민 참여","조선의 기관","[A] 오늘날 행정복지센터와 비슷한 자치 기관은?","향청"
"274","4학년","민주주의와 자치","개념","[A] 나라 전체의 살림을 맡는 정부는?","중앙 정부"
"275","4학년","민주주의와 자치","개념","[A] 한 지역의 살림을 맡는 정부는?","지방 정부"
"276","4학년","민주주의와 자치","개념","[A] 주민이 뽑은 대표와 함께 지역 일을 하는 정치 방식은?","지방 자치 제도"
"277","4학년","민주주의와 자치","의미","[B] 지방자치 제도가 필요한 까닭 2가지는?","지역 특성 반영·주민 스스로 해결"
"278","4학년","민주주의와 자치","주민 참여 제도","[A] 필요한 조례의 제정·개정·폐지를 청구하는 제도는?","주민 발의제(발안제)"
"279","4학년","민주주의와 자치","주민 참여 제도","[A] 선출직 공직자를 임기 중 해직시키는 투표 제도는?","주민 소환 제도"
"280","4학년","민주주의와 자치","주민 참여 제도","[A] 지역 현안을 주민 투표로 최종 결정하는 제도는?","주민 투표 제도"
"281","4학년","민주주의와 자치","주민 참여 제도","[A] 부당한 행정 처분 개선을 주민이 직접 청구하는 제도는?","주민 감사 청구 제도"
"282","4학년","민주주의와 자치","주민 참여 제도","[A] 예산 편성에 주민이 직접 참여하는 제도는?","주민 참여 예산 제도"
"283","4학년","민주주의와 자치","참여 방식","[A] 중요한 안건 전 전문가·주민 의견을 듣는 공개 회의는?","공청회"
"284","4학년","민주주의와 자치","참여 방식","[B] 공청회의 장점 2가지는?","많은 정보 수집·신뢰도 높음"
"285","4학년","민주주의와 자치","참여 방식","[B] 공청회의 단점 2가지는?","시간 많이 소요·의사표시 어려움"
"286","4학년","민주주의와 자치","시민 단체","[A] 공익을 위해 자발적으로 결성된 단체는?","시민 단체"
"287","4학년","민주주의와 자치","시민 단체","[B] 시민 단체의 특징 3가지를 쓰시오.","공익 우선·직접 참여·국제 협력"
"288","4학년","민주주의와 자치","가치","[B] 바람직한 주민 참여 태도 3가지는?","대화와 타협·다수결의 원칙·소수 의견 존중"
"289","4학년","민주주의와 자치","다수결","[B] 다수결의 한계 3가지는?","다수의 횡포·올바른 소수 배제·항상 옳지 않음"
"290","4학년","민주주의와 자치","다수결","[D] O/X 퀴즈: 다수결에서도 소수 의견을 존중해야 한다.","O"
"291","4학년","민주주의와 자치","지역 문제","[A] 여러 사람이 모여 사는 지역에서 발생하는 문제를 무엇이라 하나?","지역 문제"
"292","4학년","민주주의와 자치","지역 문제","[B] 지역 문제 해결 때 따라야 할 민주적 절차는?","대화·타협·다수결·소수존중"
"293","4학년","민주주의와 자치","사회 디자인","[A] 어린이 횡단 대기 공간을 노랗게 표시한 설치물은?","옐로 카펫"
"294","4학년","민주주의와 자치","사회 디자인","[A] 강요 대신 부드러운 개입으로 행동 변화를 유도하는 것은?","넛지 효과"
"295","4학년","민주주의와 자치","풀뿌리 민주주의","[A] 지역 기반 의사결정에 시민이 참여하는 민주주의 형태는?","풀뿌리 민주주의"
"296","4학년","민주주의와 자치","풀뿌리 민주주의","[B] 풀뿌리 민주주의가 강조하는 두 가지는?","지방 자치·분권"
"297","4학년","민주주의와 자치","지역 이기주의","[A] 님비의 약자는 무엇이며 뜻은?,NIMBY","기피 시설의 우리 동네 설치 반대"
"298","4학년","민주주의와 자치","지역 이기주의","[A] 바나나 현상의 약자와 뜻은?,BANANA","어디에도 아무것도 짓지 말자"
"299","4학년","민주주의와 자치","지역 이기주의","[A] 핌피의 약자와 뜻은?,PIMFY","편리한 시설을 내 집 앞에 유치"
"300","4학년","민주주의와 자치","지역 이기주의","[D] O/X 퀴즈: 지역 이기주의는 사회 참여이다.,X","공익보다 사익 추구"
"301","4학년","우리 지역(지도)","그림지도 vs 지도","[C] ‘그림지도’와 ‘지도’의 차이를 2가지 관점에서 쓰시오.","제작방법(수치/실측 vs 그림)·표현요소(축척·등고선·기호)"
"302","4학년","우리 지역(지도)","그림지도","[B] 본 단원 지도 지도 시 어떤 자료를 우선 활용하는가?,실제 지도 우선","필요시 그림지도"
"303","4학년","우리 지역(지도)","지도 쓰임","[B] 지형도·교통도·기후도는 어떤 목적의 지도에 해당하는가?","일반도(지형도)·주제도(교통/기후)"
"304","4학년","우리 지역(지도)","방위","[E] 방위를 4방위/8방위로 나타내는 이유는?","기준을 더 자세히 제시하기 위해"
"305","4학년","우리 지역(지도)","방위 표현","[B] 위치를 방위로 말할 때의 유의점은?","기준을 먼저 정하고 표현"
"306","4학년","우리 지역(지도)","축척 비교","[C] 1:40,000과 1:10,000의 포함 면적 관계는?,1:40,000에는 1:10","000 지도 16매 면적 포함"
"307","4학년","우리 지역(지도)","축척 활용","[B] 줄인자(축척 막대자)의 장점은?","비례식 없이 실제 거리 측정 용이"
"308","4학년","우리 지역(지도)","지리 정보","[A] 자연·인문 요소의 특성을 알려주는 자료를 무엇이라 하나?","지리 정보"
"309","4학년","우리 지역(지도)","위치 파악","[B] 우리 지역의 위치를 파악할 때 어떤 범위에서 찾는가?","시·도 범위에서 시·군·구 확인"
"310","4학년","우리 지역(지도)","중심지 조사","[E] 중심지 조사 방법 4가지를 쓰시오.,면담,설문,자료 찾기","답사"
"311","4학년","우리 지역(지도)","중심지 특성","[E] 중심지의 6가지 특징을 쓰시오.","배후지·생활 중심·교통 발달·변화·경쟁·계층성"
"312","4학년","우리 지역(지도)","중심지 수","[D] O/X 퀴즈: 한 지역에는 중심지가 한 곳뿐이다.,X","기능 분화로 여러 곳 가능"
"313","4학년","우리 지역(지도)","중심지 기능 수","[D] O/X 퀴즈: 하나의 중심지는 하나의 기능만 담당한다.,X","복합 기능 가능"
"314","4학년","우리 지역(지도)","배후지 형태","[B] 동일 계층 중심지가 많아질 때 배후지 모양이 정육각형인 이유는?","중복 최소화·공백 최소화의 합리성"
"315","4학년","민주주의와 자치","감사","[A] 지자체가 지역 일을 잘하는지 감독·검사하는 것을 무엇이라 하는가?","감사"
"316","4학년","공공기관과 주민 참여","공공물","[A] 국민 생활에 꼭 필요해 민영화 논의와 연관되는 것은?","공공물(철도·전기·수도 등)"
"317","4학년","공공기관과 주민 참여","관계","[B] 시·도의회와 시·도청의 관계는 무엇인가?,의회는 의결·감시","청은 집행"
"318","4학년","가족의 형태와 역할","사례 구분","[C] ‘부부(딩크족)’은 어떤 가족 형태인가?","핵가족(자녀X)"
"319","4학년","가족의 형태와 역할","사례 구분","[C] ‘한 부모+미혼 자녀’는 어떤 가족 형태인가?","핵가족(2세대)"
"320","4학년","가족의 형태와 역할","사례 구분","[C] ‘한 부모+기혼 자녀’는 어떤 가족 형태인가?","확대가족(2세대)"
"321","4학년","가족의 형태와 역할","사례 구분","[C] ‘조부모+부모+자녀’는 어떤 가족 형태인가?","확대가족(3세대)"
"322","4학년","가족의 형태와 역할","사례 구분","[C] ‘부부+그 부모’는 어떤 가족 형태인가?","확대가족"
"323","4학년","가족의 형태와 역할","사례 구분","[C] ‘부부+기혼 자녀+기혼 자녀의 미혼 자녀’는?","확대가족"
"324","4학년","가족의 형태와 역할","사례 구분","[C] ‘아버지·어머니·딸·아들’은?","핵가족"
"325","4학년","가족의 형태와 역할","사례 구분","[C] ‘할머니·어머니·딸’은?","확대가족"
"326","4학년","우리 지역(지도)","지도 활용","[B] 짝의 집을 찾아 표시하기에 적합한 축척은?","대축척 지도"
"327","4학년","우리 지역(지도)","경계선 비교","[B] 동일 구간 경계선 모양이 더 단순한 지도는?","소축척 지도"
"328","4학년","민주주의와 자치","주민 참여","[B] 지역 문제 해결 방안 평가 시 필요한 절차는?","충분한 시간·대화와 타협"
"329","4학년","민주주의와 자치","참여 경로","[E] 주민 참여 방법 3가지를 쓰시오.,누리집 의견,방문 제기","서명 운동"
"330","4학년","우리 지역(미디어)","교육","[B] 미디어 리터러시 교육의 핵심은?","비판적 이해와 소통 능력"
"331","4학년","지역 문제와 지역 알리기","성취기준","[B] [4사09-01] 성취기준 해설은 무엇인가?","생활 주변 문제를 파악하고 사실·가치를 구분해 합리적으로 해결하는 능력 기르기"
"332","4학년","지역 문제와 지역 알리기","성취기준","[B] [4사09-02] 성취기준 해설은 무엇인가?","지역의 자연·역사·문화·생산물을 알리는 지역사회의 노력을 알고 관심 갖기"
"333","4학년","촌락과 도시","정의","[A] 인간 생활의 근거가 되는 취락 중 시골 성격이 강한 정주 공간은 무엇인가?","촌락"
"334","4학년","촌락과 도시","정의","[A] 사회·경제·정치 활동의 중심지로 인구 밀도가 매우 높은 정주 공간은 무엇인가?","도시"
"335","4학년","촌락과 도시","분류 기준","[D] 촌락 분류 기준 두 가지를 쓰시오.,주민들의 직업","마을의 분포 형태"
"336","4학년","촌락과 도시","종류","[E] 촌락의 세 가지 종류를 쓰시오.,농촌,어촌","산지촌"
"337","4학년","촌락과 도시","직업 기준","[C] 농촌·어촌·산지촌은 각각 어떤 종사에 대응하는가?","농업·어업·임업/목축업(광업)"
"338","4학년","촌락과 도시","용어","[A] 곡식이나 채소 등을 기르는 1차 산업은 무엇인가?","농업"
"339","4학년","촌락과 도시","용어","[A] 물고기·해조류를 잡거나 기르는 1차 산업은 무엇인가?","어업"
"340","4학년","촌락과 도시","용어","[A] 산에서 나무를 기르거나 자원을 채취하는 1차 산업은 무엇인가?","임업"
"341","4학년","촌락과 도시","지형 개념","[A] 해발 고도가 높은 곳에 평탄한 면이 넓게 펼쳐진 지형은 무엇인가?","고위평탄면"
"342","4학년","촌락과 도시","농업","[A] 해발 700m 내외 높은 지대에서 배추·무 등을 재배하는 농업은 무엇인가?","고랭지 농업"
"343","4학년","촌락과 도시","작물","[A] 서늘한 산간 지역에서 재배하는 채소를 무엇이라 하는가?","고랭지 채소"
"344","4학년","촌락과 도시","OX","[D] O/X 퀴즈: 산지촌에서도 농업이 이루어질 수 있다.,O","예: 고랭지 농업"
"345","4학년","촌락과 도시","OX","[D] O/X 퀴즈: 평야=농촌,해안=어촌,산간=산지촌으로 반드시 대응한다.,X","지형 구분과 직업·분포 형태 구분은 다름"
"346","4학년","촌락과 도시","개념 구분","[B] 평야·해안·산간은 무엇에 따른 구분이며 농촌·어촌·산지촌은 무엇에 따른 구분인가?","지형 / 주민 직업과 분포 형태"
"347","4학년","촌락과 도시","OX","[D] O/X 퀴즈: 산간이나 해안 지역에도 농촌이나 도시가 존재할 수 있다.,O","직업 구조에 따라 가능"
"348","4학년","촌락과 도시","정주 공간","[A] 사람들이 삶을 살아가는 터전으로 전통적으로 ‘취락’이라 부른 것은 무엇인가?","정주 공간"
"349","4학년","촌락과 도시","정주 단위","[B] 정주 공간을 구성하는 요소 두 가지 유형을 쓰시오.","건물·시설과 토지"
"350","4학년","촌락과 도시","도시 기준","[E] 도시가 갖추어야 할 네 가지 기준을 쓰시오.,인구 밀도,2·3차 종사자 비율,도시적 경관","중심성"
"351","4학년","도시","입지 학습","[A] 도시·공장·시장의 입지 조건을 탐구하는 수업 모형은 무엇인가?","탐구 학습 모형"
"352","4학년","도시","입지 일반화","[B] 오늘날 도시는 주로 어디에 발달하며 어떤 요인으로도 생겨나는가?","교통이 편리한 곳 / 일자리가 많은 곳"
"353","4학년","도시 내부","기능 지역","[A] 공공기관·회사 사무실·법원·병원·은행 등이 모인 지역은 무엇인가?","중심 업무 지구"
"354","4학년","도시 내부","기능 지역","[A] 물건을 사고팔며 서비스 시설이 모인 지역은 무엇인가?","상업 지구"
"355","4학년","도시 내부","기능 지역","[A] 공장과 회사가 모인 지역은 무엇인가?","산업(공업) 지구"
"356","4학년","도시 내부","기능 지역","[A] 도시 사람들의 주거를 위한 지역은 무엇인가?","주거 지구"
"357","4학년","도시 내부","분화","[B] 도시가 성장할수록 기능별로 분리되는 현상을 무엇이라 하는가?","도시 내부 공간의 분화"
"358","4학년","도시 내부","분화 요인","[D] 도시 내부 기능 분화의 주요 요인 두 가지를 쓰시오.,접근성","지대(지가)"
"359","4학년","도시 내부","접근성","[B] 접근성이 높은 지역에 들어서기 쉬운 기능은 무엇인가?","상업·업무 기능"
"360","4학년","도시 내부","접근성","[B] 접근성이 낮은 지역에 들어서기 쉬운 기능은 무엇인가?","주거·공업 기능"
"361","4학년","촌락·도시 비교","토지 이용","[C] 촌락/도시의 토지 이용을 각각 쓰시오.","조방적/집약적 토지 이용"
"362","4학년","촌락·도시 비교","산업","[C] 촌락/도시의 산업 종사자 비율 특징을 쓰시오.","1차↑ / 2·3차↑"
"363","4학년","촌락·도시 비교","인구","[C] 촌락/도시의 인구 특성을 쓰시오.","밀도↓·동질·이동성↓ / 밀도↑·이질·이동성↑"
"364","4학년","촌락·도시 비교","주택","[C] 촌락/도시의 주택과 분포 특징을 쓰시오.","저층·분산↑ / 고층·계획적 조성↑"
"365","4학년","촌락·도시 비교","경관","[C] 촌락/도시의 경관 중심을 쓰시오.","자연환경 중심 / 인문환경 중심"
"366","4학년","인구 이동","현상","[A] 농촌 인구가 도시로 이동하는 현상은 무엇인가?","이촌 향도 현상"
"367","4학년","인구 이동","현상","[A] 도시 직장은 유지하되 촌락으로 생활권을 옮기는 흐름은 무엇인가?","귀촌"
"368","4학년","인구 이동","현상","[A] 농사를 위해 농촌으로 돌아가는 것은 무엇인가?","귀농"
"369","4학년","인구 이동","현상","[A] 어촌으로 인구가 유입되는 현상은 무엇인가?","귀어"
"370","4학년","도시 문제","집중","[A] 도시 기반 시설 대비 인구·기능이 과도하게 집중되는 현상은 무엇인가?","과도시화"
"371","4학년","도시 구조","불균형 성장","[A] 도시 성장이 지역적 불균형으로 심화되는 형태는 무엇인가?","종주 도시화"
"372","4학년","도심 인구","현상","[A] 도심의 상주(야간) 인구가 감소하는 현상은 무엇인가?","인구 공동화(도넛 현상)"
"373","4학년","도심 인구","러시아워","[B] 인구 공동화로 출퇴근 시간에 자동차가 도심으로 몰리는 현상을 무엇이라 하는가?","러시아워"
"374","4학년","지방 소멸","지수","[A] 20~39세 여성 인구를 65세 이상 인구로 나눈 값은 무엇인가?","지방 소멸 위험 지수"
"375","4학년","지방 소멸","판정","[B] 지방 소멸 위험 지수가 얼마 미만이면 소멸 위험 지역인가?","0.5 미만"
"376","4학년","도시 정책","혁신도시","[A] 공공기관 이전과 정주 환경을 갖춘 미래형 도시는 무엇인가?","혁신 도시"
"377","4학년","도시 정책","스마트도시","[A] ICT와 친환경 에너지로 도시 문제를 해결하는 미래형 도시는 무엇인가?","스마트 도시"
"378","4학년","도시 정책","생태도시","[A] 사람·자연·문화가 조화를 이루는 환경친화적 도시는 무엇인가?","생태 도시"
"379","4학년","촌락·도시 관계","개념","[A] 서로 주고받는 물건·문화·사상 등의 이동을 무엇이라 하는가?","교류"
"380","4학년","촌락·도시 관계","개념","[A] 서로 도움을 주고 의지하는 관계를 무엇이라 하는가?","상호 의존"
"381","4학년","로컬푸드","정의","[A] 생산지와 소비지 간 거리를 줄여 지역 단위로 먹을거리를 소비하자는 운동은?","로컬 푸드 운동"
"382","4학년","로컬푸드","효과","[E] 로컬 푸드 운동의 세 가지 효과를 쓰시오.,식품 안전,환경 부담 경감","공동체 강화(사회적 거리 축소)"
"383","4학년","로컬푸드","제도","[E] 로컬 푸드 관련 제도/방법 세 가지를 쓰시오.,생활협동조합,농산물 직거래","농민 장터"
"384","4학년","식품 권리","개념","[A] 먹을거리에 대한 소비자의 결정권을 보장하는 개념은 무엇인가?","식품 시민권"
"385","4학년","식품 경제","개념","[A] 생산자에게 돌아가는 실질 소득을 의미하는 개념은 무엇인가?","푸드 달러"
"386","4학년","농촌 체험","주말 농장","[A] 도시 근교에 작은 농장을 마련해 주말에 농사를 짓게 하는 것은 무엇인가?","주말 농장"
"387","4학년","농촌 체험","팜스테이","[A] 농가에서 숙식하며 농사·문화 체험을 하는 관광 상품은 무엇인가?","팜스테이"
"388","4학년","도시 계획","그린벨트","[A] 무분별한 도시 확산을 막기 위해 외곽에 설정한 녹지대는 무엇인가?","그린벨트(개발제한구역)"
"389","4학년","경제활동","정의","[A] 재화와 서비스를 생산·소비·분배하는 모든 활동은 무엇인가?","경제활동"
"390","4학년","경제활동","희소성","[A] 인간의 욕구에 비해 수단이 상대적으로 부족한 특성은 무엇인가?","자원의 희소성"
"391","4학년","경제활동","생산","[A] 생활에 필요한 재화·서비스를 만들어내는 활동은 무엇인가?","생산"
"392","4학년","경제활동","분배","[A] 생산에 참여한 대가로 임금·지대·이자 등을 받는 것은 무엇인가?","분배"
"393","4학년","경제활동","소비","[A] 재화나 서비스를 구입하고 사용하는 활동은 무엇인가?","소비"
"394","4학년","경제활동","시장","[A] 생산된 상품의 거래가 이루어지는 곳은 무엇인가?","시장"
"395","4학년","경제활동","재화","[B] 구체적 형태가 있거나 없는 물건을 포괄하는 개념은 무엇인가?","재화"
"396","4학년","경제활동","자유·경제재","[C] 공기·햇볕과 같은 것/대가를 지불해야 얻는 것을 각각 무엇이라 하는가?","자유재/경제재"
"397","4학년","경제활동","서비스","[A] 다른 사람 만족을 위해 제공하는 가치 있는 활동을 무엇이라 하는가?","서비스"
"398","4학년","경제 순환","관계","[B] 생산→( )→( )→생산으로 이어지는 순환을 쓰시오.,분배","소비"
"399","4학년","경제 선택","원인","[B] 경제활동에서 선택의 문제가 발생하는 까닭은 무엇인가?","자원의 희소성"
"400","4학년","희소 vs 희귀","구분","[B] 희소성과 희귀성의 차이를 간단히 쓰시오.","욕구 대비 상대적 부족/절대적 양의 적음"
"401","4학년","자원의 상대성","OX","[D] O/X 퀴즈: 자원의 희소성은 장소와 시대에 따라 달라진다.","O"
"402","4학년","기회비용","정의","[A] 선택 때문에 포기한 것 중 가장 아까운 것의 가치는 무엇인가?","기회비용"
"403","4학년","기회비용","구성","[C] 기회비용을 이루는 두 요소를 쓰시오.,명시적 비용","암묵적 비용"
"404","4학년","의사결정","개념","[A] 비용과 편익을 비교해 편익 최대·비용 최소가 되게 고르는 것을 무엇이라 하는가?","합리적 선택"
"405","4학년","의사결정","방법","[A] 합리적 선택을 돕는 분석 방법은 무엇인가?","비용-편익 분석"
"406","4학년","행동경제","효과","[A] 대안이 많을수록 만족이 떨어지는 현상은 무엇인가?","선택 부담 효과(선택의 역설)"
"407","4학년","행동경제","효과","[A] 소유하면 가치를 더 높게 평가하는 심리 현상은 무엇인가?","보유 효과"
"408","4학년","소비","태도","[A] 공동체 이익을 고려하는 소비를 무엇이라 하는가?","바람직한 소비(윤리적 소비)"
"409","4학년","소비","유형","[E] 환경·자원 절약 실천 소비 예 2가지를 쓰시오.,일회용품 자제","대중교통 이용"
"410","4학년","소비","문제","[A] 구매 후 후회로 이어지는 비합리적 소비는 무엇인가?","불합리한 소비"
"411","4학년","소비","문제","[A] 경제 능력에 비해 과도한 소비는 무엇인가?","과소비"
"412","4학년","소비","문제","[A] 남에게 보이기 위한 소비는 무엇인가?","과시 소비"
"413","4학년","소비","문제","[A] 남을 따라 하는 소비는 무엇인가?","모방 소비"
"414","4학년","소비","문제","[A] 계획 없이 자극에 이끌려 하는 소비는 무엇인가?","충동 소비"
"415","4학년","산업","구분","[E] 생산 활동의 세 가지 종류를 쓰시오.,1차 산업,2차 산업","3차 산업"
"416","4학년","서비스","특성","[B] 생산과 소비가 동시에 일어나는 현상을 무엇이라 하는가?","생산과 소비의 동시성"
"417","4학년","시장","유형","[C] 눈에 보이는/보이지 않는 시장의 예를 각각 하나씩 쓰시오.","재래시장·백화점/주식시장·인터넷쇼핑"
"418","4학년","윤리적 소비","정의","[A] 사회·환경 영향을 고려해 ‘좋은 기업의 정당한 대가’ 상품을 사는 것은?","착한 소비(윤리적 소비)"
"419","4학년","지속가능 소비","정의","[A] 미래 세대의 필요를 파괴하지 않도록 전생애 환경 부담을 줄이는 소비는?","지속 가능한 소비"
"420","4학년","경제 교류","정의","[A] 경제활동에 필요한 상품·자원·기술·서비스를 주고받는 것은 무엇인가?","경제 교류"
"421","4학년","생산지·원산지","개념","[A] 어떤 상품이 생산된 지역을 무엇이라 하는가?","생산지(원산지)"
"422","4학년","원산지 표시","제도","[A] 제품의 나라를 결정해 알 권리·유통 질서를 보장하는 규칙은 무엇인가?","원산지 표시제"
"423","4학년","지리적 표시","제도","[A] 특정 지역의 특성에 기인한 명성·품질을 표시하는 제도는 무엇인가?","지리적 표시제"
"424","4학년","생산 방식","용어","[A] 주문자의 상표로 완제품을 생산하는 방식은 무엇인가?","주문자 위탁생산(주문자 상표 부착)"
"425","4학년","푸드 마일","정의","[A] 먹을거리가 생산지에서 식탁까지 이동한 거리는 무엇인가?","푸드 마일"
"426","4학년","푸드 마일리지","지표","[A] 수송량(톤)×거리(㎞)로 계산하는 식품 수송 지표는 무엇인가?","푸드 마일리지"
"427","4학년","경제 교류","OX","[D] O/X 퀴즈: 경제 교류는 지역 간에만 이루어진다.,X","개인·기업·국가 등 다양한 주체 간에 이루어짐"
"428","4학년","자매결연","정의","[A] 상호 교류·협력을 위해 지역·단체가 맺는 친선 관계는 무엇인가?","자매결연"
"429","4학년","대표 상품","개념","[B] 대표 상품이 특산물만을 의미하지 않는 이유는?","관광 명소·음식 등 다양한 유형 포함"
"430","4학년","사회 변화","성취기준","[B] [4사03-01] 성취기준 해설은 무엇인가?","저출산·고령화·지능정보화 등 변화와 생활 변화 분석"
"431","4학년","사회 변화","개념","[A] 아기 수가 줄어드는 현상은 무엇인가?","저출산"
"432","4학년","사회 변화","개념","[A] 노인 인구 비율이 높아지는 상태는 무엇인가?","고령화"
"433","4학년","사회 변화","정보화","[A] 지식·정보가 산업과 사회의 중심 역할을 하는 현상은 무엇인가?","정보화"
"434","4학년","사회 변화","세계화","[A] 여러 나라가 서로 교류하며 하나의 사회처럼 연결되는 현상은 무엇인가?","세계화"
"435","4학년","사회 변화","개념","[A] 한 사회의 질서·생활 방식이 시간이 지나며 변하는 것을 무엇이라 하는가?","사회 변동(사회 변화)"
"436","4학년","고령화 단계","구분","[E] 고령화 사회·고령 사회·초고령 사회의 기준을 쓰시오.,65세 이상 7%↑,14%↑","20%↑"
"437","4학년","실버산업","정의","[A] 노인을 대상으로 상품·서비스를 제공하는 산업은 무엇인가?","실버산업"
"438","4학년","실버푸드","정의","[A] 씹기·소화가 어려운 고령층을 위한 식품은 무엇인가?","실버 푸드"
"439","4학년","스마트폰","문제","[A] 스마트폰 이용이 생활에서 두드러지는 상태는 무엇인가?","스마트폰 과의존"
"440","4학년","기술","IoT","[A] 사물에 감지기를 부착해 인터넷으로 정보를 주고받는 기술은 무엇인가?","사물 인터넷(IoT)"
"441","4학년","데이터","빅데이터","[A] 종류가 다양하고 양이 방대한 데이터를 무엇이라 하는가?","빅데이터"
"442","4학년","기술","AI","[A] 인간의 지능적 능력을 컴퓨터가 모방하도록 만드는 기술은 무엇인가?","인공지능(AI)"
"443","4학년","정보 격차","정의","[A] 정보 접근·활용 능력 차이로 생기는 소외 현상은 무엇인가?","정보 소외(정보 격차·디지털 디바이드)"
"444","4학년","권리","저작권","[A] 창작자가 저작물에 대해 가지는 권리는 무엇인가?","저작권"
"445","4학년","미디어","리터러시","[A] 영상·미디어 메시지를 읽고 쓰는 능력은 무엇인가?","미디어 문해력(미디어 리터러시)"
"446","4학년","공정무역","정의","[A] 개발도상국 생산자에게 공정한 가격을 보장하는 무역은 무엇인가?","공정 무역"
"447","4학년","문화","정의","[A] 사람들이 공통으로 가지는 생활 방식은 무엇인가?","문화"
"448","4학년","문화 다양성","정의","[A] 한 사회·세계에 다양한 문화가 폭넓게 존재하는 현상은 무엇인가?","문화 다양성"
"449","4학년","문화","편견","[A] 특정 집단에 대한 한쪽으로 치우친 잘못된 태도는 무엇인가?","편견"
"450","4학년","문화","선입견","[A] 사람이나 일에 대해 미리 판단해 품은 생각은 무엇인가?","선입견"
"451","4학년","문화","차별","[A] 합당한 이유 없이 다르다는 것을 근거로 불이익을 주는 행위는 무엇인가?","차별"
"452","4학년","문화","차이","[A] 사람이 서로를 구별할 수 있는 특성은 무엇인가?","차이"
"453","4학년","문화","OX","[D] O/X 퀴즈: 한 나라 안에서는 모두 같은 문화를 공유한다.,X","한 사회 내에도 다양한 문화가 존재"
"454","4학년","문화","내적 다양성","[B] 문화의 내적 다양성이란 무엇인가?","특정 집단 내부에 존재하는 다양한 문화(세대·지역 등)"
"455","4학년","문화","유형","[A] 지역 사회에서 나타나는 고유 생활 양식은 무엇인가?","지역 문화"
"456","4학년","문화","유형","[A] 청소년·노인 등 세대별로 공유하는 문화는 무엇인가?","세대 문화"
"457","4학년","문화","특징","[E] 문화의 다섯 가지 특징을 쓰시오.,전체성,학습성,공유성,축적성","변동성"
"458","4학년","배리어 프리","정의","[A] 물리·제도·편견의 ‘벽’을 허물어 모두가 살기 좋게 하려는 운동은 무엇인가?","배리어 프리"
"459","4학년","문화","고정관념","[A] 특정 집단에 대해 전형적 특성을 일반화해 믿는 신념은 무엇인가?","고정 관념"
"460","5학년","국토와 우리 생활","행정구역","[A] 국가의 영역을 행정 목적에 따라 구획한 단위는 무엇인가?","행정 구역"
"461","5학년","국토와 우리 생활","영역","[A] 한 국가의 주권이 미치는 공간적 범위는 무엇인가?","영역(영토·영해·영공)"
"462","5학년","국토와 우리 생활","위선·경선","[A] 세계 지도에서 위치를 찾기 쉽게 한 가상의 가로/세로 선은 무엇인가?","위선/경선"
"463","5학년","국토와 우리 생활","적도","[A] 위도의 기준이 되는 위도 0°의 선은 무엇인가?","적도"
"464","5학년","국토와 우리 생활","본초 자오선","[A] 경도의 기준이 되는 경도 0°의 선은 무엇인가?","본초 자오선(그리니치 자오선)"
"465","5학년","국토와 우리 생활","위도","[B] 위도는 무엇을 나타내며 어떤 의미를 갖는가?","적도로부터의 거리/기후대 의미"
"466","5학년","국토와 우리 생활","위도 범위","[D] O/X 퀴즈: 위도가 높을수록 적도에 가깝다.,X","위도가 높을수록 극지방에 가까움"
"467","5학년","국토와 우리 생활","경도","[B] 경도는 무엇의 기준이며 어떤 의미를 갖는가?","본초 자오선으로부터의 거리/시간대 의미"
"468","5학년","국토와 우리 생활","시간대","[A] 경도는 몇 도마다 시간 몇 시간 차이가 나는가?","15°마다 1시간"
"469","5학년","국토와 우리 생활","대륙·반도","[A] 거대한 육지와 삼면이 바다인 땅을 각각 무엇이라 하는가?","대륙/반도"
"470","5학년","국토와 우리 생활","위치 개념","[C] 절대적 위치와 상대적(가변적) 위치의 예를 하나씩 쓰시오.","위·경도/전후좌우·방위"
"471","5학년","국토와 우리 생활","관계적 위치","[A] 주변 국가 관계로 나타내는 가변적 위치를 무엇이라 하는가?","관계적 위치"
"472","5학년","국토와 우리 생활","우리나라 위치","[B] 우리나라의 지리적 위치를 쓰시오.,아시아 대륙 동쪽","북태평양 서쪽"
"473","5학년","국토와 우리 생활","우리나라 위치","[B] 우리나라의 수리적 위치 범위를 쓰시오.,북위 33°~43°","동경 124°~132°"
"474","5학년","국토와 우리 생활","위도 찾기","[E] 국토의 위도를 찾는 두 가지 절차를 쓰시오.,남·북쪽 끝 점 찍기","적도와 평행한 위선 찾기"
"475","5학년","국토와 우리 생활","경도 찾기","[E] 국토의 경도를 찾는 두 가지 절차를 쓰시오.,동·서쪽 끝 점 찍기","본초 자오선과 평행한 경선 찾기"
"476","5학년","국토와 우리 생활","교통망","[A] 아시아·유럽을 연결하는 국제 고속도로는 무엇인가?","아시안 하이웨이"
"477","5학년","국토와 우리 생활","영토","[A] 우리나라 헌법 제3조가 규정한 영토는 무엇인가?","한반도와 그 부속 도서"
"478","5학년","국토와 우리 생활","영토 포함","[B] 우리나라 영토를 말할 때 반드시 포함해 언급해야 하는 것은?","남한과 북한"
"479","5학년","국토와 우리 생활","영토 4극","[E] 우리나라 영토의 4극을 쓰시오.","극동: 독도 동도 / 극서: 마안도 / 극남: 마라도 / 극북: 유원진"
"480","5학년","국토와 우리 생활","간척","[A] 바다·호수를 막아 육지로 만드는 것은 무엇인가?","간척"
"481","5학년","국토와 우리 생활","영해","[A] 국가 주권이 미치는 바다 범위는 무엇인가?","영해"
"482","5학년","국토와 우리 생활","영해 기준선","[C] 해안선 단조로운 곳/복잡한 곳에 적용하는 기선을 각각 쓰시오.","통상 기선/직선 기선"
"483","5학년","국토와 우리 생활","영해 범위","[A] 영해는 기준선에서 몇 해리까지인가?","12해리(약 22.224km)"
"484","5학년","국토와 우리 생활","영해 사례","[B] 대한 해협의 영해 설정은 어떤 기준과 범위를 적용하는가?,직선 기선","3해리"
"485","5학년","국토와 우리 생활","기선 적용","[B] 제주도·울릉도·독도의 영해는 어떤 기선을 기준으로 설정되는가?","통상 기선"
"486","5학년","국토와 우리 생활","EEZ","[A] 경제적 권리를 갖는 수역을 무엇이라 하는가?","배타적 경제 수역(EEZ)"
"487","5학년","국토와 우리 생활","EEZ 범위","[A] 영해를 제외한 EEZ의 범위는 기선으로부터 몇 해리인가?","200해리 중 영해 제외 188해리"
"488","5학년","국토와 우리 생활","EEZ 권리","[E] EEZ에서 해당 국가가 가지는 권리 세 가지를 쓰시오.,자원 채굴권,어업권","환경 보호권"
"489","5학년","국토와 우리 생활","통항","[D] O/X 퀴즈: EEZ에서는 타국 선박·항공기의 무허가 통항과 해저 케이블 부설이 가능하다.","O"
"490","5학년","국토와 우리 생활","경제활동 제한","[D] O/X 퀴즈: EEZ에서 타국의 어업·자원 채굴 등 경제활동은 자유롭게 가능하다.,X","허가 필요"
"491","5학년","국토와 우리 생활","영공","[A] 영토와 영해의 수직 상공을 무엇이라 하는가?","영공"
"492","5학년","국토와 우리 생활","영공 한계","[B] 영공은 일반적으로 어디까지이며 무엇은 제외되는가?","대기권 내/외기권은 제외"
"493","4학년","경제 교류","결과","[B] 경제 교류로 세계 각 지역은 어떻게 되었는가?","더 가까워지고 경제적으로 의존하게 됨"
"494","4학년","경제 교류","촉진","[B] 오늘날 경제 교류가 활발해진 이유 두 가지는?,교통수단 발달","통신수단 발달"
"495","4학년","경제 교류","방법","[E] 지역 간 경제 교류의 모습 두 가지를 쓰시오.,직거래 장터","기술 교류(상품 박람회·자매결연 등)"
"496","4학년","문화 다양성","지도","[B] 문화 다양성 수업에서 유의해야 할 점은 무엇인가?","한 사회의 내적 다양성 사례도 제시"
"497","4학년","문화 다양성","오개념","[B] ‘나라 안 문화는 모두 같다’ 오개념 지도 방안을 쓰시오.","세대·지역·계층별 다른 문화 사례 제시"
"498","4학년","중심지와 배후지","정의","[A] 활동의 중심이 되는 곳과 그 주변 소비 지역을 각각 무엇이라 하는가?","중심지/배후지"
"499","4학년","중심지와 배후지","특징","[B] 중심지는 무엇과 관련해 다양하게 나타나는가?","배후지의 규모"
"500","4학년","도시 내부","정리","[E] 도시 기능 지역 네 가지를 쓰시오.,중심 업무 지구,상업 지구,산업 지구","주거 지구"
"501","6학년","우리 국토","DMZ·상징 지리","[A] 휴전선을 기준으로 남북 약 4km 폭의 띠 모양 지역으로 출입이 제한되어 희귀 생물이 보존된 곳은?","비무장 지대"
"502","6학년","우리 국토","DMZ·상징 지리","[A] 우리 영해를 지키는 상징적 ‘끝 섬’ 중 하나로 서남쪽에 위치한 섬은?","가거도"
"503","6학년","우리 국토","국토의 의미","[E] 국토의 여러 가지 의미 3가지를 쓰시오.","생활 공간·생존 공간·후손의 터전"
"504","6학년","우리 국토","국토의 의미","[A] 국토는 한 나라의 무엇이 미치는 범위인가?","통치권"
"505","6학년","우리 국토","지역 구분","[E] 큰 산맥과 하천을 중심으로 한 우리 국토의 지역 구분 3가지를 쓰시오.","북부 지방·중부 지방·남부 지방"
"506","6학년","우리 국토","지역 구분","[A] 북부 지방은 지금의 어느 지역을 가리키는가?","북한"
"507","6학년","우리 국토","지역 구분","[B] 중부 지방의 범위를 간단히 쓰시오.","휴전선 남쪽에서 소백산맥·금강 하류까지"
"508","6학년","우리 국토","지역 구분","[B] 남부 지방은 중부 지방의 어디에 해당하는가?","남부 지역"
"509","6학년","우리 국토","전통 지역 구분","[B] 산·호수·강·바다 기준의 전통 지역 구분은 오늘날 무엇을 정하는 기초가 되는가?","행정 구역"
"510","6학년","우리 국토","전통 지역 구분","[A] 관북·관서 지방을 가르는 기준은 무엇인가?","철령관"
"511","6학년","우리 국토","전통 지역 구분","[A] 영동·영서 지방을 가르는 기준은 무엇인가?","태백산맥(대관령)"
"512","6학년","우리 국토","전통 지역 구분","[A] 영남 지방은 어느 고개의 남쪽인가?","조령 고개"
"513","6학년","우리 국토","전통 지역 구분","[A] 해서 지방은 어느 바다의 서쪽인가?","경기해"
"514","6학년","우리 국토","전통 지역 구분","[A] 경기 지방은 전통적으로 무엇 주변 지역을 가리키는가?","왕이 사는 도읍 주변"
"515","6학년","우리 국토","전통 지역 구분","[A] 호서·호남 지방을 가르는 하천은 무엇인가?","금강"
"516","6학년","우리 국토","행정 구역","[A] 우리나라 특별시는 어디인가?","서울"
"517","6학년","우리 국토","행정 구역","[A] 우리나라 특별자치시는 어디인가?","세종"
"518","6학년","우리 국토","행정 구역","[E] 우리나라 광역시 6곳을 쓰시오.","인천·대전·대구·광주·울산·부산"
"519","6학년","우리 국토","행정 구역","[E] 우리나라 도 6곳을 쓰시오.","경기·충청북·충청남·전라남·경상북·경상남"
"520","6학년","우리 국토","행정 구역","[E] 우리나라 특별자치도 3곳을 쓰시오.","제주·강원·전북"
"521","6학년","우리 국토","행정 구역","[C] 특별시·특별자치시·광역시에는 무엇이 있고 도·특별자치도에는 무엇이 있는가?","시청·도청"
"522","6학년","우리 국토","지리적 사고","[A] ‘우리나라 행정 구역의 위치 알아보기’에 해당하는 지리적 사고력은?","분포적 사고"
"523","6학년","우리 국토","자연환경-지형","[A] 산·평야·하천·해안 등 지표면의 다양한 모습을 뜻하는 용어는?","지형"
"524","6학년","우리 국토","자연환경-기후","[A] 한 지역에서 장기간 나타나는 평균적 대기 상태는?","기후"
"525","6학년","우리 국토","자연환경-기후","[A] 비·눈 등 일정 기간·장소에 내린 물의 총량은?","강수량"
"526","6학년","우리 국토","자연환경-기후","[A] 하루 정도의 짧은 시간 동안 나타나는 대기 상태는?","날씨"
"527","6학년","우리 국토","자연환경-재해","[A] 태풍·가뭄 등 자연 현상으로 생명·재산 피해가 생기는 것을 무엇이라 하는가?","자연재해"
"528","6학년","우리 국토","지형-기본","[A] 바다로 둘러싸인 땅은?","섬"
"529","6학년","우리 국토","지형-기본","[A] 바다와 맞닿은 육지 부분은?","해안"
"530","6학년","우리 국토","지형-기본","[A] 산에서 시작해 바다로 흐르는 물줄기는?","하천"
"531","6학년","우리 국토","지형-기본","[A] 하천 주변의 넓고 평탄한 땅은?","평야"
"532","6학년","우리 국토","지형-기본","[A] 높이 솟은 산들이 모여 이룬 지형은?","산지"
"533","6학년","우리 국토","지형-기본","[A] 해발 고도가 높은 평평한 땅은?","고원"
"534","6학년","우리 국토","지형-기본","[A] 침식으로 평탄해진 면이 융기해 높은 고도에 남은 평평한 면은?","고위 평탄면"
"535","6학년","우리 국토","지형-기본","[A] 산으로 둘러싸인 낮고 평평한 그릇 모양의 땅은?","분지"
"536","6학년","우리 국토","분포 특징","[B] 우리나라 산지·하천·평야의 분포 특징을 한 문장으로 쓰시오.","동고서저 지형으로 서·남부 하류에 평야 발달"
"537","6학년","우리 국토","해안-동해안","[B] 동해안의 대표적 해안 지형 특징은?","넓은 모래사장 발달"
"538","6학년","우리 국토","해안-서해안","[B] 서해안의 대표적 해안 지형 특징은?","조차 큼·갯벌 발달·간척 이용"
"539","6학년","우리 국토","해안-남해안","[B] 남해안에서 발달한 대표적 산업은?","양식업"
"540","6학년","우리 국토","지형 인식","[B] 백두대간 영향으로 우리나라 지형을 무엇이라 부르는가?","동고서저"
"541","6학년","우리 국토","기후 요소","[E] 기후 요소 3가지를 쓰시오.","기온·강수량·바람"
"542","6학년","우리 국토","기온","[A] 기온이 같은 곳을 이은 선은?","등온선"
"543","6학년","우리 국토","기온","[A] 기온 변화를 나타낼 때 주로 사용하는 그래프는?","꺾은선 그래프"
"544","6학년","우리 국토","기온","[B] 우리나라 남북 기온 차가 큰 주된 이유는?","남북으로 길게 뻗은 국토와 위도 차"
"545","6학년","우리 국토","기온","[B] 겨울에 동쪽이 서쪽보다 따뜻한 까닭을 쓰시오.","태백산맥 차폐와 깊은 동해의 완충"
"546","6학년","우리 국토","기온","[B] 겨울에 해안 지역과 내륙 지역 중 더 따뜻한 곳은?","해안 지역"
"547","6학년","우리 국토","기온","[B] 대구의 8월 기온이 높은 까닭은?","내륙 분지로 가열·배출 어려움"
"548","6학년","우리 국토","산업과 기후","[B] 서해안에 천일제염업이 발달한 까닭을 쓰시오.","갯벌·적은 강수·큰 일조량"
"549","6학년","우리 국토","강수","[B] 우리나라 연평균 강수량은 세계 평균보다 어떠하며 어떤 그래프로 표현하는가?","많은 편·막대그래프"
"550","6학년","우리 국토","강수","[B] 지역별 강수량의 일반적 특징 두 가지를 쓰시오.","남부>북부·해안>내륙"
"551","6학년","우리 국토","강수","[B] 계절별 강수량의 특징을 쓰시오.","여름 집중·일부 지역 겨울 다우"
"552","6학년","우리 국토","강수","[A] 산을 넘으며 응결해 내리는 비를 무엇이라 하는가?","지형성 강수"
"553","6학년","우리 국토","강수 사례","[B] 서귀포에 비가 많은 까닭은?","한라산에 다습 공기 충돌 상승"
"554","6학년","우리 국토","강수 사례","[B] 울릉도에 눈이 많은 까닭은?","동해상 수분 충전 뒤 급상승"
"555","6학년","우리 국토","생활 적응","[A] 가뭄에 대비해 물을 저장하는 시설은?","저수지"
"556","6학년","우리 국토","생활 적응","[A] 침수 피해를 막으려 집터를 높인 집은?","터돋움집"
"557","6학년","우리 국토","생활 적응","[A] 울릉도에서 눈바람을 막기 위한 외벽은?","우데기"
"558","6학년","우리 국토","생활 적응","[A] 폭설 지역에서 눈에 빠지지 않도록 신는 덧신은?","설피"
"559","6학년","우리 국토","바람·기단","[A] 공기가 움직이는 현상은?","바람"
"560","6학년","우리 국토","기후 요인","[E] 기후에 영향을 주는 요인 5가지를 쓰시오.","위도·수륙 분포·지형·해류·기단"
"561","6학년","우리 국토","기단","[A] 한랭·건조 특성을 지니며 겨울에 영향이 큰 기단은?","시베리아 기단"
"562","6학년","우리 국토","기단","[A] 한랭·다습 특성으로 늦봄·초여름에 영향을 주는 기단은?","오호츠크해 기단"
"563","6학년","우리 국토","기단","[A] 고온·다습 특성으로 여름에 불어오는 기단은?","북태평양 기단"
"564","6학년","우리 국토","기단","[A] 태풍의 바탕이 되는 고온·다습 기단은?","적도 기단"
"565","6학년","우리 국토","기단","[A] 봄·가을에 주로 영향을 주는 온난·건조 기단은?","양쯔강 기단"
"566","6학년","우리 국토","계절풍","[C] 여름과 겨울의 바람 방향·성격을 쓰시오.","여름 남동의 덥고 습한 바람·겨울 북서의 차갑고 건조한 바람"
"567","6학년","우리 국토","자연재해","[E] 봄철에 주로 발생하는 자연재해 2가지를 쓰시오.","황사·가뭄"
"568","6학년","우리 국토","자연재해","[E] 여름과 가을 사이에 발생하는 자연재해 3가지를 쓰시오.","폭염·홍수·태풍"
"569","6학년","우리 국토","자연재해","[E] 겨울철에 주로 발생하는 자연재해 2가지를 쓰시오.","폭설·한파"
"570","6학년","우리 국토","인문환경-핵심","[A] 일정 지역 내 주민 전체를 포함하는 사람 수를 뜻하는 용어는?","인구"
"571","6학년","우리 국토","인문환경-핵심","[A] 사람들이 일정 범위에 흩어져 있거나 모여 있는 상태는?","인구 분포"
"572","6학년","우리 국토","인문환경-핵심","[A] 연령·성별·산업별 등 인구 집단의 구성 상태는?","인구 구조"
"573","6학년","우리 국토","인문환경-핵심","[A] 재화·서비스를 생산·보관·운반하는 모든 활동은?","산업"
"574","6학년","우리 국토","인문환경-핵심","[A] 사람과 물자의 장소 간 이동을 뜻하는 것은?","교통"
"575","6학년","우리 국토","인문환경-핵심","[E] 연령별 인구 구성 3가지를 쓰시오.","유소년층·청장년층·노년층"
"576","6학년","우리 국토","인문환경-변화","[B] 최근 연령 구조 변화의 일반적 경향을 쓰시오.","유소년 비율 감소·노년 비율 증가"
"577","6학년","우리 국토","인문환경-변화","[A] 평균 수명 증가로 고령층 비율이 높아지는 현상은?","고령화"
"578","6학년","우리 국토","인문환경-핵심","[A] 연령별 인구를 한눈에 보이도록 나타낸 그래프는?","인구 피라미드"
"579","6학년","우리 국토","인구 구조","[E] 피라미드형 인구 구조의 특징 3가지를 쓰시오.","유소년 비중 높음·출생률·사망률 높음·평균 수명 낮음"
"580","6학년","우리 국토","인구 구조","[E] 종형 인구 구조의 특징 3가지를 쓰시오.","노년 비중 높음·출생률·사망률 낮음·평균 수명 높음"
"581","6학년","우리 국토","인구 구조","[B] 우리나라의 대표적 인구 구조 형태는?","방추형"
"582","6학년","우리 국토","인구 구조","[B] 별형 인구 구조의 일반적 특성을 쓰시오.","청장년층 비중 높고 전입형·도시형"
"583","6학년","우리 국토","인구 구조","[A] 표주박형 인구 구조는 어느 지역에서 흔한가?","농어촌형"
"584","6학년","우리 국토","인구 구조","[B] 인구 피라미드 밑변이 넓을수록 출생률은?","높다"
"585","6학년","우리 국토","인구 구조","[B] 개발도상국과 선진국의 인구 피라미드 차이를 간단히 쓰시오.","개도국 밑변 넓음·선진국 상하 폭 차 작음"
"586","6학년","우리 국토","인구 변화","[A] 일정 기간 인구가 증가·감소하는 규모 변화를 무엇이라 하는가?","인구 성장"
"587","6학년","우리 국토","인구 변화","[A] 전년 대비 인구 증가율을 나타내는 지표는?","인구 성장률"
"588","6학년","우리 국토","인구 변화","[B] 인구가 증가·감소했다는 것은 각각 무엇을 의미하는가?","출생>사망·출생<사망"
"589","6학년","우리 국토","인구 변화","[B] 인구 성장률이 0보다 크면? 0보다 작으면?","늘어난다·줄어든다"
"590","6학년","우리 국토","인구 변화","[B] 2030년 인구 성장률이 0이 된다는 것은 무엇을 뜻하는가?","인구 성장이 멈춤"
"591","6학년","우리 국토","인구 변화","[A] 국가 인구 증감 계산식은?","출생자 수-사망자 수±이민자 수"
"592","6학년","우리 국토","인구 변화","[A] 지역 인구 증감 계산식은?","출생-사망+전입-전출"
"593","6학년","우리 국토","인구 변화","[A] 생산 가능 인구 급감으로 소비 위축이 나타나는 현상은?","인구 절벽"
"594","6학년","우리 국토","인구 분포","[A] 일정 넓이 안 거주 인구 수로 나타낸 값을 무엇이라 하는가?","인구 밀도"
"595","6학년","우리 국토","인구 분포","[B] 인구 밀도가 높은 지역의 일반적 조건을 쓰시오.","생산 양식·기술 높고 경제 발달"
"596","6학년","우리 국토","인구 분포","[B] 남서 평야 지역에 인구 밀도가 높은 자연적 이유는?","벼농사 중심의 넓은 농지"
"597","6학년","우리 국토","인구 분포","[B] 대도시 지역의 높은 인구 밀도 사회·경제적 이유는?","산업화로 일자리 집중"
"598","6학년","우리 국토","위험 지표","[A] 20~39세 여성 인구를 65세 이상 인구로 나눈 값은?","소멸 위험 지수"
"599","6학년","우리 국토","도시화","[A] 도시 수·도시 주민·면적이 증가하는 과정을 무엇이라 하는가?","도시화"
"600","6학년","우리 국토","도시화 과정","[B] 1960년대 대도시 성장의 주된 이유는?","일자리 찾아 도시 전입"
"601","6학년","우리 국토","도시화 과정","[B] 1970년대 공업 도시 성장이 두드러진 까닭은?","남동 임해 공업 단지 조성"
"602","6학년","우리 국토","도시화 과정","[B] 1980년대 신도시 건설의 목적은?","대도시 집중 해소·기능 분산"
"603","6학년","우리 국토","산업화","[A] 분업 체계 속 경제 활동이 전문화되는 과정을 무엇이라 하는가?","산업화"
"604","6학년","우리 국토","경제 계획","[A] 1960년대 시행된 국가 단위 경제 계획은?","제1차 경제 개발 5개년 계획"
"605","6학년","우리 국토","산업 입지","[B] 남동 임해에 중화학 공업이 입지한 주된 이유는?","원료 수입·제품 수출에 유리"
"606","6학년","우리 국토","산업 사례","[B] 동해에서 시멘트 산업이 발달한 까닭은?","석회석 풍부"
"607","6학년","우리 국토","산업 사례","[B] 대구광역시에서 성장한 대표 산업은?","섬유·패션"
"608","6학년","우리 국토","산업 사례","[B] 부산광역시에서 발달한 대표 산업은?","물류 산업"
"609","6학년","우리 국토","산업 사례","[B] 제주특별자치도에서 발달한 대표 산업은?","관광 산업"
"610","6학년","우리 국토","산업 사례","[B] 광주광역시에서 발달한 대표 제조 산업은?","자동차 산업"
"611","6학년","우리 국토","산업 사례","[B] 대전광역시에서 성장한 산업의 특징은?","연구소·대학 기반 첨단 산업"
"612","6학년","우리 국토","수도권 산업","[B] 서울특별시에서 다양한 산업이 발달한 배경은?","교통 편리·소비 시장 큼"
"613","6학년","우리 국토","산업·도시","[B] 산업화의 진전이 도시화와 연결되는 이유를 쓰시오.","1차 비중↓ 2·3차↑로 산업 고도화→도시화"
"614","6학년","우리 국토","신도시 기능","[E] 신도시의 주요 기능 3가지를 쓰시오.","공업 기능·주거 기능·행정 기능"
"615","6학년","우리 국토","도시 문제","[A] 도시 외곽으로 무질서하게 팽창하는 현상은?","도시 스프롤 현상"
"616","6학년","우리 국토","산업 집적","[A] 유사 업종의 서로 다른 기능 기관이 모여 있는 산업 집적지는?","클러스터"
"617","6학년","우리 국토","경제 계획","[E] 경제 개발 5개년 계획의 부작용 2가지를 쓰시오.","대외 의존 심화·빈부 격차"
"618","6학년","우리 국토","교통 개념","[A] 넓은 의미에서 교통에 포함되는 것은?","통신"
"619","6학년","우리 국토","교통·도시화","[E] 교통망 발달로 함께 촉진되는 두 가지를 쓰시오.","산업화·도시화"
"620","6학년","우리 국토","생활권","[A] 행정 구역과 무관하게 일상 활동이 이루어지는 범위는?","생활권"
"621","6학년","인권 존중과 정의로운 사회","핵심 개념","[A] 사람이라면 누구나 태어날 때부터 가지는 기본적 권리는?","인권"
"622","6학년","인권 존중과 정의로운 사회","핵심 개념","[A] 인권을 존중하는 의식이 확대·성장하는 것을 무엇이라 하는가?","인권 신장"
"623","6학년","인권 존중과 정의로운 사회","핵심 개념","[A] 인간답게 살 권리를 국가가 보장하는 것을 무엇이라 하는가?","인권 보장"
"624","6학년","인권 존중과 정의로운 사회","OX","[D] O/X 퀴즈: 인권은 국가를 초월하는 개념이다.","O"
"625","6학년","인권 존중과 정의로운 사회","OX","[D] O/X 퀴즈: 인권과 기본권은 완전히 동일한 개념이다.,X","인권을 헌법으로 보장한 것이 기본권"
"626","6학년","인권 존중과 정의로운 사회","권리 구분","[C] 자유권과 사회권은 각각 어떤 때 보장되는가?","국가 간섭 없을 때·국가의 적극 조치 때"
"627","6학년","인권 존중과 정의로운 사회","국제 기준","[A] 1948년 UN이 인권을 보편 권리로 채택하며 선포한 것은?","세계 인권 선언"
"628","6학년","인권 존중과 정의로운 사회","기관","[B] 국가 인권 위원회의 성격을 한 문장으로 쓰시오.","어느 국가 기관에도 속하지 않는 독립 기구"
"629","6학년","인권 존중과 정의로운 사회","기관","[B] 국가 인권 위원회가 하는 일 두 가지를 쓰시오.","인권 침해 조사·피해자 구제"
"630","6학년","인권 존중과 정의로운 사회","아동 권리","[A] 어린이·청소년 권리를 담은 국제 협약은?","유엔 아동 권리 협약"
"631","6학년","인권 존중과 정의로운 사회","아동 권리","[A] 안전하고 건강하게 자랄 권리는?","생존의 권리"
"632","6학년","인권 존중과 정의로운 사회","아동 권리","[A] 폭력으로부터 보호받고 존중받을 권리는?","보호의 권리"
"633","6학년","인권 존중과 정의로운 사회","아동 권리","[A] 놀 권리·교육받을 권리는?","발달의 권리"
"634","6학년","인권 존중과 정의로운 사회","아동 권리","[A] 의견을 말하고 참여할 권리는?","참여의 권리"
"635","6학년","인권 존중과 정의로운 사회","인물","[B] 『홍길동전』으로 신분 차별의 부당함을 다룬 인물은?","허균"
"636","6학년","인권 존중과 정의로운 사회","인물","[B] 어린이날을 만들어 아동 인권을 강조한 인물은?","방정환"
"637","6학년","인권 존중과 정의로운 사회","인물","[B] 가난하고 아픈 사람을 위해 봉사하며 인권을 실천한 인물은?","테레사 수녀"
"638","6학년","인권 존중과 정의로운 사회","인물","[B] 흑인 차별의 부당함을 알린 인권 운동가는?","마틴 루서 킹"
"639","6학년","인권 존중과 정의로운 사회","옛 제도","[A] 임금의 행차 때 징을 쳐 억울함을 호소하던 제도는?","격쟁"
"640","6학년","인권 존중과 정의로운 사회","옛 제도","[A] 대궐 밖의 북을 쳐 억울함을 알리던 제도는?","신문고 제도"
"641","6학년","인권 존중과 정의로운 사회","옛 제도","[A] 신분과 관계없이 문서로 임금에게 호소하던 제도는?","상언 제도"
"642","6학년","인권 존중과 정의로운 사회","옛 제도","[A] 중죄인의 판결을 세 번 심사·토의하던 제도는?","삼복제"
"643","6학년","인권 존중과 정의로운 사회","사회 보장","[A] 인간다운 최소 생활을 국가가 보장하는 제도는?","사회 보장 제도"
"644","6학년","인권 존중과 정의로운 사회","사회 보장","[E] 저소득층 관련 제도 2가지를 쓰시오.","국민 기초 생활 보장·최저 임금 제도"
"645","6학년","인권 존중과 정의로운 사회","사회 보장","[A] 실업 상태에서 지급하는 급여 제도는?","실업 급여"
"646","6학년","인권 존중과 정의로운 사회","사회 보장","[A] 질병 관련 사회 보장 제도는?","국민 건강 보험"
"647","6학년","우리나라의 정치 발전","핵심 개념","[A] 민주주의적으로 되어 가는 과정을 무엇이라 하는가?","민주화"
"648","6학년","우리나라의 정치 발전","핵심 개념","[A] 의사 결정 과정에 영향력을 행사하려는 활동은?","참여"
"649","6학년","우리나라의 정치 발전","4·19 혁명","[A] 4·19 혁명의 직접적 배경은?","3·15 부정 선거"
"650","6학년","우리나라의 정치 발전","4·19 혁명","[B] 4·19 혁명의 결과를 한 문장으로 쓰시오.","이승만 하야·부정 선거 무효"
"651","6학년","우리나라의 정치 발전","5·18 민주화 운동","[B] 5·18 민주화 운동의 배경을 간단히 쓰시오.","군사 정변과 유신체제·5·17 조치"
"652","6학년","우리나라의 정치 발전","5·18 민주화 운동","[B] 5·18 민주화 운동의 전개를 간단히 쓰시오.","광주 시위→계엄군 진압→시민군 대항→강제 진압"
"653","6학년","우리나라의 정치 발전","6월 민주 항쟁","[B] 6월 민주 항쟁의 도화선이 된 사건과 요구는 무엇인가?","박종철 고문치사·직선제 개헌 요구"
"654","6학년","우리나라의 정치 발전","6월 민주 항쟁","[A] 6월 민주 항쟁의 결정적 성과는?","대통령 직선제"
"655","6학년","우리나라의 정치 발전","6·29 선언","[E] 6·29 민주화 선언의 주요 내용 4가지를 쓰시오.","대통령 직선제·언론 자유 보장·인간 존엄 보장·지방 자치제"
"656","6학년","우리나라의 정치 발전","지방 자치","[A] 주민이 선출한 의회와 단체장이 지역 일을 처리하는 제도는?","지방 자치제"
"657","6학년","법의 의미와 역할","핵심 개념","[A] 국가가 만든 강제성 있는 사회 규범은?","법"
"658","6학년","법의 의미와 역할","핵심 개념","[A] 많은 사람이 양심에 비추어 옳다고 여기는 행동 기준은?","도덕"
"659","6학년","법의 의미와 역할","비교","[B] 법과 도덕의 차이를 한 문장으로 쓰시오.","법은 강제·외적 행위 규율·제재 수반·가변성 있음·도덕은 자율·내면 동기 중시"
"660","6학년","법의 의미와 역할","특수 법","[A] 위험한 사람을 고의로 구조하지 않을 때 처벌하는 법은?","착한 사마리아인의 법"
"661","6학년","법의 의미와 역할","헌법재판소","[E] 헌법재판소 심판의 종류 5가지를 쓰시오.","법률의 위헌 여부 심판·탄핵 심판·정당 해산 심판·권한쟁의 심판·헌법소원 심판"
"662","6학년","법의 의미와 역할","헌법재판소","[A] 법률이 헌법에 어긋나는지 판단하는 심판은 무엇인가?","법률의 위헌 여부 심판"
"663","6학년","법의 의미와 역할","헌법재판소","[A] 대통령·국무총리 등 공직자의 법 위반 책임을 묻는 심판은 무엇인가?","탄핵 심판"
"664","6학년","법의 의미와 역할","헌법재판소","[A] 민주적 기본질서를 위배한 정당을 해산할지 판단하는 심판은 무엇인가?","정당 해산 심판"
"665","6학년","법의 의미와 역할","헌법재판소","[A] 국가기관·지자체 사이 권한 다툼을 해결하는 심판은 무엇인가?","권한쟁의 심판"
"666","6학년","법의 의미와 역할","헌법재판소","[A] 공권력 행사로 기본권을 침해당한 국민이 구제를 청구하는 심판은 무엇인가?","헌법소원 심판"
"667","6학년","법의 의미와 역할","헌법재판소","[C] 헌법재판소 재판관 수와 중요 결정의 찬성 정족수를 쓰시오.","재판관 9명·찬성 6명 이상"
"668","6학년","법의 의미와 역할","헌법재판소","[D] O/X 퀴즈: 헌법재판소는 사법부에 속한 법원이다.,X","별도의 독립 헌법기관"
"669","6학년","대한민국 헌법","기본권 개관","[E] 국민의 5대 기본권을 쓰시오.","평등권·자유권·참정권·청구권·사회권"
"670","6학년","대한민국 헌법","기본권 개관","[E] 국민의 6대 기본권을 쓰시오.","평등권·자유권·참정권·청구권·사회권·인간의 존엄과 가치 및 행복추구권"
"671","6학년","대한민국 헌법","행복추구권","[A] 모든 기본권의 토대가 되는 기본권으로 ‘존엄과 가치·행복을 추구할 권리’는 무엇인가?","인간의 존엄과 가치 및 행복추구권"
"672","6학년","대한민국 헌법","자유권","[C] 자유권의 대표적 내용 4가지를 쓰시오.","신체의 자유·거주이전의 자유·직업선택의 자유·언론·출판·집회·결사의 자유"
"673","6학년","대한민국 헌법","참정권","[C] 참정권의 대표적 내용 2가지를 쓰시오.","선거권·공무담임권"
"674","6학년","대한민국 헌법","청구권","[C] 청구권의 대표적 내용 2가지를 쓰시오.","재판청구권·청원권"
"675","6학년","대한민국 헌법","사회권","[C] 사회권의 대표적 내용 3가지를 쓰시오.","교육권·환경권·근로권"
"676","6학년","대한민국 헌법","평등권","[D] O/X 퀴즈: 평등권은 합리적 이유 없는 차별을 금지한다.","O"
"677","6학년","대한민국 헌법","기본권 제한","[B] 기본권 제한의 일반 규정을 서술하시오.","국가안전보장·질서유지·공공복리를 위해 ‘법률’로만 제한 가능하며 본질적 내용 침해 금지"
"678","6학년","대한민국 헌법","기본권 제한","[D] O/X 퀴즈: 기본권은 어떤 경우에도 제한될 수 없다.,X","법률에 의한 제한 가능(본질적 내용 침해 금지)"
"679","6학년","대한민국 헌법","기본권 제한","[A] ‘자유와 권리의 본질적 내용 침해 금지’의 뜻은 무엇인가?","기본권의 핵심 가치는 어떤 제한에서도 훼손될 수 없음"
"680","6학년","대한민국 헌법","기본권 제한","[A] ‘공공복리’의 의미를 간단히 쓰시오.","사회 전체의 공동 이익과 질서 유지"
"681","6학년","대한민국 헌법","기본권 제한","[E] 기본권 제한의 기준 5가지를 쓰시오.","국가안전보장·사회질서유지·공공복리·법률에 의함·본질적 내용 침해 금지"
"682","6학년","대한민국 헌법","국민의 의무","[E] 국민의 6대 의무를 쓰시오.","국방·근로·교육·납세·환경보전·재산권의 공공복리 적합 행사"
"683","6학년","대한민국 헌법","국민의 의무","[E] 전통적으로 말하는 국민의 4대 의무를 쓰시오.","국방·근로·교육·납세"
"684","6학년","대한민국 헌법","국민의 의무","[C] ‘권리이자 의무’에 해당하는 4가지를 쓰시오.","근로·교육·환경보전·재산권의 공공복리 적합 행사"
"685","6학년","대한민국 헌법","국민의 의무","[D] O/X 퀴즈: 국방의 의무는 권리이자 의무에 해당한다.,X","권리이자 의무에는 포함되지 않음"
"686","6학년","대한민국 헌법","국민의 의무","[A] ‘재산권의 공공복리 적합 행사’ 의무를 간단히 쓰시오.","재산권은 공공복리에 맞게 행사해야 함"
"687","6학년","대한민국 헌법","국민의 의무","[A] ‘환경보전의 의무’를 간단히 쓰시오.","환경을 가꾸고 보호하도록 노력해야 함"
"688","6학년","대한민국 헌법","국민의 의무","[A] ‘납세의 의무’를 간단히 쓰시오.","법에 정한 세금을 성실히 내야 함"
"689","6학년","대한민국 헌법","국민의 의무","[A] ‘근로의 의무’를 간단히 쓰시오.","개인과 국가 발전을 위해 성실히 일해야 함"
"690","6학년","대한민국 헌법","국민의 의무","[A] ‘교육의 의무’를 간단히 쓰시오.","자녀가 의무교육을 받도록 해야 함"
"691","6학년","대한민국 헌법","국민의 의무","[A] ‘국방의 의무’를 간단히 쓰시오.","나라와 국민의 안전을 위해 국방에 힘써야 함"
"692","6학년","법의 의미와 역할","법의 위계","[E] 법의 위계를 높은 순으로 쓰시오.","헌법>법률>명령(대통령령·총리령·부령)>조례>규칙"
"693","6학년","법의 의미와 역할","법의 위계","[A] 국회가 제정하는 일반적 법 규범은 무엇인가?","법률"
"694","6학년","법의 의미와 역할","법의 위계","[A] 대통령·국무총리·각 부 장관이 만드는 하위 법규는 무엇인가?","명령(대통령령·총리령·부령)"
"695","6학년","법의 의미와 역할","법의 위계","[A] 지방의회가 정하는 지역 단위의 법 규범은 무엇인가?","조례"
"696","6학년","법의 의미와 역할","법의 위계","[A] 지방자치단체의 장이 정하는 규범은 무엇인가?","규칙"
"697","6학년","법의 의미와 역할","법의 위계","[D] O/X 퀴즈: 명령은 법률보다 상위의 효력을 가진다.,X","법률의 위임·집행 범위 내에서만 가능"
"698","6학년","대한민국 헌법","헌법 원리","[A] 헌법 제1조 제1항의 내용은 무엇인가?","대한민국은 민주공화국이다"
"699","6학년","대한민국 헌법","헌법 원리","[A] 헌법 제1조 제2항의 내용은 무엇인가?","대한민국의 주권은 국민에게 있고 모든 권력은 국민으로부터 나온다"
"700","6학년","법의 의미와 역할","헌법과 법의 관계","[B] 헌법과 하위 법률의 관계를 한 문장으로 서술하시오.","모든 법률은 헌법을 바탕으로 하며 헌법에 위반될 수 없다"
"701","6학년","대한민국 헌법","청구권 보장","[B] 재판청구권과 청원권의 공통점은 무엇인가?","권리 침해 구제를 국가에 요구하는 청구권에 속함"
"702","6학년","대한민국 헌법","기본권 보장","[B] 행복추구권이 ‘다른 기본권을 포괄한다’는 뜻을 한 문장으로 쓰시오.","행복추구권은 각 기본권의 근간으로 다른 기본권 해석과 보장의 기준이 됨"
"703","6학년","민주 정치와 국가 기관","일상생활과 민주주의","지방 자치는 무엇을 기반으로 하는 행정 형태인가?","민주주의·지방 분권"
"704","6학년","민주 정치와 국가 기관","일상생활과 민주주의","지방 자치제를 운영하는 기관을 지역 주민이 어떻게 구성하는가?","주민이 선출한 기관이 지역 행정을 처리"
"705","6학년","민주 정치와 국가 기관","일상생활과 민주주의","지방 자치의 두 관점은 무엇인가?","주민 자치·단체 자치"
"706","6학년","민주 정치와 국가 기관","일상생활과 민주주의","주민 자치는 어떤 원리에 근거한가?","민주주의의 원리"
"707","6학년","민주 정치와 국가 기관","일상생활과 민주주의","단체 자치는 어떤 원리에 기초하는가?","지방 분권의 원리"
"708","6학년","민주 정치와 국가 기관","일상생활과 민주주의","역사적 사고력의 일부로서 감정이입적 이해란 무엇을 파악하는가?","행위 의도·동기·관점의 맥락적 이해"
"709","6학년","민주 정치와 국가 기관","일상생활과 민주주의","현대 국가에서 가장 기본적인 참여 형태는 무엇인가?","투표"
"710","6학년","민주 정치와 국가 기관","일상생활과 민주주의","민주적 의사 결정 원리의 3가지는 무엇인가?","다수결·대화와 타협·소수 의견 존중"
"711","6학년","민주 정치와 국가 기관","일상생활과 민주주의","모든 국민이 나라의 주인으로 권리를 평등하게 행사하는 정치 형태는?","민주주의"
"712","6학년","민주 정치와 국가 기관","일상생활과 민주주의","민주주의의 생활 속 사례 3가지를 쓰시오.","학생 자치회·주민 자치회·시민 공청회·지방 의회 중 3가지"
"713","6학년","민주 정치와 국가 기관","일상생활과 민주주의","민주주의의 기본 정신 3가지는?","인간의 존엄·자유·평등"
"714","6학년","민주 정치와 국가 기관","일상생활과 민주주의","자유를 실현할 때 반드시 따르는 것은 무엇인가?","책임과 의무"
"715","6학년","민주 정치와 국가 기관","민주 선거","선거와 국민투표를 공정하게 관리하는 독립기관은?","선거 관리 위원회"
"716","6학년","민주 정치와 국가 기관","민주 선거","민주 선거의 기본 원칙 4가지를 쓰시오.","보통 선거·평등 선거·직접 선거·비밀 선거"
"717","6학년","민주 정치와 국가 기관","민주 선거","보통 선거의 의미는?","만 18세 이상 국민이면 누구나 투표 가능"
"718","6학년","민주 정치와 국가 기관","민주 선거","평등 선거의 의미는?","한 사람에게 한 표씩 행사"
"719","6학년","민주 정치와 국가 기관","민주 선거","직접 선거의 의미는?","투표는 자신이 직접 해야 함"
"720","6학년","민주 정치와 국가 기관","민주 선거","비밀 선거의 의미는?","누구에게 투표했는지 타인이 알 수 없음"
"721","6학년","민주 정치와 국가 기관","정치의 의미","정치는 무엇을 원만하게 해결해 가는 과정인가?","공동의 문제"
"722","6학년","민주 정치와 국가 기관","정치의 의미","좁은 의미의 정치 활동 예 2가지를 쓰시오.","법 제정·국가 중요 업무 처리·정당 활동 중 2가지"
"723","6학년","민주 정치와 국가 기관","정치의 의미","넓은 의미의 정치는 무엇을 위한 모든 행동인가?","사회질서를 위한 갈등 해결"
"724","6학년","민주 정치와 국가 기관","민주 정치의 원리","국민의 의견을 대변할 대표를 선출해 정책을 결정하는 정치 형태는?","대의 민주주의"
"725","6학년","민주 정치와 국가 기관","민주 정치의 원리","대의자들이 국민 뜻을 반영하도록 돕는 기관 3가지는?","정당·시민 단체·여론 기관"
"726","6학년","민주 정치와 국가 기관","민주주의 실천 태도","민주주의를 실천하는 바람직한 태도 3가지는?","관용·비판적 태도·양보와 타협·실천 중 3가지"
"727","6학년","민주 정치와 국가 기관","민주적 의사 결정","민주적 의사 결정의 3가지 원리는?","대화와 타협·다수결의 원칙·소수 의견 존중"
"728","6학년","민주 정치와 국가 기관","민주적 의사 결정","다수결의 원칙의 장점은?","쉽고 빠르게 문제 해결"
"729","6학년","민주 정치와 국가 기관","민주적 의사 결정","다수결의 원칙의 한계 3가지를 쓰시오.","다수의 비합리성·다수의 횡포·중우 정치"
"730","6학년","민주 정치와 국가 기관","민주적 의사 결정","다수결의 한계를 극복하는 방법 2가지는?","충분한 대화·토론, 소수 의견 존중"
"731","6학년","민주 정치와 국가 기관","민주 정치의 원리","민주 정치의 기본 원리 4가지는?","국민 주권·권력 분립·입헌주의·국민 자치"
"732","6학년","민주 정치와 국가 기관","민주 정치의 원리","국민 주권의 원리란?","주권이 국민에게 있어 스스로 국가 일을 결정"
"733","6학년","민주 정치와 국가 기관","민주 정치의 원리","권력 분립의 원리란?","국가 권력을 나누어 맡겨 견제와 균형을 이루는 것"
"734","6학년","민주 정치와 국가 기관","민주 정치의 원리","입헌주의의 원리는 무엇을 규정한 헌법에 따라 정책을 결정·집행하는가?","국가의 조직과 운영"
"735","6학년","민주 정치와 국가 기관","민주 정치의 원리","국민 자치의 원리는 무엇의 결합인가?","대의제의 원리와 지방 자치의 원리"
"736","6학년","민주 정치와 국가 기관","민주 정치의 원리","간접 민주 정치의 장점은?","규모가 큰 국가에서도 신속한 의사결정으로 효율성"
"737","6학년","민주 정치와 국가 기관","민주 정치의 원리","간접 민주 정치의 단점은?","국민 의사 반영의 어려움과 정치적 무관심"
"738","6학년","민주 정치와 국가 기관","민주 정치의 원리","직접 민주 정치의 요소 4가지는?","국민 투표·국민 소환·국민 발안·지방 자치 제도"
"739","6학년","민주 정치와 국가 기관","민주 정치의 원리","민주 정치의 기본 원리를 실현하는 이유는?","인간 존엄·자유·평등 실현"
"740","6학년","민주 정치와 국가 기관","민주 정치의 원리","초등에서는 어떤 두 원리를 중심으로 지도하는가?","국민 주권·권력 분립"
"741","6학년","민주 정치와 국가 기관","민주 정치의 원리","헌법 제1조의 의미는 어떤 원리인가? (대한민국은 민주공화국)","국민 주권의 원리"
"742","6학년","민주 정치와 국가 기관","민주 정치의 원리","헌법 제40조의 의미는 어떤 원리인가? (입법권은 국회)","권력 분립의 원리"
"743","6학년","민주 정치와 국가 기관","민주 정치의 원리","헌법 제66조의 의미는 어떤 원리인가? (행정권은 정부)","권력 분립의 원리"
"744","6학년","민주 정치와 국가 기관","민주 정치의 원리","헌법 제101조의 의미는 어떤 원리인가? (사법권은 법원)","권력 분립의 원리"
"745","6학년","민주 정치와 국가 기관","민주 정치의 원리","국가 비상사태에서 대통령이 자유와 권리를 정지하는 조치는?","긴급 조치"
"746","6학년","민주 정치와 국가 기관","민주 정치의 원리","국가 권력의 권리 침해를 헌법재판소가 심판하도록 청구하는 제도는?","헌법 소원"
"747","6학년","민주 정치와 국가 기관","민주 정치의 원리","시민이 스스로 다스리고 동시에 다스림을 받는다는 원리는?","치자와 피치자의 동일성의 원리"
"748","6학년","민주 정치와 국가 기관","국가 기관의 역할","국회·정부·법원에 각각 부여된 권력은?","입법권·행정권·사법권"
"749","6학년","민주 정치와 국가 기관","국가 기관의 역할","헌법 개정 절차에서 국회의 의결 요건은?","재적의원 2/3 이상 찬성"
"750","6학년","민주 정치와 국가 기관","국가 기관의 역할","법률 제정·개정의 최종 단계는 무엇인가?","공포"
"751","6학년","민주 정치와 국가 기관","국가 기관의 역할","조약 체결·비준은 어느 기관의 권한이며 국회는 무엇을 하는가?","행정부 권한·국회 동의권"
"752","6학년","민주 정치와 국가 기관","국가 기관의 역할","예산안은 누가 제출하고 누가 심의·확정하는가?","정부 제출·국회 심의·확정"
"753","6학년","민주 정치와 국가 기관","국가 기관의 역할","결산 심사의 목적은?","이미 사용한 예산의 적정성 검토"
"754","6학년","민주 정치와 국가 기관","국가 기관의 역할","조세 법률주의에 따른 국회의 권한은?","재정 입법 권한"
"755","6학년","민주 정치와 국가 기관","국가 기관의 역할","국정 감사·조사의 목적은?","정부가 법에 따라 일하는지 확인·시정 요구"
"756","6학년","민주 정치와 국가 기관","국가 기관의 역할","탄핵 소추권이란 무엇인가?","공무원 위법 시 헌법재판소에 탄핵 심판 요청"
"757","6학년","민주 정치와 국가 기관","국가 기관의 역할","국회의 교섭 단체를 구성하려면 필요한 의원 수는?","20인 이상"
"758","6학년","민주 정치와 국가 기관","국가 기관의 역할","국회의원의 불체포 특권은 무엇을 의미하는가?","회기 중 국회 동의 없이는 체포 금지"
"759","6학년","민주 정치와 국가 기관","국가 기관의 역할","국회의원의 면책 특권은 어디서의 발언과 표결에 적용되는가?","국회 내 발언·표결 책임 면제"
"760","6학년","민주 정치와 국가 기관","국가 기관의 역할","국회의원 선출 주기는 몇 년인가?","4년"
"761","6학년","민주 정치와 국가 기관","국가 기관의 역할","행정부의 최고 통치권자는 누구인가?","대통령"
"762","6학년","민주 정치와 국가 기관","국가 기관의 역할","대통령을 도와 각 부를 관리·감독하는 사람은?","국무총리"
"763","6학년","민주 정치와 국가 기관","국가 기관의 역할","정부의 주요 정책을 심의하는 최고 심의 기관은?","국무 회의"
"764","6학년","민주 정치와 국가 기관","국가 기관의 역할","국무 회의 구성원 3가지는?","대통령·국무총리·각 부 장관"
"765","6학년","민주 정치와 국가 기관","국가 기관의 역할","교육에 관한 일을 책임지는 중앙 행정기관은?","교육부"
"766","6학년","민주 정치와 국가 기관","국가 기관의 역할","국방을 담당하는 기관은?","국방부"
"767","6학년","민주 정치와 국가 기관","국가 기관의 역할","식품과 의약품 안전을 담당하는 기관은?","식품의약품안전처"
"768","6학년","민주 정치와 국가 기관","국가 기관의 역할","국민의 생명과 재산을 보호하는 기관은?","소방청"
"769","6학년","민주 정치와 국가 기관","국가 기관의 역할","대외 협력과 재외국민 보호를 담당하는 기관은?","외교부"
"770","6학년","민주 정치와 국가 기관","국가 기관의 역할","통일을 위해 노력하는 기관은?","통일부"
"771","6학년","민주 정치와 국가 기관","국가 기관의 역할","국민 건강을 책임지는 기관은?","보건복지부"
"772","6학년","민주 정치와 국가 기관","국가 기관의 역할","국토 개발을 담당하는 기관은?","국토교통부"
"773","6학년","민주 정치와 국가 기관","국가 기관의 역할","기상을 관측해 날씨를 알리는 기관은?","기상청"
"774","6학년","민주 정치와 국가 기관","국가 기관의 역할","문화유산을 보호·관리하는 기관은?","문화재청"
"775","6학년","민주 정치와 국가 기관","법원과 재판","법원이 하는 일 3가지는?","재판·등기·가족관계등록부 관리"
"776","6학년","민주 정치와 국가 기관","법원과 재판","공정한 재판을 위한 제도 3가지는?","법원의 독립·재판 공개·3심제도"
"777","6학년","민주 정치와 국가 기관","법원과 재판","심급 제도의 기본 운영 형태는?","대부분 3심제"
"778","6학년","민주 정치와 국가 기관","법원과 재판","대통령·국회의원·시·도지사 선거 소송은 몇 심제인가?","단심제"
"779","6학년","민주 정치와 국가 기관","법원과 재판","특허 재판과 지방의회 선거 소송은 몇 심제인가?","2심제"
"780","6학년","민주 정치와 국가 기관","법원과 재판","민사·형사·행정·가사·군사 재판은 몇 심제인가?","3심제"
"781","6학년","민주 정치와 국가 기관","법원과 재판","형사 재판에서 공소 제기와 유무죄 판단 청구를 하는 사람은?","검사"
"782","6학년","민주 정치와 국가 기관","법원과 재판","형사 재판을 진행하고 판결하는 사람은?","판사"
"783","6학년","민주 정치와 국가 기관","법원과 재판","피고인을 대신해 권리를 주장하는 사람은?","변호인"
"784","6학년","민주 정치와 국가 기관","법원과 재판","사건과 관련된 경험을 말해주는 사람은?","증인"
"785","6학년","민주 정치와 국가 기관","법원과 재판","범죄 혐의로 재판받는 사람은?","피고인"
"786","6학년","민주 정치와 국가 기관","법원과 재판","사적인 생활의 권리·법률관계 다툼을 해결하는 재판은?","민사 재판"
"787","6학년","민주 정치와 국가 기관","법원과 재판","유무죄 판단과 형벌을 정하는 재판은?","형사 재판"
"788","6학년","민주 정치와 국가 기관","법원과 재판","가족·친족 사건을 다루는 재판은?","가사 재판"
"789","6학년","민주 정치와 국가 기관","법원과 재판","소년에게 보호 처분을 내릴 수 있는 재판은?","소년 재판"
"790","6학년","민주 정치와 국가 기관","법원과 재판","행정 처분의 취소·변경을 청구하는 재판은?","행정 재판"
"791","6학년","민주 정치와 국가 기관","법원과 재판","선거 무효와 당선 무효를 다루는 재판은?","선거 재판"
"792","6학년","민주 정치와 국가 기관","법원과 재판","헌법에 관한 문제를 다루는 재판 기관은?","헌법 재판소"
"793","6학년","민주 정치와 국가 기관","법원과 재판","민사·형사·행정 재판에서 원고와 피고의 구성을 올바르게 쓰시오.","민사: 원고·피고 / 형사: 검사·피고인 / 행정: 원고·피고(행정기관)"
"794","6학년","민주 정치와 국가 기관","삼권 분립과 견제","국회가 정부를 견제하는 권한 2가지는?","국정 감사권·탄핵 소추권"
"795","6학년","민주 정치와 국가 기관","삼권 분립과 견제","국회가 법원을 견제하는 권한은?","대법원장·대법관 임명 동의권·탄핵 소추권"
"796","6학년","민주 정치와 국가 기관","삼권 분립과 견제","대통령이 국회를 견제하는 권한은?","법률안 거부권"
"797","6학년","민주 정치와 국가 기관","삼권 분립과 견제","대통령이 법원을 견제하는 권한 2가지는?","대법원장·대법관 임명권·사면권"
"798","6학년","민주 정치와 국가 기관","삼권 분립과 견제","법원이 국회를 견제하는 권한은?","위헌 법률 심사 제청권"
"799","6학년","민주 정치와 국가 기관","삼권 분립과 견제","법원이 정부를 견제하는 권한은?","명령·규칙·처분 심사권"
"800","6학년","민주 정치와 국가 기관","삼권 분립과 견제","대법관 임명 동의안 국회 제출은 어떤 견제 사례인가?","정부·국회가 법원을 견제"
"801","6학년","민주 정치와 국가 기관","삼권 분립과 견제","법원의 위헌 제청은 누구를 견제하는 사례인가?","법원이 국회를 견제"
"802","6학년","민주 정치와 국가 기관","삼권 분립과 견제","법률안 거부권 검토는 누구의 누구 견제 사례인가?","정부가 국회를 견제"
"803","6학년","민주 정치와 국가 기관","삼권 분립과 견제","국정 감사 시작은 누구의 누구 견제 사례인가?","국회가 정부를 견제"
"804","6학년","민주 정치와 국가 기관","삼권 분립과 견제","대통령의 사면은 어떤 견제 권한인가?","정부가 법원을 견제(사면권)"
"805","6학년","민주 정치와 국가 기관","삼권 분립과 견제","법원이 개선 명령 취소를 결정한 사례는 어떤 권한인가?","명령·규칙·처분 심사권"
"806","6학년","민주 정치와 국가 기관","정부 형태","국민이 선출한 군주 역할의 국가 원수가 행정을 수행하는 제도는?","대통령제"
"807","6학년","민주 정치와 국가 기관","정부 형태","의회가 내각을 구성해 행정을 담당하는 형태는?","의원 내각제"
"808","6학년","민주 정치와 국가 기관","정부 형태","의원 내각제에서 형식상의 국가 원수와 실질 통치 주체는 각각 무엇인가?","군주(국왕)·의회(수상)"
"809","6학년","우리나라의 경제 발전","우리나라 경제 체제의 특징","경제 주체 3가지는 무엇인가?","가계·기업·정부"
"810","6학년","우리나라의 경제 발전","우리나라 경제 체제의 특징","가계의 주된 경제 활동은?","소비 활동"
"811","6학년","우리나라의 경제 발전","우리나라 경제 체제의 특징","기업의 경제 활동 2가지는?","생산·분배(일자리 제공, 임금 지급)"
"812","6학년","우리나라의 경제 발전","우리나라 경제 체제의 특징","정부의 주요 역할 두 가지는?","공공 서비스 제공·분배(조세)"
"813","6학년","우리나라의 경제 발전","우리나라 경제 체제의 특징","국민 소득 순환이란?","생산·분배·지출이 반복되는 과정"
"814","6학년","우리나라의 경제 발전","가계와 기업","재화와 서비스의 차이는?","유형·무형의 생산물 vs 만족 제공 행위"
"815","6학년","우리나라의 경제 발전","가계와 기업","생산 요소 3가지는?","노동·자본·천연자원"
"816","6학년","우리나라의 경제 발전","가계와 기업","기업의 수입·비용·이윤의 관계는?","이윤=수입-비용"
"817","6학년","우리나라의 경제 발전","가계와 기업","가계의 합리적 소비란 무엇인가?","소득 범위 내 최대 만족을 추구하는 소비"
"818","6학년","우리나라의 경제 발전","가계와 기업","선택이 필요한 까닭은 무엇인가?","희소성"
"819","6학년","우리나라의 경제 발전","가계와 기업","기회비용이란 무엇인가?","선택 시 포기한 대안의 가치"
"820","6학년","우리나라의 경제 발전","가계와 기업","올바른 선택 기준은 무엇이 적은 것을 선택하는가?","기회비용"
"821","6학년","우리나라의 경제 발전","가계와 기업","가치 소비의 한 예는?","공정 무역 제품 구매"
"822","6학년","우리나라의 경제 발전","가계와 기업","그린슈머란 누구인가?","환경 보호에 도움이 되는 상품을 선호하는 소비자"
"823","6학년","우리나라의 경제 발전","가계와 기업","기업의 합리적 선택 목적은?","최대 이윤 달성"
"824","6학년","우리나라의 경제 발전","가계와 기업","생산성이란 무엇인가?","근로자 1인이 일정 시간에 생산한 양"
"825","6학년","우리나라의 경제 발전","가계와 기업","자본과 생산성의 관계는?","자본 활용은 생산성 향상에 기여"
"826","6학년","우리나라의 경제 발전","가계와 기업","독점과 과점의 차이는?","단일 기업 지배 vs 소수 기업 지배"
"827","6학년","우리나라의 경제 발전","시장과 가격","눈에 보이는 시장의 예 2가지는?","전통 시장·대형 할인점"
"828","6학년","우리나라의 경제 발전","시장과 가격","눈에 보이지 않는 시장의 예 3가지는?","홈쇼핑·인터넷 쇼핑·주식·외환·부동산 중 3가지"
"829","6학년","우리나라의 경제 발전","시장과 가격","완전 시장의 장점과 단점 1가지씩 쓰시오.","능력자에게 유리·독과점·매점매석 가능"
"830","6학년","우리나라의 경제 발전","시장과 가격","불완전 시장의 예 3가지는?","독과점·명시적 담합·암묵적 담합"
"831","6학년","우리나라의 경제 발전","시장과 가격","소비자 카르텔이 하는 일은?","독과점 고발·불매 운동"
"832","6학년","우리나라의 경제 발전","시장과 가격","담합이란 무엇인가?","생산자들이 짜고 가격을 올리는 행위"
"833","6학년","우리나라의 경제 발전","시장과 가격","가격은 무엇과 무엇에 의해 결정되는가?","수요·공급"
"834","6학년","우리나라의 경제 발전","시장과 가격","수요 곡선의 의미는?","가격 하락 시 구매량 증가"
"835","6학년","우리나라의 경제 발전","시장과 가격","공급 곡선의 의미는?","가격 상승 시 공급량 증가"
"836","6학년","우리나라의 경제 발전","시장과 가격","수요와 공급이 일치할 때의 가격은?","균형 가격"
"837","6학년","우리나라의 경제 발전","시장과 가격","애덤 스미스가 말한 ‘보이지 않는 손’은 무엇을 뜻하는가?","가격 메커니즘의 조정 기능"
"838","6학년","우리나라의 경제 발전","우리나라 경제의 주요 특징","우리나라 경제의 핵심 가치는 무엇인가?","자유와 경쟁"
"839","6학년","우리나라의 경제 발전","우리나라 경제의 주요 특징","시장 경제 체제의 생산 수단 소유자는?","개인"
"840","6학년","우리나라의 경제 발전","우리나라 경제의 주요 특징","시장 경제의 장점 1가지는?","자유 보장과 경쟁 촉진으로 효율성"
"841","6학년","우리나라의 경제 발전","우리나라 경제의 주요 특징","시장 경제의 단점 1가지는?","소득 분배 불평등 가능"
"842","6학년","우리나라의 경제 발전","우리나라 경제의 주요 특징","계획 경제 체제의 의사 결정 주체는?","중앙 정부"
"843","6학년","우리나라의 경제 발전","우리나라 경제의 주요 특징","혼합 경제 체제란 무엇인가?","정부 개입으로 시장 한계를 보완하는 체제"
"844","6학년","우리나라의 경제 발전","우리나라 경제의 주요 특징","우리나라의 경제 체제는 무엇인가?","혼합 경제 체제"
"845","6학년","우리나라의 경제 발전","우리나라 경제의 주요 특징","공정 거래 위원회의 역할 1가지는?","공정 경쟁 촉진"
"846","6학년","우리나라의 경제 발전","우리나라 경제의 주요 특징","공정 거래 위원회의 소비자 보호 기능 1가지는?","불공정 약관 시정·정보 공개 강제"
"847","6학년","우리나라의 경제 발전","우리나라 경제의 주요 특징","시장 실패의 원인 2가지를 쓰시오.","독과점·공공재·외부성·도덕적 해이 중 2가지"
"848","6학년","우리나라의 경제 발전","경제 성장","경제 성장이란 무엇의 증가로 판단하는가?","국내 총생산(GDP) 규모"
"849","6학년","우리나라의 경제 발전","경제 성장","1950년대 한국에서 발달한 공업은?","소비재 공업(삼백 공업)"
"850","6학년","우리나라의 경제 발전","경제 성장","1960년대 국가 계획과 기반 시설의 명칭은?","경제 개발 5개년 계획·사회 간접 자본"
"851","6학년","우리나라의 경제 발전","경제 성장","1970년대에 발달한 산업 2가지는?","중화학 공업·조선 산업"
"852","6학년","우리나라의 경제 발전","경제 성장","1980년대 성장한 산업 2가지는?","자동차 산업·전자 산업"
"853","6학년","우리나라의 경제 발전","경제 성장","1990년대 등장·발달한 산업은?","컴퓨터 산업·반도체·정보 통신"
"854","6학년","우리나라의 경제 발전","경제 성장","2000년대 발달한 산업 2가지는?","첨단 산업·서비스 산업"
"855","6학년","우리나라의 경제 발전","GDP와 GNI","GDP란 무엇의 합계인가?","한 나라 국경 안에서 생산된 최종재·용역의 화폐가치 합"
"856","6학년","우리나라의 경제 발전","GDP와 GNI","GDP 계산 시 최종재만 합산하는 이유는?","이중 계산 방지"
"857","6학년","우리나라의 경제 발전","GDP와 GNI","GDP와 GNP의 차이는 무엇 기준인가?","국경(영역) vs 국적"
"858","6학년","우리나라의 경제 발전","GDP와 GNI","GDP의 한계 2가지를 쓰시오.","비시장 거래 제외·복지 수준 반영 한계·분배 정보 부족 중 2가지"
"859","6학년","우리나라의 경제 발전","GDP와 GNI","GNI란 무엇의 합계인가?","국민이 국내외에서 벌어들인 소득 합계"
"860","6학년","우리나라의 경제 발전","GDP와 GNI","GNI에 포함되는 요소 소득은 무엇이고 제외되는 것은?","국외 수취 포함·국외 지급 제외"
"861","6학년","우리나라의 경제 발전","GDP와 GNI","1인당 국민 총소득의 사용 목적은?","평균 생활 수준 파악"
"862","6학년","우리나라의 경제 발전","GDP와 GNI","1인당 국민 총소득의 단위는?","달러($)"
"863","6학년","우리나라의 경제 발전","GDP와 GNI","한국에서 외국인이 생산한 것은 어떤 지표에 포함되는가?","GDP 포함"
"864","6학년","우리나라의 경제 발전","GDP와 GNI","외국에서 한국인이 얻은 소득은 어떤 지표에 포함되는가?","GNI 포함"
"865","6학년","우리나라의 경제 발전","GDP와 GNI","한국에서의 생산으로 얻은 한국인의 소득은 어느 지표에 포함되는가?","GDP·GNI 모두 포함"
"866","6학년","우리나라의 경제 발전","경제 성장","경제 성장 과정에서 나타난 문제점 2가지는?","빈부 격차·일자리 문제·환경 오염 중 2가지"
"867","6학년","우리나라의 경제 발전","경제 성장","녹색 제품이란 무엇인가?","에너지·자원 투입과 오염을 최소화한 제품"
"868","6학년","우리나라의 경제 발전","경제 성장","업사이클링이란 무엇인가?","폐제품을 친환경적 디자인으로 고부가가치 제품으로 재탄생"
"869","6학년","우리나라의 경제 발전","세계 속의 우리나라 경제","무역이란 무엇인가?","나라 간 재화·서비스를 사고파는 일"
"870","6학년","우리나라의 경제 발전","세계 속의 우리나라 경제","상호 의존 관계란 무엇을 주고받는가?","서로의 기술·제품·노동력으로 경제적 도움"
"871","6학년","우리나라의 경제 발전","세계 속의 우리나라 경제","경쟁 관계란 무엇을 두고 겨루는가?","같은 종류의 제품·기술"
"872","6학년","우리나라의 경제 발전","세계 속의 우리나라 경제","WTO는 어떤 목적의 국제기구인가?","자유 무역 확대·관세 장벽 완화"
"873","6학년","우리나라의 경제 발전","세계 속의 우리나라 경제","FTA란 무엇에 대한 약속인가?","세금·제도 장벽을 줄여 자유로운 교역을 촉진"
"874","6학년","우리나라의 경제 발전","세계 속의 우리나라 경제","나라들이 무역을 하는 까닭은 무엇의 차이 때문인가?","자연환경·자본·기술의 차이"
"875","6학년","우리나라의 경제 발전","세계 속의 우리나라 경제","무역·수출·수입의 위계에서 상위 개념은?","무역"
"876","6학년","우리나라의 경제 발전","세계 속의 우리나라 경제","절대 우위론의 핵심은 무엇이 작은 쪽에 특화하는가?","생산비"
"877","6학년","우리나라의 경제 발전","세계 속의 우리나라 경제","절대 우위론의 한계는 무엇인가?","한 나라가 모든 재화에 절대 우위일 때 설명 불가"
"878","6학년","세계 속의 우리나라 경제","무역 이론과 제도","비교 우위론에서 특화 기준은 무엇이 작은 상품인가?","기회비용"
"879","6학년","세계 속의 우리나라 경제","무역 이론과 제도","리카도의 비교 우위론이 극복하려 한 이론의 한계는?","절대 우위론의 한계"
"880","6학년","세계 속의 우리나라 경제","무역 이론과 제도","A국이 핸드폰에 비교 우위를 가진 이유는 무엇이 작은가?","핸드폰 1단위의 기회비용(명품 의류 0.89)"
"881","6학년","세계 속의 우리나라 경제","무역 이론과 제도","B국이 명품 의류에 비교 우위를 가진 이유는 무엇이 작은가?","명품 의류 1단위의 기회비용(핸드폰 0.83)"
"882","6학년","세계 속의 우리나라 경제","무역 이론과 제도","옷·신발 사례에서 옷에 비교 우위가 있는 나라는?","A국"
"883","6학년","세계 속의 우리나라 경제","무역 이론과 제도","옷·신발 사례에서 신발에 비교 우위가 있는 나라는?","B국"
"884","6학년","세계 속의 우리나라 경제","무역 이론과 제도","무역 마찰의 의미는 무엇인가?","무역 경쟁 심화·불균형 등으로 생기는 의견 충돌"
"885","6학년","세계 속의 우리나라 경제","무역 이론과 제도","무역 마찰을 유발하는 문제 4가지를 쓰시오.","수입 할당제·관세 장벽·긴급 수입 제한 조치·수입 의존 문제"
"886","6학년","세계 속의 우리나라 경제","무역 이론과 제도","보호 무역을 실시하는 이유 4가지는?","안보 산업 보호·일자리 보호·취약 산업 보호·안정적 성장·불공정 거래 대응 중 4가지"
"887","6학년","세계 속의 우리나라 경제","무역 이론과 제도","무역 의존도란 무엇을 나타내는 지표인가?","국민 경제의 무역 의존 정도"
"888","6학년","세계 속의 우리나라 경제","무역 이론과 제도","무역 의존도가 높을수록 어떤 특성을 지니는가?","해외 사정에 의존도가 커져 불안정"
"889","6학년","세계 속의 우리나라 경제","무역 이론과 제도","자유 무역과 보호 무역의 차이를 간단히 쓰시오.","정부 비개입 vs 정부 개입으로 자국 산업 보호"
"890","6학년","세계 속의 우리나라 경제","무역 이론과 제도","WTO의 설립 목적과 역할 2가지는?","분쟁 조정·무역 장벽 완화 기준 제시"
"891","6학년","세계 속의 우리나라 경제","무역 이론과 제도","자유 무역 협정(FTA)은 무엇에 대한 약속인가?","세금·제도 장벽을 줄여 교역 촉진"
"892","6학년","세계 속의 우리나라 경제","무역 이론과 제도","FTA의 주요 초점은 무엇의 철폐인가?","관세 철폐"
"893","6학년","세계 속의 우리나라 경제","무역 이론과 제도","APEC은 어떤 목적의 국제 기구인가?","아시아 태평양 지역의 경제 협력 증진"
"894","6학년","세계 속의 우리나라 경제","무역 장벽","관세 장벽이 수입품 소비에 미치는 영향은?","관세로 가격 상승→수입 소비 감소"
"895","6학년","세계 속의 우리나라 경제","무역 장벽","수입 할당제(쿼터제)의 정의는?","수입 물량을 정해 일정량 이상 유입 제한"
"896","6학년","세계 속의 우리나라 경제","무역 장벽","긴급 수입 제한 조치(세이프가드)란?","일시적으로 수입을 제한하는 조치"
"897","6학년","세계 속의 우리나라 경제","무역 장벽","무역 장벽의 주된 목적은 무엇인가?","자국 산업 보호"
"898","6학년","세계와 공간 자료","공간 자료와 지리 정보","공간 자료의 예 3가지를 쓰시오.","세계 지도·지구본·디지털 영상 지도"
"899","6학년","세계와 공간 자료","공간 자료와 지리 정보","지리 정보의 세 가지 분류는?","공간 자료·속성 자료·관계 자료"
"900","6학년","세계와 공간 자료","공간 자료와 지리 정보","세계 지도의 장점 한 가지는?","세계 여러 나라의 위치를 한눈에 볼 수 있음"
"901","6학년","세계와 공간 자료","공간 자료와 지리 정보","세계 지도의 단점 한 가지는?","평면화 과정의 왜곡 발생"
"902","6학년","세계와 공간 자료","공간 자료와 지리 정보","지구본의 장점은?","실제 지구와 비슷해 지리 정보를 정확하게 표현"
"903","6학년","세계와 공간 자료","공간 자료와 지리 정보","지구본의 단점은?","전 세계 모습을 한눈에 보기 어려움"
"904","6학년","세계와 공간 자료","위도·경도·표준시","위도는 무엇을 기준으로 남·북의 위치를 나타내는가?","적도"
"905","6학년","세계와 공간 자료","위도·경도·표준시","경도는 무엇을 기준으로 서·동의 위치를 나타내는가?","본초 자오선"
"906","6학년","세계와 공간 자료","위도·경도·표준시","본초 자오선은 어디를 지나는 선인가?","영국 그리니치 천문대"
"907","6학년","세계와 공간 자료","위도·경도·표준시","표준시의 기준이 되는 것은 무엇인가?","경도(표준 경선)"
"908","6학년","세계와 공간 자료","위도·경도·표준시","경도 몇 도마다 1시간의 시차가 발생하는가?","15°"
"909","6학년","세계와 공간 자료","위도·경도·표준시","시차는 어느 쪽으로 갈수록 빨라지는가?","동쪽"
"910","6학년","세계와 공간 자료","위도·경도·표준시","우리나라 표준시의 기준 경선은?","동경 135°"
"911","6학년","세계와 공간 자료","위도·경도·표준시","우리나라 표준시는 그리니치 표준시보다 어떻게 다른가?","9시간 빠르다"
"912","6학년","세계와 공간 자료","위도·경도·표준시","날짜 변경선의 경도는 몇 도인가?","180°"
"913","6학년","세계와 공간 자료","위도·경도·표준시","날짜 변경선이 구불구불한 이유는?","한 나라 안에서 날짜 혼란을 줄이기 위해서"
"914","6학년","세계와 공간 자료","위도·경도·표준시","날짜 변경선 통과 시 동→서는 날짜를 어떻게 하는가?","하루 더함"
"915","6학년","세계와 공간 자료","위도·경도·표준시","날짜 변경선 통과 시 서→동은 날짜를 어떻게 하는가?","하루 뺌"
"916","6학년","세계와 공간 자료","도법과 왜곡","로빈슨 도법의 특징 2가지는?","위선·중앙 경선 직선, 주변부 경선 곡선"
"917","6학년","세계와 공간 자료","도법과 왜곡","메르카토르 투영 도법의 특징은?","위선과 경선이 모두 직선"
"918","6학년","세계와 공간 자료","도법과 왜곡","세계 지도에서 왜곡이 심해지는 지역은?","극지방에 가까울수록"
"919","6학년","세계와 공간 자료","도법과 왜곡","로빈슨 도법은 왜곡이 전혀 없는가? O/X","X"
"920","6학년","세계와 공간 자료","대륙과 대양","대륙의 정의는 무엇보다 넓은 땅인가?","그린란드보다 넓은 바다로 둘러싸인 큰 땅"
"921","6학년","세계와 공간 자료","대륙과 대양","오세아니아는 어떤 대륙인가?","가장 작은 대륙으로 아시아 남쪽"
"922","6학년","세계와 공간 자료","대륙과 대양","북반구와 남반구의 계절은 서로 어떤가?","반대"
"923","6학년","세계와 공간 자료","대륙과 대양","가장 큰 대양은 무엇인가?","태평양"
"924","6학년","세계와 공간 자료","대륙과 대양","남극 대륙을 둘러싸는 대양은?","남극해"
"925","6학년","세계와 공간 자료","대륙과 대양","아시아·오세아니아·북아메리카·남아메리카 사이의 대양은?","태평양"
"926","6학년","세계와 공간 자료","대륙과 대양","대서양의 모양은 대체로 어떤 자형인가?","S자형"
"927","6학년","세계와 공간 자료","대륙과 대양","대권 항로를 찾을 때 무엇을 이용하는가?","지구본"
"928","6학년","세계와 공간 자료","면적 비교와 지도 활용","세계 지도에서 실제 면적과 비슷하게 보이는 지역은?","적도 부근"
"929","6학년","세계와 공간 자료","면적 비교와 지도 활용","디지털 영상 지도의 장점은?","나라 영토를 옮겨 실제 면적을 정확히 비교 가능"
"930","6학년","세계와 공간 자료","면적 비교와 지도 활용","영토 면적이 가장 넓은 나라는?","러시아"
"931","6학년","세계와 공간 자료","면적 비교와 지도 활용","영토 면적이 가장 좁은 나라는?","바티칸 시국"
"932","6학년","세계의 다양한 삶과 기후","관점과 기후 요소","환경 결정론이란 무엇을 강조하는 관점인가?","자연환경이 인간 생활을 결정"
"933","6학년","세계의 다양한 삶과 기후","관점과 기후 요소","환경 가능론이란 무엇을 강조하는 관점인가?","자연은 가능성, 선택은 인간의 자유 의지"
"934","6학년","세계의 다양한 삶과 기후","관점과 기후 요소","문화 결정론은 무엇에 의해 생활 모습이 결정된다고 보는가?","문화적 배경·역사적 전통"
"935","6학년","세계의 다양한 삶과 기후","관점과 기후 요소","생태학적 관점은 인간과 자연의 어떤 관계를 강조하는가?","상호 영향"
"936","6학년","세계의 다양한 삶과 기후","관점과 기후 요소","3대 기후 요소는 무엇인가?","기온·강수·바람"
"937","6학년","세계의 다양한 삶과 기후","관점과 기후 요소","주요 기후 요인 3가지를 쓰시오.","위도·해발 고도·수륙 분포·기단·전선 중 3가지"
"938","6학년","세계의 다양한 삶과 기후","관점과 기후 요소","해발 고도가 높을수록 기온이 낮아지는 까닭은?","지표 복사 에너지 감소"
"939","6학년","세계의 다양한 삶과 기후","관점과 기후 요소","세계 6대 기후를 모두 쓰시오.","열대·건조·온대·냉대·한대·고산"
"940","6학년","세계의 다양한 삶과 기후","기후 분포의 특징","적도에서 극으로 갈수록 기온이 어떻게 변하는가?","낮아진다"
"941","6학년","세계의 다양한 삶과 기후","기후 분포의 특징","적도 부근의 대표 기후와 극지방의 대표 기후는?","열대 기후·한대 기후"
"942","6학년","세계의 다양한 삶과 기후","기후 분포의 특징","고산 기후가 나타나는 주된 요인은?","해발 고도"
"943","6학년","세계의 다양한 삶과 기후","기후 요인 분류·수륙 분포·해류","지리적 요인과 동적 요인의 차이는?","거의 변하지 않음 vs 수시 변화"
"944","6학년","세계의 다양한 삶과 기후","기후 요인 분류·수륙 분포·해류","수륙 분포가 기후에 주는 영향은 무엇 때문인가?","비열 차이"
"945","6학년","세계의 다양한 삶과 기후","기후 요인 분류·수륙 분포·해류","해류의 영향은 난류와 한류에서 각각 어떻게 나타나는가?","난류 온난 습윤·한류 서늘 건조"
"946","6학년","세계의 다양한 삶과 기후","기후와 생활 사례","열대 기후 지역의 대표 농업 방식은?","이동식 화전 농업"
"947","6학년","세계의 다양한 삶과 기후","기후와 생활 사례","플랜테이션 농업의 특징 한 가지는?","기업적 대규모 재배·값싼 노동력 이용"
"948","6학년","세계의 다양한 삶과 기후","기후와 생활 사례","열대 기후의 대표 가옥 형식은?","고상 가옥"
"949","6학년","세계의 다양한 삶과 기후","기후와 생활 사례","건조 기후의 가옥 두 가지는?","진흙집·게르"
"950","6학년","세계의 다양한 삶과 기후","기후와 생활 사례","냉대 기후의 대표 가옥은?","이즈바"
"951","6학년","세계의 다양한 삶과 기후","기후와 생활 사례","한대 기후 지역의 대표 활동 두 가지는?","수렵·목축"
"952","6학년","세계의 다양한 삶과 기후","기후와 생활 사례","고산 기후 지역의 대표 도시 2곳은?","보고타·라파스·마추픽추 중 2곳"
"953","6학년","세계의 다양한 삶과 기후","각 기후의 분포와 특성","열대 우림 기후의 강수 특징은?","연중 비가 많이 내리고 스콜 발생"
"954","6학년","세계의 다양한 삶과 기후","각 기후의 분포와 특성","사바나(열대 초원) 기후의 계절적 특징은?","건기와 우기가 번갈아 나타남"
"955","6학년","세계의 다양한 삶과 기후","각 기후의 분포와 특성","사막 기후와 스텝 기후의 차이는?","강수량 매우 적음 vs 약간의 비·눈"
"956","6학년","세계의 다양한 삶과 기후","각 기후의 분포와 특성","온대 기후의 대표적 하위 기후 3가지는?","온대 계절풍·서안 해양성·지중해성"
"957","6학년","세계의 다양한 삶과 기후","각 기후의 분포와 특성","냉대 기후에서 기온의 연교차는 어떻게 나타나는가?","크다"
"958","6학년","세계의 다양한 삶과 기후","각 기후의 분포와 특성","한대 기후의 두 하위 기후는?","툰드라·빙설"
"959","6학년","세계의 다양한 삶과 기후","각 기후의 분포와 특성","고산 기후에서 기온이 낮은 주된 물리적 이유는?","지표 복사 에너지 감소로 기온 저하"
"960","6학년","세계의 다양한 삶과 기후","쾨펜 기후 구분","쾨펜의 기후 구분 기준 3가지는?","식생·기온·강수량"
"961","6학년","세계의 다양한 삶과 기후","쾨펜 기후 구분","나무가 자랄 수 있는 기후 3가지는?","열대·온대·냉대"
"962","6학년","세계의 다양한 삶과 기후","쾨펜 기후 구분","건조 기후의 강수량 기준은?","연 강수량 500mm 미만"
"963","6학년","세계의 다양한 삶과 기후","쾨펜 기후 구분","한대 기후의 최난월 평균 기온 기준은?","10°C 이하(미만)"
"964","6학년","세계의 다양한 삶과 기후","쾨펜 기후 구분","온대 기후의 최한월 평균 기온 범위는?","–3°C~18°C"
"965","6학년","세계의 다양한 삶과 기후","추가 생활 사례","수상 가옥은 어떤 기후에서 나타나는가?","열대 기후"
"966","6학년","세계의 다양한 삶과 기후","추가 생활 사례","열대 기후에서 가옥 지붕을 가파르게 만드는 이유는?","빗물 고임 방지"
"967","6학년","세계의 다양한 삶과 기후","추가 생활 사례","한대 기후 지역에서 송유관을 설치하는 이유는?","지반 융해·침하 방지"
"968","6학년","우리나라와 가까운 나라들","문화 관점","문화 상대주의란 어떤 태도인가?","문화의 다양성 인정·맥락 속 이해"
"969","6학년","우리나라와 가까운 나라들","문화 관점","자문화 중심주의란 어떤 태도인가?","자기 문화 우월·타문화 배척"
"970","6학년","우리나라와 가까운 나라들","문화 관점","문화 사대주의란 어떤 태도인가?","타문화 과대평가·자문화 폄하"
"971","6학년","우리나라와 가까운 나라들","중국·일본·러시아 기초","중국의 지형은 서→동으로 어떻게 변하는가?","서쪽 고원에서 동쪽 평야로 낮아짐"
"972","6학년","우리나라와 가까운 나라들","중국·일본·러시아 기초","중국에서 주요 항구와 대도시는 주로 어디에 있는가?","동부 바닷가"
"973","6학년","우리나라와 가까운 나라들","중국·일본·러시아 기초","일본은 무엇으로 이루어진 섬나라인가?","네 개의 큰 섬과 3000개가 넘는 작은 섬"
"974","6학년","우리나라와 가까운 나라들","중국·일본·러시아 기초","일본의 자연 재해 관련 특징 두 가지는?","화산 많고 지진 활동 활발"
"975","6학년","우리나라와 가까운 나라들","중국·일본·러시아 기초","러시아의 기후 분포 특징은?","냉대 기후 널리, 일부 한대·건조 기후"
"976","6학년","우리나라와 가까운 나라들","중국·일본·러시아 기초","러시아 인구는 주로 어디에 집중하는가?","서남부 지역"
"977","6학년","우리나라와 가까운 나라들","이웃 나라 인구 분포","중국의 수도와 인구 밀집 지역은?","베이징·동부 지역"
"978","6학년","우리나라와 가까운 나라들","이웃 나라 인구 분포","일본의 수도와 인구 밀집 지역은?","도쿄·해안가"
"979","6학년","우리나라와 가까운 나라들","이웃 나라 인구 분포","러시아의 수도와 인구 밀집 지역은?","모스크바·서남부"
"980","6학년","우리나라와 가까운 나라들","교류의 형태와 사례","교류는 무엇과 무엇으로 구분되는가?","물적 교류·인적 교류"
"981","6학년","우리나라와 가까운 나라들","교류의 형태와 사례","우리나라와 중국의 무역 관계 특징은?","수입·수출 비중 모두 1위"
"982","6학년","우리나라와 가까운 나라들","교류의 형태와 사례","러시아와의 무역에서 어떤 비중이 더 큰가?","수입 비중"
"983","6학년","우리나라와 가까운 나라들","교류의 형태와 사례","문화 교류의 예 두 가지는?","문화 콘텐츠 교류·학문 교류"
"984","6학년","우리나라와 가까운 나라들","교류의 형태와 사례","정치 교류의 예 한 가지는?","미세 먼지 공동 논의 또는 한-러 정상회담(FTA 절차 논의)"
"985","6학년","우리나라와 가까운 나라들","관계 깊은 나라 기초","미국은 몇 개 주로 구성되는가?","50개 주"
"986","6학년","우리나라와 가까운 나라들","관계 깊은 나라 기초","미국의 인구 밀도는 어느 쪽이 높은가?","동부"
"987","6학년","우리나라와 가까운 나라들","관계 깊은 나라 기초","사우디아라비아의 지형 특징은?","대부분 사막으로 약 98%"
"988","6학년","우리나라와 가까운 나라들","관계 깊은 나라 기초","사우디아라비아의 주요 산업은?","원유 수출"
"989","6학년","우리나라와 가까운 나라들","관계 깊은 나라 기초","베트남의 대표 산업은?","벼농사(세계 2위 수출국)"
"990","6학년","우리나라와 가까운 나라들","관계 깊은 나라 기초","인도의 대표 산업 2가지는?","화학·전자·섬유·영화 중 2가지"
"991","6학년","우리나라와 가까운 나라들","자원과 교류","자원이란 무엇을 포괄하는 용어인가?","인간 생활에서 가치 있게 쓰이는 모든 것"
"992","6학년","우리나라와 가까운 나라들","자원과 교류","우리나라 원유 수입의 약 85%는 어느 지역에서 오는가?","서남아시아"
"993","6학년","우리나라와 가까운 나라들","자원과 교류","한류 콘텐츠의 주요 수출 시장은 어느 지역인가?","동남아시아"
"994","6학년","우리나라와 가까운 나라들","자원과 교류","우리나라가 밀의 33%를 수입하는 나라는?","미국"
"995","6학년","우리나라와 가까운 나라들","자원과 교류","인적 교류란 무엇인가?","인적 자원을 교환·영향 주고받음"
"996","6학년","통일 한국의 미래와 지구촌의 평화","독도와 통일 기초","독도는 우리나라 어디에 위치한 섬인가?","동쪽 끝(극동)의 부속 도서"
"997","6학년","통일 한국의 미래와 지구촌의 평화","독도와 통일 기초","독도는 영토 분쟁 지역인가? O/X","X"
"998","6학년","통일 한국의 미래와 지구촌의 평화","독도와 통일 기초","반크는 어떤 목적으로 시작된 단체인가?","대한민국 올바른 정보 알리기"
"999","6학년","통일 한국의 미래와 지구촌의 평화","독도와 통일 기초","남북통일의 의미를 한 문장으로 쓰시오.","분단의 대립을 넘어 평화와 번영 공동체로 거듭남"
"1000","6학년","통일 한국의 미래와 지구촌의 평화","독도와 통일 기초","독도의 수리적 위치는?","북위 37°, 동경 132° 부근"
"1001","6학년","통일 한국의 미래와 지구촌의 평화","독도와 통일 기초","독도의 구성은 무엇으로 이루어져 있는가?","동도·서도와 주변 89개 바위섬"
"1002","6학년","통일 한국의 미래와 지구촌의 평화","독도와 통일 기초","독도의 관계적 위치상 중요성은?","동해 항로·군사적으로 중요"
"1003","6학년","통일 한국의 미래와 지구촌의 평화","독도와 통일 기초","독도가 울릉도보다 일본 오키섬보다 어떤가?","울릉도와 더 가깝다"
"1004","6학년","세계와 공간 자료","위도·경도·표준시","날짜 변경선의 동경 쪽에 있는 대륙 4가지를 쓰시오.","아시아·오세아니아·유럽·아프리카"
"1005","6학년","세계와 공간 자료","위도·경도·표준시","날짜 변경선의 서경 쪽에 있는 대륙 2가지를 쓰시오.","북아메리카·남아메리카"
"1006","6학년","세계와 공간 자료","면적 비교와 지도 활용","대권 항로란 무엇인가?","지구 표면 두 지점 사이 최단 거리 항로"
"1007","6학년","세계와 공간 자료","대륙과 대양","뉴욕이 속한 대륙과 인접 대양은?","북아메리카·대서양"
"1008","6학년","세계와 공간 자료","대륙과 대양","아시아·오세아니아·북아메리카·남아메리카가 공통으로 접하는 대양은?","태평양"
"1009","6학년","세계와 공간 자료","대륙과 대양","남반구에 있는 대양은?","남극해"
"1010","6학년","세계와 공간 자료","대륙과 대양","환태평양 조산대와 접한 대륙 4가지를 쓰시오.","아시아·오세아니아·북아메리카·남아메리카"
"1011","6학년","세계와 공간 자료","도법과 왜곡","메르카토르 도법의 특징은 무엇인가?","위선·경선이 모두 직선"
"1012","6학년","세계와 공간 자료","도법과 왜곡","로빈슨 도법의 특징 두 가지는?","위선·중앙 경선 직선, 주변부 경선 곡선"
"1013","6학년","세계와 공간 자료","도법과 왜곡","세계 지도를 평면으로 옮길 때 생기는 대표적 왜곡 3가지는?","모양 왜곡·거리 왜곡·면적 왜곡"
"1014","6학년","세계와 공간 자료","면적 비교와 지도 활용","디지털 영상 지도의 장점 2가지를 쓰시오.","실제 면적 비교 정확·이동·확대 축소 용이"
"1015","6학년","세계의 다양한 삶과 기후","각 기후의 분포와 특성","열대 우림 기후에서 자주 발생하는 강수 현상은?","스콜"
"1016","6학년","세계의 다양한 삶과 기후","기후와 생활 사례","플랜테이션 농업에서 대규모로 재배하는 작물 3가지는?","바나나·기름야자·커피"
"1017","6학년","세계의 다양한 삶과 기후","기후와 생활 사례","사막 기후 지역에서 농업은 주로 어디에서 이루어지는가?","오아시스나 강 주변"
"1018","6학년","세계의 다양한 삶과 기후","각 기후의 분포와 특성","지중해성 기후의 강수 특징은?","여름 건조·겨울 우기(겨울 강수 많음)"
"1019","6학년","세계의 다양한 삶과 기후","각 기후의 분포와 특성","냉대 기후의 넓은 침엽수림 지대를 무엇이라 하는가?","타이가"
"1020","6학년","세계의 다양한 삶과 기후","각 기후의 분포와 특성","지중해 주변에서 대표적으로 재배하는 작물 2가지는?","올리브·포도"
"1021","6학년","세계와 공간 자료","위도·경도·표준시","우리나라 표준시는 그리니치 표준시(GMT)보다 몇 시간 빠른가?","9시간"
"1022","6학년","세계와 공간 자료","위도·경도·표준시","우리나라 표준시의 기준 경선은 어디인가?","동경 135°"
"1023","6학년","세계 속의 우리나라 경제","무역 장벽","세이프가드(긴급 수입 제한 조치)의 목적은?","급증한 수입으로 인한 피해를 일시적으로 막음"
"1024","6학년","세계 속의 우리나라 경제","무역 장벽","수입 할당제(쿼터제)의 핵심은 무엇을 제한하는 것인가?","수입 물량"
"1025","6학년","통일 한국의 미래와 지구촌의 평화","독도-옛 지도","우산도(독도)가 표기된 가장 오래된 지도는?","팔도총도"
"1026","6학년","통일 한국의 미래와 지구촌의 평화","독도-옛 지도","‘팔도총도’에서 우산도는 어디에 잘못 그려졌는가?","울릉도의 서쪽"
"1027","6학년","통일 한국의 미래와 지구촌의 평화","독도-옛 지도","일본 영토를 자세히 그렸지만 독도가 어디에도 없는 지도는?","대일본전도"
"1028","6학년","통일 한국의 미래와 지구촌의 평화","독도-옛 지도","‘삼국접양지도’를 그린 일본 학자는 누구인가?","하야시 시헤이"
"1029","6학년","통일 한국의 미래와 지구촌의 평화","독도-옛 지도","‘삼국접양지도’에서 울릉도와 독도는 어떤 색으로 칠했는가?","한반도와 같은 황색"
"1030","6학년","통일 한국의 미래와 지구촌의 평화","독도-옛 지도","‘삼국접양지도’의 독도 옆에 적힌 문구는?","조선의 것"
"1031","6학년","통일 한국의 미래와 지구촌의 평화","독도-옛 기록·법령","‘세종실록지리지’에 나오는 우산과 무릉은 각각 무엇인가?","우산=독도, 무릉=울릉도"
"1032","6학년","통일 한국의 미래와 지구촌의 평화","독도-옛 기록·법령","대한 제국 칙령 제41호 제2조는 울릉군의 관할 구역으로 어디를 포함했는가?","울릉전도·죽도·석도(독도)"
"1033","6학년","통일 한국의 미래와 지구촌의 평화","독도-옛 기록·법령","연합국 최고 사령관 각서 제677호는 일본 영토에서 무엇을 제외했는가?","울릉도와 독도"
"1034","6학년","통일 한국의 미래와 지구촌의 평화","독도-옛 기록·법령","‘삼국사기’ 지증왕 13년 기록에 등장하는 국명은?","우산국"
"1035","6학년","통일 한국의 미래와 지구촌의 평화","독도-옛 기록·법령","‘삼국사기’에 따르면 우산국은 무엇을 바쳤는가?","토산물"
"1036","6학년","통일 한국의 미래와 지구촌의 평화","독도-옛 기록·법령","일본 태정관 지령의 내용은 무엇인가?","울릉도 외 일도(독도)는 일본과 관계없음"
"1037","6학년","통일 한국의 미래와 지구촌의 평화","독도-자연환경","독도는 어떤 지형의 섬인가?","화산섬"
"1038","6학년","통일 한국의 미래와 지구촌의 평화","독도-자연환경","독도는 어떤 문화재로 지정되어 있는가?","천연기념물 제366호"
"1039","6학년","통일 한국의 미래와 지구촌의 평화","독도-자연환경","독도 주변 바다 밑바닥에 묻혀 있는 자원은?","가스 하이드레이트"
"1040","6학년","통일 한국의 미래와 지구촌의 평화","독도-자연환경","가스 하이드레이트는 어떤 물질의 결합인가?","천연가스와 물의 고체 결합"
"1041","6학년","통일 한국의 미래와 지구촌의 평화","독도-지키는 노력","조선 시대 안용복은 일본에서 무엇을 확인받았는가?","울릉도·독도가 조선 영토"
"1042","6학년","통일 한국의 미래와 지구촌의 평화","독도-지키는 노력","안용복 활동의 결과 내려진 일본의 명령은?","울릉도 도해 금지령"
"1043","6학년","통일 한국의 미래와 지구촌의 평화","독도-지키는 노력","오늘날 인터넷에서 우리나라와 관련된 잘못된 사실을 바로잡는 단체는?","사이버 외교 사절단 반크"
"1044","6학년","통일 한국의 미래와 지구촌의 평화","통일과 평화","( )은 세계 평화에 기여할 수 있다.","통일 한국"
"1045","6학년","통일 한국의 미래와 지구촌의 평화","통일과 평화","남북 기본 합의서 채택과 정상 회담은 어떤 노력의 예인가?","정치적 노력"
"1046","6학년","통일 한국의 미래와 지구촌의 평화","통일과 평화","개성공단 가동과 도로·철도 연결은 어떤 노력의 예인가?","경제적 노력"
"1047","6학년","지구촌의 평화와 발전","정의·행위 주체","지구의 안녕을 위협하는 문제를 무엇이라 하는가?","지구촌 문제"
"1048","6학년","지구촌의 평화와 발전","정의·행위 주체","국가나 민족 등이 충돌해 긴장 관계에 있는 상황은?","지구촌 갈등"
"1049","6학년","지구촌의 평화와 발전","정의·행위 주체","국제법상 독자적 지위를 가진 국가 간 조직은?","국제기구"
"1050","6학년","지구촌의 평화와 발전","정의·행위 주체","국경을 넘어 활동하는 자발적 비영리 시민 단체는?","비정부 기구(NGO)"
"1051","6학년","지구촌의 평화와 발전","정의·행위 주체","행위 주체의 유형 네 가지는?","개인·국가·국제기구·비정부 기구"
"1052","6학년","지구촌의 평화와 발전","갈등 사례","지구촌 갈등 사례 두 가지를 쓰시오.","이스라엘-팔레스타인 갈등·시리아 내전·나이지리아 내전·메콩강 갈등 중 2가지"
"1053","6학년","지구촌의 평화와 발전","국제 연합과 전문기구","국제 연합(UN)은 어떤 계기로 만들어졌는가?","제1·2차 세계 대전"
"1054","6학년","지구촌의 평화와 발전","국제 연합과 전문기구","UN의 핵심 역할 두 가지는?","평화 유지·국제 협력"
"1055","6학년","지구촌의 평화와 발전","국제 연합과 전문기구","전 세계 노동 문제를 다루는 기구는?","국제 노동 기구(ILO)"
"1056","6학년","지구촌의 평화와 발전","국제 연합과 전문기구","난민을 돕는 UN 전문기구는?","유엔 난민 기구(UNHCR)"
"1057","6학년","지구촌의 평화와 발전","국제 연합과 전문기구","교육·과학·문화 분야 국제 교류를 하는 기구는?","유네스코(UNESCO)"
"1058","6학년","지구촌의 평화와 발전","국제 연합과 전문기구","원자력 에너지의 평화적 이용을 위해 활동하는 기구는?","국제 원자력 기구(IAEA)"
"1059","6학년","지구촌의 평화와 발전","개인의 노력","남아프리카에서 비폭력 투쟁으로 평화에 기여한 인물은?","간디"
"1060","6학년","지구촌의 평화와 발전","개인의 노력","남수단에서 봉사 활동을 하여 ‘한국의 슈바이처’로 불린 인물은?","이태석 신부"
"1061","6학년","지구촌의 평화와 발전","개인의 노력","지뢰 금지 국제 운동 단체 설립에 참여한 인물은?","조디 윌리엄스"
"1062","6학년","지구촌의 평화와 발전","개인의 노력","여성 교육 권리를 위해 활동한 파키스탄 운동가는?","말랄라 유사프자이"
"1063","6학년","지구촌의 평화와 발전","NGO의 노력","국경 없는 의사회는 어떤 지원을 하는가?","의료 지원"
"1064","6학년","지구촌의 평화와 발전","NGO의 노력","그린피스는 무엇을 지키기 위해 활동하는가?","환경과 평화"
"1065","6학년","지구촌의 평화와 발전","NGO의 노력","세이브 더 칠드런은 누구를 돕는가?","아동"
"1066","6학년","지구촌의 평화와 발전","NGO의 노력","핵무기 폐기 국제 운동(ICAN)은 어떤 성과로 노벨 평화상을 받았는가?","유엔 핵무기 금지 협약 이끌어냄"
"1067","6학년","지구촌의 평화와 발전","NGO의 노력","해비타트는 누구를 위해 집을 지어주는가?","가난·전쟁·재해 피해 주민"
"1068","6학년","지구촌의 평화와 발전","NGO의 노력","지뢰 금지 국제 운동(ICBL)의 활동은 무엇인가?","지뢰 제거·피해자 인권 보호"
"1069","6학년","지속 가능한 지구촌","개념·교육","범국가적인 자세를 갖고 지구촌 문제 해결에 협력하는 시민을 무엇이라 하는가?","세계 시민"
"1070","6학년","지속 가능한 지구촌","개념·교육","세계 시민 교육과 함께 제시된 학습 주제는?","지속 가능 발전 교육"
"1071","6학년","지속 가능한 지구촌","개념·교육","지속 가능한 미래는 무엇으로 이루어지는가?","지속 가능한 발달"
"1072","6학년","지속 가능한 지구촌","개념·교육","지속 가능한 미래가 포함하는 네 가지 영역은?","환경·경제·사회·문화"
"1073","6학년","지속 가능한 지구촌","개념·교육","지속 가능한 발달의 정의는?","현재 세대의 필요를 충족하면서 미래 세대의 능력을 해치지 않는 발달"
"1074","6학년","지속 가능한 지구촌","환경 협약·캠페인","온실가스 배출을 줄이기 위한 국제 협정은?","파리 기후 협정"
"1075","6학년","지속 가능한 지구촌","환경 협약·캠페인","Earth Hour 캠페인은 어디에서 시작되었는가?","호주 시드니"
"1076","6학년","지속 가능한 지구촌","환경 협약·캠페인","Earth Hour 캠페인의 실행 방법은?","1년 1회 1시간 조명 끄기"
"1077","6학년","지속 가능한 지구촌","환경 협약·캠페인","Earth Hour 캠페인을 시작한 단체는?","세계 자연 기금(WWF)"
"1078","6학년","지속 가능한 지구촌","친환경 마크","환경 표지 제도 인증 마크는 무엇을 의미하는가?","친환경 제품 인증"
"1079","6학년","지속 가능한 지구촌","친환경 마크","저탄소 제품 인증 마크는 어떤 제품에 부여되는가?","탄소 배출 줄인 제품"
"1080","6학년","지속 가능한 지구촌","친환경 마크","에너지 소비 효율 등급 마크는 무엇을 나타내는가?","에너지 효율 수준"
"1081","6학년","지속 가능한 지구촌","친환경 마크","GR 마크는 어떤 분야와 관련된 마크인가?","친환경·녹색 기술·제품"
"1082","6학년","지속 가능한 지구촌","에너지 하베스팅","에너지 하베스팅의 정의는?","버려지는 에너지를 전기로 변환해 사용하는 기술"
"1083","6학년","지속 가능한 지구촌","에너지 하베스팅","에너지 하베스팅의 사례 두 가지는?","무전원 리모컨·축구장 진동 LED 조명"
"1084","6학년","지속 가능한 지구촌","세계 시민 태도","세계 시민으로서 지녀야 할 태도는?","다름과 다양성 존중·문제 해결 적극 동참"
"","","","","",""
