Column1,Column2,Column3,Column4,Column5,Column6,Column7,Column8,Column9,Column10
ID,학년,대단원,소단원,문제,정답,,,,
1,3학년,우리가 사는 곳,성취기준,[B] [4사01-01] 성취기준 해설은 무엇인가?,주변 장소의 경험과 느낌을 다양한 방식으로 표현하며 장소감의 차이를 이해하는 것,,,,
2,3학년,우리가 사는 곳,성취기준,[B] 장소감이란 무엇인가?,장소에 대한 인지·감정·태도·행동을 포괄하는 의미,,,,
3,3학년,우리가 사는 곳,성취기준 적용,[B] '우리가 사는 곳' 범위 설정 시 고려할 점은 무엇인가?,생활권 기반으로 탄력적으로 설정,,,,
4,3학년,우리가 사는 곳,용어,[A] 머릿속 장소 정보를 지도처럼 표현한 것은 무엇인가?,심상 지도,,,,
5,3학년,우리가 사는 곳,용어,[A] 개인 활동에 의해 형성되는 특정 장소에 대한 정서적 감정을 뜻하는 것은 무엇인가?,장소감,,,,
6,3학년,우리가 사는 곳,심상지도,[D] 심상지도의 세 유형을 쓰시오.,형태적·지시적·평가적 심상지도,,,,
7,3학년,우리가 사는 곳,심상지도,[A] 형태적 심상지도에서 표현 범위란 무엇을 의미하는가?,특정 지역을 어떤 범위로 표상하는가,,,,
8,3학년,우리가 사는 곳,심상지도,[A] 형태적 심상지도에서 외곽 형태란 무엇을 의미하는가?,지역의 외곽 모양이나 경계,,,,
9,3학년,우리가 사는 곳,심상지도,[A] 형태적 심상지도에서 내부 형태란 무엇을 의미하는가?,지역의 내부적 구성 형태,,,,
10,3학년,우리가 사는 곳,심상지도,[A] 지시적 심상지도에서 인문적 요소의 예시는 무엇인가?,행정구역·교통·교육·상업 등,,,,
11,3학년,우리가 사는 곳,심상지도,[A] 지시적 심상지도에서 자연적 요소의 예시는 무엇인가?,산·강·바다 등,,,,
12,3학년,우리가 사는 곳,심상지도,[A] 평가적 심상지도에서 지역 이미지란 무엇인가?,특정 지역에 대해 가지는 이미지,,,,
13,3학년,우리가 사는 곳,심상지도,[A] 평가적 심상지도에서 지역 수식어란 무엇인가?,지역에 부여하는 별칭이나 표현,,,,
14,3학년,우리가 사는 곳,심상지도,[D] O/X 퀴즈: 심상지도의 세 유형은 상호 배타적이다.,X, 복합적이고 총체적으로 어우러짐,,,
15,3학년,우리가 사는 곳,개념,[A] 거리·면적·밀도·방향 등 추상적·객관적 지표를 뜻하는 것은 무엇인가?,공간,,,,
16,3학년,우리가 사는 곳,개념,[A] 주관적·문화적 가치가 부여된 지표 범위를 뜻하는 것은 무엇인가?,장소,,,,
17,3학년,우리가 사는 곳,장소감,[D] 장소감의 세 가지 하위 영역을 쓰시오.,인지적·정의적·행동적 영역,,,,
18,3학년,우리가 사는 곳,장소감,[A] 일상 속에서 무의식적으로 형성된 지리를 무엇이라 하는가?,사적 지리,,,,
19,3학년,우리가 사는 곳,장소감,[A] 제도적으로 공인된 지리 지식을 무엇이라 하는가?,공적 지리,,,,
20,3학년,우리가 사는 곳,지리적 상상력,[B] 지리적 상상력이란 무엇인가?,개인의 경험을 바탕으로 공간과 장소를 인식해 세상을 이해하는 방식,,,,
21,3학년,우리가 사는 곳,지리적 상상력,[B] 지리적 상상력의 교육적 가치는 무엇인가?,학습 대상을 개인적 의미와 연결해 흥미와 안목을 높인다,,,,
22,3학년,우리가 사는 곳,성취기준,[B] [4사01-02] 성취기준 해설은 무엇인가?,주변 장소를 살펴보고 더 살기 좋은 곳으로 만드는 방안을 탐색한다,,,,
23,3학년,우리가 사는 곳,용어,[A] 항공·위성 사진을 지도 형식으로 변환한 것은 무엇인가?,영상 지도,,,,
24,3학년,우리가 사는 곳,용어,[A] 디지털로 변환해 컴퓨터에서 이용할 수 있는 지도는 무엇인가?,디지털 영상 지도,,,,
25,3학년,우리가 사는 곳,용어,[A] 특정 지역을 대표하는 지형이나 건물을 무엇이라 하는가?,랜드마크,,,,
26,3학년,우리가 사는 곳,용어,[A] 땅의 생김새와 땅 위 사물을 아우르는 용어는 무엇인가?,지형지물,,,,
27,3학년,우리가 사는 곳,용어,[A] 윤곽선만 간단히 그린 지도는 무엇인가?,백지도,,,,
28,3학년,우리가 사는 곳,용어,[A] 지구 궤도를 도는 비행 물체는 무엇인가?,인공위성,,,,
29,3학년,우리가 사는 곳,지도,[D] 디지털 영상 지도의 장점을 두 가지 쓰시오.,많은 정보·최신 유지 가능,,,,
30,3학년,우리가 사는 곳,지도,[D] 영상 지도의 장점을 두 가지 쓰시오.,알아보기 쉬움·융복합 활용 가능,,,,
31,3학년,우리가 사는 곳,공간 인식,[D] 공간 구조를 인식하는 3단계를 쓰시오.,조망력·분류력·구조 이해력,,,,
32,3학년,우리가 사는 곳,공간 인식,[A] 새가 하늘에서 땅을 보듯 전체를 살피는 능력은 무엇인가?,공간 조망력,,,,
33,3학년,우리가 사는 곳,공간 인식,[A] 공간 요소들을 기준별로 나누는 능력은 무엇인가?,공간 요소 분류력,,,,
34,3학년,우리가 사는 곳,공간 인식,[A] 위치·거리·형태·크기를 고려해 관계를 파악하는 능력은 무엇인가?,공간 구조 이해력,,,,
35,3학년,우리가 사는 곳,백지도,[D] 백지도를 활용한 학습의 장점 다섯 가지를 쓰시오.,공간 개념 형성·위치 이해·정리·흥미·예습·복습,,,,
36,3학년,우리가 사는 곳,백지도,[D] 백지도를 활용한 제한점 두 가지를 쓰시오.,정밀도 부족·지도 그릴 기회 상실,,,,
37,3학년,우리가 사는 곳,지리 정보 기술,[A] 지리 정보를 수집·저장·처리·전달하는 기술은 무엇인가?,지리 정보 기술,,,,
38,3학년,우리가 사는 곳,지리 정보 기술,[D] 지리 정보 기술의 세 가지 종류를 쓰시오.,GIS·원격 탐사·GPS,,,,
39,3학년,우리가 사는 곳,지리 정보 기술,[B] 지리 정보 기술의 발달은 무엇의 핵심이 되는가?,지리적 문해력,,,,
40,3학년,우리가 사는 곳,GIS,[A] 여러 지리 정보를 수집·저장·분석하는 시스템은 무엇인가?,GIS,,,,
41,3학년,우리가 사는 곳,GIS,[D] GIS에서 여러 종류의 정보는 어디에 저장되는가?,레이어,,,,
42,3학년,우리가 사는 곳,GPS,[A] 위성 신호를 수신해 위치를 계산하는 시스템은 무엇인가?,GPS,,,,
43,3학년,우리가 사는 곳,드론,[A] 조종사 없이 무선 전파로 조종되는 비행체를 무엇이라 하는가?,드론,,,,
44,3학년,우리가 사는 곳,방위,[A] 북극성을 기준으로 하는 방위는 무엇인가?,절대 방위,,,,
45,3학년,우리가 사는 곳,방위,[A] 나를 기준으로 앞·뒤·좌·우를 정하는 방위는 무엇인가?,상대 방위,,,,
46,3학년,일상에서 만나는 과거,성취기준,[B] [4사02-01] 성취기준 해설은 무엇인가?,일상 속 사례로 역사의 시간 개념을 이해한다,,,,
47,3학년,일상에서 만나는 과거,성취기준,[B] [4사02-03] 성취기준 해설은 무엇인가?,지역의 변화와 지속을 탐구해 생활 변화를 이해한다,,,,
48,3학년,일상에서 만나는 과거,용어,[A] 땅에 붙인 이름을 무엇이라 하는가?,지명,,,,
49,3학년,일상에서 만나는 과거,용어,[A] 지명의 전승 내력을 무엇이라 하는가?,지명 유래,,,,
50,3학년,일상에서 만나는 과거,용어,[A] 옛날부터 전해 내려오는 꾸며낸 이야기를 무엇이라 하는가?,옛이야기,,,,
ID,학년,대단원,소단원,문제,정답,,,,
51,3학년,일상에서 만나는 과거,설화,[A] 일정한 구조를 가진 꾸며낸 이야기를 무엇이라 하는가?,설화,,,,
52,3학년,일상에서 만나는 과거,설화,[B] 설화가 자료적 가치를 가지기 위한 조건은 무엇인가?,구조·교훈성·흥미성·허구성,,,,
53,3학년,일상에서 만나는 과거,신화,[A] 신적 존재를 중심으로 한 이야기 유형은 무엇인가?,신화,,,,
54,3학년,일상에서 만나는 과거,전설,[A] 증거물과 함께 진실하다고 믿는 이야기를 무엇이라 하는가?,전설,,,,
55,3학년,일상에서 만나는 과거,민담,[A] 일상적 인간이나 동물이 등장하는 이야기는 무엇인가?,민담,,,,
56,3학년,일상에서 만나는 과거,답사,[A] 유적지를 직접 방문하여 조사하는 것을 무엇이라 하는가?,답사,,,,
57,3학년,일상에서 만나는 과거,면담,[A] 공식적 성격을 가진 대화 형태를 무엇이라 하는가?,면담,,,,
58,3학년,일상에서 만나는 과거,옛이야기,[B] 고장의 옛이야기가 중요한 이유는 무엇인가?,고장의 이름·유래와 생활·자연환경을 알 수 있음,,,,
59,3학년,우리 지역의 문화유산,성취기준,[B] [4사06-01] 성취기준 해설은 무엇인가?,지역 문화유산의 의미와 유형을 이해하고 가치를 탐색,,,,
60,3학년,우리 지역의 문화유산,성취기준,[B] [4사06-02] 성취기준 해설은 무엇인가?,박물관·유적지를 방문해 역사를 이해하고 태도를 기름,,,,
61,3학년,우리 지역의 문화유산,용어,[A] 대대로 물려줄 만한 가치를 지닌 문화를 무엇이라 하는가?,문화유산,,,,
62,3학년,우리 지역의 문화유산,용어,[A] 형태가 있는 문화재는 무엇인가?,유형 문화재,,,,
63,3학년,우리 지역의 문화유산,용어,[A] 공연·노래·춤 등 형태 없는 문화재를 무엇이라 하는가?,무형 문화재,,,,
64,3학년,우리 지역의 문화유산,용어,[A] 역사적 가치가 큰 장소를 일컫는 말은 무엇인가?,사적,,,,
65,3학년,우리 지역의 문화유산,용어,[A] 뛰어난 자연·인공 경관을 뜻하는 문화유산은 무엇인가?,명승,,,,
66,3학년,우리 지역의 문화유산,용어,[A] 학술적 가치가 큰 동식물·지질 관련 지역을 무엇이라 하는가?,천연기념물,,,,
67,3학년,우리 지역의 문화유산,용어,[A] 옷·집·도구 등 전통 생활을 알 수 있는 것을 무엇이라 하는가?,민속 자료,,,,
68,3학년,우리 지역의 문화유산,용어,[A] 국가나 시·도가 지정한 문화재를 무엇이라 하는가?,지정 문화재,,,,
69,3학년,우리 지역의 문화유산,용어,[A] 시대를 대표하고 특별한 가치를 지닌 국가 지정 문화재는 무엇인가?,국보,,,,
70,3학년,우리 지역의 문화유산,용어,[A] 국보보다 범위가 넓은 국가 지정 문화재는 무엇인가?,보물,,,,
71,3학년,우리 지역의 문화유산,용어,[A] 국제연합 유네스코가 지정하는 문화유산은 무엇인가?,유네스코 세계유산,,,,
72,3학년,우리 지역의 문화유산,문화재,[B] 문화재와 문화유산의 차이는 무엇인가?,문화유산은 생활양식·음악·민속 등 비물질까지 포괄,,,,
73,3학년,우리 지역의 문화유산,답사,[B] 답사가 견학과 다른 핵심은 무엇인가?,조사의 깊이,,,,
74,3학년,우리 지역의 문화유산,용어,[A] 문화유산을 안내·설명하는 전문 해설가는 누구인가?,문화관광 해설사,,,,
75,3학년,우리 지역의 문화유산,용어,[A] 문화재 보존·홍보에 자발적으로 참여하는 인력을 무엇이라 하는가?,문화재 지킴이,,,,
76,3학년,옛날과 오늘날의 생활,성취기준,[B] [4사04-02] 성취기준 해설은 무엇인가?,교통 발달에 따른 이동·생활 변화 이해,,,,
77,3학년,옛날과 오늘날의 생활,교통,[A] 자동차·기차 등으로 사람·화물을 나르는 일을 무엇이라 하는가?,교통,,,,
78,3학년,옛날과 오늘날의 생활,교통,[A] 사람·물자를 옮기는 수단을 무엇이라 하는가?,교통수단,,,,
79,3학년,옛날과 오늘날의 생활,교통,[D] 교통의 세 가지 기능을 쓰시오.,경제적·사회적·전략적 기능,,,,
80,3학년,옛날과 오늘날의 생활,교통,[A] 장소적 거리를 극복하여 효율성을 높이는 기능은 무엇인가?,경제적 기능,,,,
81,3학년,옛날과 오늘날의 생활,교통,[B] 교통 발달의 경제적 효과는 무엇인가?,산업 생산력 증가·시장 확대·운송비 절감,,,,
82,3학년,옛날과 오늘날의 생활,교통,[D] 옛날 교통수단의 힘과 오늘날 교통수단의 힘을 비교하시오.,옛날: 자연·동물 / 오늘날: 석유·전기,,,,
83,3학년,옛날과 오늘날의 생활,생활권,[A] 일상생활이 이루어지는 공간 범위를 무엇이라 하는가?,생활권,,,,
84,3학년,옛날과 오늘날의 생활,생활권,[B] 오늘날 생활권의 특징은 무엇인가?,교통·통신 발달로 매우 넓어지고 경계가 불분명해짐,,,,
85,3학년,옛날과 오늘날의 생활,생활권,[A] 하루 안에 다녀올 수 있는 생활권은 무엇인가?,1일 생활권,,,,
86,3학년,옛날과 오늘날의 생활,생활권,[A] 반나절 동안 다녀올 수 있는 생활권은 무엇인가?,반나절 생활권,,,,
87,3학년,옛날과 오늘날의 생활,생활권,[D] 생활권에 큰 영향을 주는 두 가지 요소를 쓰시오.,교통·통신,,,,
88,3학년,옛날과 오늘날의 생활,시간 거리,[A] 특정 지점까지 소요되는 시간을 무엇이라 하는가?,시간 거리,,,,
89,3학년,옛날과 오늘날의 생활,시간 거리,[B] 교통 발달이 시간 거리에 미치는 영향은 무엇인가?,줄어들어 멀던 장소를 가깝게 느낌,,,,
90,3학년,옛날과 오늘날의 생활,시간 거리,[D] 시간 거리가 줄어드는 두 가지 요인을 쓰시오.,교통수단 발달·교통시설 발달,,,,
91,3학년,옛날과 오늘날의 생활,시공간,[B] 상대적 거리 단축으로 세계가 좁아지는 현상을 무엇이라 하는가?,시공간의 수렴화,,,,
92,3학년,옛날과 오늘날의 생활,교통,[D] 교통의 세 요소를 쓰시오.,교통 주체·교통 수단·교통 시설,,,,
93,3학년,옛날과 오늘날의 생활,교통,[B] 교통은 반드시 무엇을 수반하는가?,이동,,,,
94,3학년,옛날과 오늘날의 생활,퍼스널 모빌리티,[A] 전동 킥보드 등 개인 이동 수단을 무엇이라 하는가?,퍼스널 모빌리티,,,,
95,3학년,옛날과 오늘날의 생활,퍼스널 모빌리티,[B] 퍼스널 모빌리티의 장점은 무엇인가?,간단한 사용·저렴한 연료비·휴대 편리,,,,
96,3학년,옛날과 오늘날의 생활,교통,[A] 대중교통 이용에 불편을 겪는 사람을 무엇이라 하는가?,교통 약자,,,,
97,3학년,옛날과 오늘날의 생활,교통,[A] 유치원·학교 주변에 설정된 특별 보호구역을 무엇이라 하는가?,어린이 보호구역,,,,
98,3학년,옛날과 오늘날의 생활,교통,[B] 미래 교통수단을 상상하며 기를 수 있는 역량은 무엇인가?,창의적 사고력,,,,
99,3학년,옛날과 오늘날의 생활,통신,[A] 소식을 전하거나 의사를 전달하는 것을 무엇이라 하는가?,통신,,,,
100,3학년,옛날과 오늘날의 생활,통신,[A] 통신을 가능케 하는 기술적 수단은 무엇이라 하는가?,통신수단,,,,
ID,학년,대단원,소단원,문제,정답,,,,
101,3학년,옛날과 오늘날의 생활,통신,[B] 정보통신기술 발달이 극복하게 해 준 것은 무엇인가?,시공간의 제약(물리적 거리),,,,
102,3학년,옛날과 오늘날의 생활,통신,[D] 옛날 통신수단 중 글을 붙여 알리는 것을 무엇이라 하는가?,방,,,,
103,3학년,옛날과 오늘날의 생활,통신,[A] 소식을 적어 보내는 글은 무엇인가?,서찰,,,,
104,3학년,옛날과 오늘날의 생활,통신,[A] 직접 가서 문서를 전달하는 옛날 통신수단은 무엇인가?,파발,,,,
105,3학년,옛날과 오늘날의 생활,통신,[A] 말을 타고 가서 전달하는 파발의 한 형태는 무엇인가?,기발,,,,
106,3학년,옛날과 오늘날의 생활,통신,[A] 걸어서 문서를 전달하는 파발의 한 형태는 무엇인가?,보발,,,,
107,3학년,옛날과 오늘날의 생활,통신,[A] 불꽃·연기로 알리던 통신수단은 무엇인가?,봉수,,,,
108,3학년,옛날과 오늘날의 생활,통신,[A] 북을 쳐서 알리던 통신수단은 무엇인가?,북,,,,
109,3학년,옛날과 오늘날의 생활,통신,[A] 무늬와 색깔로 신호를 전달하던 수단은 무엇인가?,신호연,,,,
110,3학년,옛날과 오늘날의 생활,통신,[A] 집으로 돌아오는 성질을 활용한 통신수단은 무엇인가?,비둘기(전서구),,,,
111,3학년,옛날과 오늘날의 생활,통신,[A] 개인이 인터넷 미디어에 제작물을 올리는 활동은 무엇인가?,1인 미디어,,,,
112,3학년,옛날과 오늘날의 생활,집단 지성,[A] 네트워크로 협력해 지식을 만드는 것을 무엇이라 하는가?,집단 지성,,,,
113,3학년,옛날과 오늘날의 생활,집단 지성,[D] 집단 지성의 세 가지 특징을 쓰시오.,참여·수정·축적,,,,
114,3학년,옛날과 오늘날의 생활,통신,[D] 미래 정보통신기술의 세 가지 특징을 쓰시오.,융합화·지능화·네트워크화,,,,
115,3학년,옛날과 오늘날의 생활,통신,[B] 오늘날 활발한 매개 의사소통 수단 두 가지는 무엇인가?,컴퓨터·모바일 메신저,,,,
116,3학년,옛날과 오늘날의 생활,통신,[A] 기기간 네트워크로 연결되어 자동 처리하는 기술은 무엇인가?,사물 인터넷(IoT),,,,
117,3학년,옛날과 오늘날의 생활,통신,[A] 스마트폰이 없을 때 불안감을 느끼는 현상은 무엇인가?,노모포비아,,,,
118,3학년,옛날과 오늘날의 생활,통신,[B] 노모포비아 대응을 위한 운동은 무엇인가?,디지털 디톡스 운동,,,,
119,3학년,다양한 환경과 삶,성취기준,[B] [4사10-01] 성취기준 해설은 무엇인가?,자연·인문환경 특징을 살펴보고 변화 탐구,,,,
120,3학년,다양한 환경과 삶,성취기준,[B] [4사10-02] 성취기준 해설은 무엇인가?,도시 사례로 인구·교통·산업과 삶의 모습 이해,,,,
121,3학년,다양한 환경과 삶,용어,[A] 인간을 둘러싼 모든 것을 무엇이라 하는가?,환경,,,,
122,3학년,다양한 환경과 삶,용어,[A] 사람이 만들지 않은 환경은 무엇인가?,자연환경,,,,
123,3학년,다양한 환경과 삶,용어,[A] 사람이 만든 환경은 무엇인가?,인문환경,,,,
124,3학년,다양한 환경과 삶,용어,[A] 필요한 것을 만들어내는 활동은 무엇인가?,생산 활동,,,,
125,3학년,다양한 환경과 삶,용어,[A] 남는 시간에 즐기는 활동은 무엇인가?,여가 생활,,,,
126,3학년,다양한 환경과 삶,자연환경,[D] 자연환경의 두 가지 요소를 쓰시오.,지형·기후,,,,
127,3학년,다양한 환경과 삶,기후,[D] 기후의 세 요소를 쓰시오.,기온·강수·바람,,,,
128,3학년,다양한 환경과 삶,기후 요인,[D] 기후에 영향을 주는 요인 다섯 가지를 쓰시오.,위도·해류·해발고도·기단·지형 등,,,,
129,3학년,다양한 환경과 삶,인문환경,[D] 인문환경의 네 가지 예시를 쓰시오.,시설·교통·문화·산업,,,,
130,3학년,다양한 환경과 삶,사고력,[D] 지리적 사고력의 세 가지 유형을 쓰시오.,분포적·관계적·지역적 사고,,,,
131,3학년,다양한 환경과 삶,촌락,[D] 촌락의 세 가지 유형을 쓰시오.,농촌·어촌·산지촌,,,,
132,3학년,다양한 환경과 삶,촌락,[D] O/X 퀴즈: 평야=농촌, 해안=어촌, 산간=산지촌이다.,X, 지형과 직업 기준이 다름,
133,3학년,다양한 환경과 삶,촌락,[A] 어촌의 다수 형태는 어떤 유형인가?,반농반어촌,,,,
134,3학년,다양한 환경과 삶,촌락,[A] 산지촌의 다수 형태는 어떤 유형인가?,반농반산지촌,,,,
135,3학년,다양한 환경과 삶,의식주,[A] 사람이 살아가는 기본 요건은 무엇인가?,의식주,,,,
136,3학년,다양한 환경과 삶,의식주,[B] 의식주는 무엇에 많은 영향을 받는가?,자연환경,,,,
137,3학년,다양한 환경과 삶,가옥,[A] 비가 많은 지역에서 땅을 띄워 짓는 집은 무엇인가?,고상 가옥,,,,
138,3학년,다양한 환경과 삶,가옥,[A] 사막 건조지대에서 흙으로 짓는 집은 무엇인가?,흙집,,,,
139,3학년,다양한 환경과 삶,가옥,[A] 숲 지역에서 나무를 쌓아 만든 집은 무엇인가?,이즈바,,,,
140,3학년,일상에서 만나는 과거,생활도구,[D] 의식주를 중심으로 발달한 세 가지 도구를 쓰시오.,농사·조리·옷 도구,,,,
141,3학년,일상에서 만나는 과거,생활도구,[D] 구석기 시대 주거 두 가지를 쓰시오.,동굴·바위그늘,,,,
142,3학년,일상에서 만나는 과거,생활도구,[D] 신석기 시대 주거를 쓰시오.,움집,,,,
143,3학년,일상에서 만나는 과거,생활도구,[A] 통나무·진흙으로 만든 네모난 집은 무엇인가?,귀틀집,,,,
144,3학년,일상에서 만나는 과거,생활도구,[A] 볏집으로 지붕을 덮은 집은 무엇인가?,초가집,,,,
145,3학년,일상에서 만나는 과거,생활도구,[A] 구운 기와로 지붕을 덮은 집은 무엇인가?,기와집,,,,
146,3학년,일상에서 만나는 과거,생활도구,[A] 현대에 시멘트·철근으로 지은 집은 무엇인가?,공동주택,,,,
147,3학년,일상에서 만나는 과거,생활도구,[D] 땅을 가는 도구의 변화를 순서대로 쓰시오.,돌괭이→철괭이→쟁기→트랙터,,,,
148,3학년,일상에서 만나는 과거,생활도구,[D] 곡식을 수확하는 도구의 변화를 순서대로 쓰시오.,반달돌칼→철낫→탈곡기→콤바인,,,,
149,3학년,일상에서 만나는 과거,생활도구,[D] 음식을 만드는 도구의 변화를 순서대로 쓰시오.,토기→시루→가마솥→전기밥솥,,,,
150,3학년,일상에서 만나는 과거,생활도구,[D] 옷을 만드는 도구의 변화를 순서대로 쓰시오.,가락바퀴→베틀→방직기,,,,
151,3학년,옛날과 오늘날의 생활,세시 풍속,[A] 해마다 일정한 시기에 반복되는 풍속은 무엇인가?,세시 풍속,,,,
152,3학년,옛날과 오늘날의 생활,세시 풍속,[A] 음력을 기준으로 한 명절의 예시는 무엇인가?,설날·추석 등,,,,
153,3학년,옛날과 오늘날의 생활,세시 풍속,[A] 태양의 움직임을 기준으로 24개로 나눈 것은 무엇인가?,절기,,,,
154,3학년,옛날과 오늘날의 생활,세시 풍속,[D] 세시 풍속에 포함되는 두 가지를 쓰시오.,명절·24절기,,,,
155,3학년,옛날과 오늘날의 생활,세시 풍속,[D] O/X 퀴즈: 세시 풍속은 변하지 않는다.,X, 시대에 따라 변화하고 외국 문화 유입,,,
156,3학년,옛날과 오늘날의 생활,세시 풍속,[D] O/X 퀴즈: 한식·단오·삼복·칠석은 24절기이다.,X, 잡절임,,,
157,3학년,옛날과 오늘날의 생활,세시 풍속,[D] O/X 퀴즈: 한식 성묘·단오 그네·삼복 보양음식은 세시 풍속이다.,O,,,,
158,3학년,옛날과 오늘날의 생활,세시 풍속,[A] 음력 3월 3일에 진달래 화전 먹던 명절은 무엇인가?,삼짇날,,,,
159,3학년,옛날과 오늘날의 생활,세시 풍속,[A] 음력 9월 9일 국화와 단풍을 즐기던 명절은 무엇인가?,중양절,,,,
160,3학년,옛날과 오늘날의 생활,세시 풍속,[A] 추수를 감사하며 지내는 가을 명절은 무엇인가?,추석,,,,
161,3학년,옛날과 오늘날의 생활,세시 풍속,[A] 새해 첫 보름달에 소원을 비는 명절은 무엇인가?,정월 대보름,,,,
162,3학년,옛날과 오늘날의 생활,세시 풍속,[A] 음력 7월 15일 백중놀이를 하던 날은 무엇인가?,백중,,,,
163,3학년,옛날과 오늘날의 생활,세시 풍속,[A] 음력 10월 김장·메주 띄우던 절기는 무엇인가?,상달,,,,
164,3학년,옛날과 오늘날의 생활,세시 풍속,[A] 양력 12월 22일 팥죽 먹는 날은 무엇인가?,동지,,,,
ID,학년,대단원,소단원,문제,정답,,,,
165,4학년,가족의 형태와 역할,가족의 모습과 역할 변화,[A] 성적·심리적·경제적 결합을 통해 부부 관계를 맺는 것을 무엇이라 하는가?,혼인,,,,
166,4학년,가족의 형태와 역할,가족의 모습과 역할 변화,[A] 혈연·인연·입양 등으로 이루어진 일정 범위의 사람들로 구성된 집단은 무엇인가?,가족,,,,
167,4학년,가족의 형태와 역할,가족의 모습과 역할 변화,[A] 부부와 미혼 자녀로 이루어진 가족 형태는 무엇인가?,핵가족,,,,
168,4학년,가족의 형태와 역할,가족의 모습과 역할 변화,[A] 부모와 기혼 자녀가 함께 사는 가족 형태는 무엇인가?,확대가족,,,,
169,4학년,가족의 형태와 역할,가족의 모습과 역할 변화,[D] O/X 퀴즈: 가족 구성원이 많으면 확대가족이다.,X, 결혼한 자녀와 부모가 함께 살아야 확대가족,,,
170,4학년,가족의 형태와 역할,가족의 모습과 역할 변화,[A] 핵가족과 확대가족을 구분하는 핵심 기준은 무엇인가?,세대 수(세대 범위),,,,
171,4학년,가족의 형태와 역할,가족의 모습과 역할 변화,[B] ‘대가족’과 ‘확대가족’은 각각 무엇을 기준으로 정의되는가?,대가족: 구성원 수 / 확대가족: 세대 수,,,,
172,4학년,가족의 형태와 역할,가족의 모습과 역할 변화,[D] O/X 퀴즈: 2세대 가족은 모두 핵가족이다.,X, (한)부모+기혼 자녀면 확대가족,,,
173,4학년,가족의 형태와 역할,가족의 모습과 역할 변화,[B] 핵가족 비율의 변화와 확대가족 비율의 변화는?,핵가족 증가·확대가족 감소,,,,
174,4학년,가족의 형태와 역할,가족의 모습과 역할 변화,[A] 떨어져 살지만 자주 만나 돕는 확대가족의 변형은 무엇인가?,수정 확대 가족,,,,
175,4학년,가족의 형태와 역할,가족의 모습과 역할 변화,[C] 직계존속·직계비속·방계는 각각 누구를 가리키는가?,위: 부모·조부모 / 아래: 자녀·손자 / 옆: 형제·조카,,,,
176,4학년,가족의 형태와 역할,가족의 모습과 역할 변화,[D] O/X 퀴즈: 핵가족과 확대가족만으로 오늘날 모든 가족을 설명할 수 있다.,X, 다양한 가족 형태 존재,,,
177,4학년,가족의 형태와 역할,다양한 가족,[A] 외국인과 한국인이 결혼해 이루어진 가족은 무엇인가?,다문화 가족,,,,
178,4학년,가족의 형태와 역할,다양한 가족,[A] 한쪽 부모와 자녀로만 이루어진 가족은 무엇인가?,한 부모 가족,,,,
179,4학년,가족의 형태와 역할,다양한 가족,[A] 부모의 재혼으로 이루어진 가족은 무엇인가?,재혼 가족,,,,
180,4학년,가족의 형태와 역할,다양한 가족,[A] 자녀를 입양하여 이루어진 가족은 무엇인가?,입양 가족,,,,
181,4학년,가족의 형태와 역할,다양한 가족,[A] 조부모와 손주로 구성된 가족은 무엇인가?,조손 가족,,,,
182,4학년,가족의 형태와 역할,다양한 가족,[B] 1주제 가족 형태 구분 기준과 2주제 다양한 가족 구분 기준은?,세대 수 / 가족 구성원,,,,
183,4학년,가족의 형태와 역할,다양한 가족,[B] 2주제의 핵심 중점은 무엇인가?,가족 형태의 다양성 존중,,,,
184,4학년,가족의 형태와 역할,다양한 가족,[B] 혼자 사는 사람을 ‘가족’이 아닌 ‘가구’로 보는 이유는?,사회 집단은 2인 이상 필요,,,,
185,4학년,가족의 형태와 역할,다양한 가족,[A] 한 지붕 아래 거주하지 않는 비동거 가족을 무엇이라 하는가?,분거 가족,,,,
186,4학년,가족의 형태와 역할,다양한 가족,[A] 자녀 교육을 위해 가족이 떨어져 사는 신종 이산가족은 무엇인가?,기러기 가족,,,,
187,4학년,가족의 형태와 역할,다양한 가족,[A] 평일에 자녀를 시골 노부모에게 맡기는 부모 형태는 무엇인가?,주말 부모,,,,
188,4학년,가족의 형태와 역할,다양한 가족,[A] 혈연이 아닌 사람들과 함께 사는 가족 형태는 무엇인가?,공동체 가족,,,,
189,4학년,가족의 형태와 역할,다양한 가족,[A] 반려동물과 함께 사는 가족 형태를 무엇이라 하는가?,펫팸족,,,,
190,4학년,우리 지역(지도),지도의 요소,[A] 지구 표면의 일부/전부를 기호·문자로 일정 비율로 줄여 평면에 나타낸 것은?,지도,,,,
191,4학년,우리 지역(지도),지도의 요소,[A] 동서남북 등 위치를 나타내는 기준은 무엇인가?,방위,,,,
192,4학년,우리 지역(지도),지도의 요소,[A] 복잡한 땅의 모습을 단순화해 약속으로 정한 표시는?,기호,,,,
193,4학년,우리 지역(지도),지도의 요소,[A] 기호 의미와 설명을 모아 둔 것은?,범례,,,,
194,4학년,우리 지역(지도),지도의 요소,[A] 실제 거리를 일정 비율로 줄여 표시한 비율은?,축척,,,,
195,4학년,우리 지역(지도),지도의 요소,[A] 해발 고도가 같은 지점을 연결한 선은?,등고선,,,,
196,4학년,우리 지역(지도),그림지도,[A] 실제 모습과 비슷하게, 수치 계산 없이 그리듯 나타낸 지도는?,그림지도,,,
197,4학년,우리 지역(지도),지도 구분,[A] 다양한 지리 정보를 정확하고 정밀하게 그린 지도는?,일반도,,,,
198,4학년,우리 지역(지도),지도 구분,[A] 특정 목적에 맞는 주제로만 정보를 표현한 지도는?,주제도,,,,
199,4학년,우리 지역(지도),지도의 요소,[E] ‘지도의 요소 4가지’를 쓰시오.,방위, 기호와 범례, 축척, 등고선,
200,4학년,우리 지역(지도),방위,[B] 지도에 방위표가 없을 때 방위를 정하는 약속은?,위쪽 북·아래 남·오른쪽 동·왼쪽 서,,,,
201,4학년,우리 지역(지도),방위,[B] 방위표를 사용하는 목적은?,대상의 향과 상관없이 방위 나타내기,,,,
202,4학년,우리 지역(지도),기호와 범례,[A] 실제 모양을 본떠 만든 기호의 예는?,논·산·학교·다리,,,,
203,4학년,우리 지역(지도),기호와 범례,[A] 실제 모양과 상관없이 약속으로 만든 기호의 예는?,시청·공장·우체국·소방서,,,,
204,4학년,우리 지역(지도),기호와 범례,[A] 사람에 의해 만들어진 것을 주로 나타내는 기호 색은?,검은색,,,,
205,4학년,우리 지역(지도),기호와 범례,[A] 물을 표현하는 기호에 주로 사용하는 색은?,파란색,,,,
206,4학년,우리 지역(지도),기호와 범례,[A] 땅과 관련된 기호에 주로 사용하는 색은?,갈색,,,,
207,4학년,우리 지역(지도),기호와 범례,[A] 평야·안전 의미의 기호에 주로 사용하는 색은?,녹색,,,,
208,4학년,우리 지역(지도),축척,[C] 축척 표시 방법 3가지를 쓰시오.,비례법, 분수법, 막대자,,
209,4학년,우리 지역(지도),축척,[B] 실제 거리를 많이 줄일수록 축척은 어떻게 되는가?,작다(소축척),,,,
210,4학년,우리 지역(지도),축척,[B] 실제 거리를 조금 줄일수록 축척은 어떻게 되는가?,크다(대축척),,,,
211,4학년,우리 지역(지도),축척,[B] 소축척 지도의 장점은 무엇인가?,넓은 지역·전체와 부분의 관계 파악,,,,
212,4학년,우리 지역(지도),축척,[B] 대축척 지도의 장점은 무엇인가?,좁은 지역을 자세히 파악,,,,
213,4학년,우리 지역(지도),축척,[D] O/X 퀴즈: 지형도에는 자연 지형만 표현된다.,X, 인문 요소도 표현,,,
214,4학년,우리 지역(지도),축척,[A] 축척 1:2,500,000에서 지도 1cm는 실제 몇 km인가?,25km,,
215,4학년,우리 지역(지도),축척,[A] 축척 1:25,000에서 지도 1cm는 실제 몇 m인가?,250m,,,
216,4학년,우리 지역(지도),축척,[B] 소축척/대축척 구분의 기준은 무엇에 따라 달라지는가?,상대적 비교(둘 중 더 작/큰 축척),,,,
217,4학년,우리 지역(지도),등고선,[B] 지도에서 높낮이는 등고선과 무엇으로도 표현하는가?,색깔,,,,
218,4학년,우리 지역(지도),등고선,[E] 낮은 곳→높은 곳 색 순서를 쓰시오.,초록, 노랑, 갈, 고동,
219,4학년,우리 지역(지도),등고선,[A] 해발의 기준(0m)은 무엇을 기준으로 하는가?,인천 앞바다 평균 해수면,,,,
220,4학년,우리 지역(지도),등고선,[B] 동일 등고선 위의 점들의 높이 관계는?,모두 같다,,,,
221,4학년,우리 지역(지도),등고선,[B] 등고선 간격이 넓으면/좁으면 지형은?,완경사/급경사,,,,
222,4학년,우리 지역(지도),등고선,[B] 등고선이 정상 쪽으로 파고들면/낮은 곳으로 뻗으면?,계곡/능선,,,,
223,4학년,우리 지역(지도),등고선,[E] 등고선 종류 4가지를 쓰시오.,주곡선, 간곡선, 조곡선, 계곡선,
224,4학년,우리 지역(지도),등고선,[B] 등고선의 장점 2가지는?,지형 윤곽 파악·경사 계산 가능,,,,
225,4학년,우리 지역(지도),등고선,[A] 수심이 같은 곳을 이은 선은 무엇인가?,등심선,,,,
226,4학년,우리 지역(지도),등고선,[B] 바다/호수 색의 변화는?,얕음 연파랑→깊음 진파랑,,,,
227,4학년,우리 지역(지도),우리 지역의 위치,[A] 여러 기능이 밀집해 사람들이 모이는 활동의 중심지는?,중심지,,,,
228,4학년,우리 지역(지도),우리 지역의 위치,[A] 중심지가 제공하는 재화·서비스를 소비하는 주변 지역은?,배후지,,,,
229,4학년,우리 지역(지도),우리 지역의 위치,[B] 중심지는 무엇과 관련지어 이해해야 하는가?,필요·욕구의 해결,,,,
230,4학년,우리 지역(지도),우리 지역의 위치,[D] O/X 퀴즈: 중심지는 상주 인구 밀도가 높다.,X, 유동 인구 밀도가 높음,,,
231,4학년,우리 지역(지도),우리 지역의 위치,[B] 중심지는 무엇에 따라 다양하게 나타나는가?,배후지의 규모(상대적),,,,
232,4학년,우리 지역(지도),중심지 이론,[A] 넓은 범위 기능 수행·간격 넓고 수 적은 중심지는?,고위 중심지,,,,
233,4학년,우리 지역(지도),중심지 이론,[A] 좁은 범위 기능 수행·간격 좁고 수 많은 중심지는?,저위 중심지,,,,
234,4학년,우리 지역(지도),중심지 이론,[B] 고위 중심지는 저위 중심지와 어떤 관계인가?,저위 기능 포함+자기 고유 기능,,,,
235,4학년,우리 지역(지도),중심지 이론,[A] 중심지 유지에 필요한 최소 수요 개념은?,최소 요구치,,,,
236,4학년,우리 지역(지도),중심지 이론,[B] 최소 요구치의 범위/재화의 도달 범위에 영향 주는 요인은?,인구·소득↑→최소요구치범위↓ / 교통 발달→도달범위↑,,,,
237,4학년,우리 지역(지도),중심지 이론,[A] 이용자가 기꺼이 이동하는 최대 거리 개념은?,재화의 도달 범위,,,,
238,4학년,우리 지역(지도),중심지 이론,[B] 인구 감소 시 먼저 쇠퇴하기 쉬운 중심지는?,고위 중심지,,,,
239,4학년,우리 지역(지도),공간 분화,[A] 교통로가 교차하는 지점은 무엇이라 하는가?,결절,,,,
240,4학년,우리 지역(지도),공간 분화,[C] 흐름→망→결절→중심지로의 발달에서 결정적 요인 2가지는?,교통, 통신,,,
241,4학년,우리 지역(지도),중심지와 배후지,[B] 동일 계층 중심지가 다수 형성되면 배후지는 어떻게 되는가?,중첩되어 경쟁 발생,,,,
242,4학년,우리 지역(지도),중심지와 배후지,[B] 배후지 경쟁의 합리적 해결 형태는 무엇인가?,정육각형 배후지,,,,
243,4학년,우리 지역(지도),중심지 변화,[A] 과거 중심이었으나 기능 약화된 도심을 무엇이라 하나?,원도심,,,,
244,4학년,우리 지역(지도),중심지 변화,[D] O/X 퀴즈: 중심지는 시간이 지나도 변하지 않는다.,X, 변화함,,,
245,4학년,우리 지역(지도),중심지 기능,[E] 중심지의 대표 기능 5가지를 쓰시오.,행정, 교통, 상업, 산업, 관광
246,4학년,우리 지역(문화유산),의미와 유형,[A] 다음 세대에 계승할 가치가 있는 문화적 소산은?,문화유산,,,,
247,4학년,우리 지역(문화유산),의미와 유형,[A] 나라가 법에 따라 지정한 문화유산은?,지정 문화재,,,,
248,4학년,우리 지역(문화유산),의미와 유형,[E] 문화재의 종류 4가지를 쓰시오.,유형, 무형, 기념물, 민속 문화재,
249,4학년,우리 지역(문화유산),의미와 유형,[E] 지정 문화재의 종류 2가지를 쓰시오.,국가 지정, 시·도 지정,,,
250,4학년,우리 지역(문화유산),의미와 유형,[A] 보물급 유형 문화재 중 국가가 지정한 것은?,국보,,,,
251,4학년,우리 지역(문화유산),의미와 유형,[B] 유형/무형 문화재의 차이를 서술하시오.,형태 유/무 및 전승 방식 차이,,,,
252,4학년,우리 지역(문화유산),의미와 유형,[A] 무형문화재 기능을 전수받은 사람을 무엇이라 하는가?,인간문화재,,,,
253,4학년,우리 지역(문화유산),의미와 유형,[A] 지정은 아니나 지역 대표로 미래 세대 전승 가치는?,미래 유산,,,,
254,4학년,우리 지역(문화유산),탐구 방법,[E] 문화유산 조사 방법 4가지를 쓰시오.,문헌, 누리집 검색, 면담, 답사,
255,4학년,우리 지역(문화유산),참여,[A] 시민 참여로 문화재를 찾아 가꾸는 활동은?,문화재 지킴이,,,,
256,4학년,우리 지역(역사),학습 요소,[A] 역사에서 이름이 남고 귀감이 되는 사람은?,역사적 인물,,,,
257,4학년,우리 지역(역사),학습 요소,[B] 인물 학습과 인물사 학습의 차이는?,개인 인물/인물의 역사 맥락,,,,
258,4학년,우리 지역(역사),연표,[A] 사건을 시간 순으로 배열한 표는?,연표,,,,
259,4학년,우리 지역(역사),연대기적 사고,[B] 사건 순서를 이해하는 능력은 무엇이며 도움 도구는?,연대기적 사고·연표 만들기,,,,
260,4학년,우리 지역(역사),프로젝트,[A] 학습자가 주도적으로 탐구·제작·발표하는 방법은?,프로젝트 학습,,,,
261,4학년,우리 지역(역사),상상력,[B] 역사 상황을 추체험하도록 돕는 능력은?,역사적 상상력(감정이입적 이해),,,,
262,4학년,우리 지역(미디어),리터러시,[A] 미디어 메시지를 읽고 쓰는 능력은?,미디어 리터러시,,,,
263,4학년,우리 지역(미디어),리터러시,[B] 미디어 교육이 필요한 이유는?,자료의 검증 한계·평가의 주관성,,,,
264,4학년,공공기관과 주민 참여,공공기관,[A] 공익을 목적으로 국가·지자체가 세우거나 관리하는 기관은?,공공기관,,,,
265,4학년,공공기관과 주민 참여,공공기관,[A] 읍·면·동 행정을 맡는 기관은?,행정복지센터,,,,
266,4학년,공공기관과 주민 참여,공공기관,[A] 직접 현장을 보고 체험해 지식을 넓히는 것은?,견학(현장 학습),,,,
267,4학년,공공기관과 주민 참여,민원,[A] 행정기관에 특정 행위를 요구하는 것은?,민원,,,,
268,4학년,공공기관과 주민 참여,민원,[E] 민원의 종류 4가지를 쓰시오.,법정, 질의, 건의, 고충, 기타
269,4학년,공공기관과 주민 참여,공공시설,[A] 세금으로 만들고 관리하는 도로·공원 등 시설은?,공공시설,,,,
270,4학년,공공기관과 주민 참여,조선의 기관,[C] 다음 역할과 대응 기관을 짝지어라.,포도청-치안, 금화도감-소방, 혜민서-보건,,
271,4학년,공공기관과 주민 참여,조선의 기관,[A] 오늘날 국세청과 비슷한 조선 관청은?,선혜청,,,,
272,4학년,공공기관과 주민 참여,조선의 기관,[A] 물가를 조절하던 관청은?,상평청,,,,
273,4학년,공공기관과 주민 참여,조선의 기관,[A] 오늘날 행정복지센터와 비슷한 자치 기관은?,향청,,,,
274,4학년,민주주의와 자치,개념,[A] 나라 전체의 살림을 맡는 정부는?,중앙 정부,,,,
275,4학년,민주주의와 자치,개념,[A] 한 지역의 살림을 맡는 정부는?,지방 정부,,,,
276,4학년,민주주의와 자치,개념,[A] 주민이 뽑은 대표와 함께 지역 일을 하는 정치 방식은?,지방 자치 제도,,,,
277,4학년,민주주의와 자치,의미,[B] 지방자치 제도가 필요한 까닭 2가지는?,지역 특성 반영·주민 스스로 해결,,,,
278,4학년,민주주의와 자치,주민 참여 제도,[A] 필요한 조례의 제정·개정·폐지를 청구하는 제도는?,주민 발의제(발안제),,,,
279,4학년,민주주의와 자치,주민 참여 제도,[A] 선출직 공직자를 임기 중 해직시키는 투표 제도는?,주민 소환 제도,,,,
280,4학년,민주주의와 자치,주민 참여 제도,[A] 지역 현안을 주민 투표로 최종 결정하는 제도는?,주민 투표 제도,,,,
281,4학년,민주주의와 자치,주민 참여 제도,[A] 부당한 행정 처분 개선을 주민이 직접 청구하는 제도는?,주민 감사 청구 제도,,,,
282,4학년,민주주의와 자치,주민 참여 제도,[A] 예산 편성에 주민이 직접 참여하는 제도는?,주민 참여 예산 제도,,,,
283,4학년,민주주의와 자치,참여 방식,[A] 중요한 안건 전 전문가·주민 의견을 듣는 공개 회의는?,공청회,,,,
284,4학년,민주주의와 자치,참여 방식,[B] 공청회의 장점 2가지는?,많은 정보 수집·신뢰도 높음,,,,
285,4학년,민주주의와 자치,참여 방식,[B] 공청회의 단점 2가지는?,시간 많이 소요·의사표시 어려움,,,,
286,4학년,민주주의와 자치,시민 단체,[A] 공익을 위해 자발적으로 결성된 단체는?,시민 단체,,,,
287,4학년,민주주의와 자치,시민 단체,[B] 시민 단체의 특징 3가지를 쓰시오.,공익 우선·직접 참여·국제 협력,,,,
288,4학년,민주주의와 자치,가치,[B] 바람직한 주민 참여 태도 3가지는?,대화와 타협·다수결의 원칙·소수 의견 존중,,,,
289,4학년,민주주의와 자치,다수결,[B] 다수결의 한계 3가지는?,다수의 횡포·올바른 소수 배제·항상 옳지 않음,,,,
290,4학년,민주주의와 자치,다수결,[D] O/X 퀴즈: 다수결에서도 소수 의견을 존중해야 한다.,O,,,,
291,4학년,민주주의와 자치,지역 문제,[A] 여러 사람이 모여 사는 지역에서 발생하는 문제를 무엇이라 하나?,지역 문제,,,,
292,4학년,민주주의와 자치,지역 문제,[B] 지역 문제 해결 때 따라야 할 민주적 절차는?,대화·타협·다수결·소수존중,,,,
293,4학년,민주주의와 자치,사회 디자인,[A] 어린이 횡단 대기 공간을 노랗게 표시한 설치물은?,옐로 카펫,,,,
294,4학년,민주주의와 자치,사회 디자인,[A] 강요 대신 부드러운 개입으로 행동 변화를 유도하는 것은?,넛지 효과,,,,
295,4학년,민주주의와 자치,풀뿌리 민주주의,[A] 지역 기반 의사결정에 시민이 참여하는 민주주의 형태는?,풀뿌리 민주주의,,,,
296,4학년,민주주의와 자치,풀뿌리 민주주의,[B] 풀뿌리 민주주의가 강조하는 두 가지는?,지방 자치·분권,,,,
297,4학년,민주주의와 자치,지역 이기주의,[A] 님비의 약자는 무엇이며 뜻은?,NIMBY, 기피 시설의 우리 동네 설치 반대,,,
298,4학년,민주주의와 자치,지역 이기주의,[A] 바나나 현상의 약자와 뜻은?,BANANA, 어디에도 아무것도 짓지 말자,,,
299,4학년,민주주의와 자치,지역 이기주의,[A] 핌피의 약자와 뜻은?,PIMFY, 편리한 시설을 내 집 앞에 유치,,,
300,4학년,민주주의와 자치,지역 이기주의,[D] O/X 퀴즈: 지역 이기주의는 사회 참여이다.,X, 공익보다 사익 추구,,,
301,4학년,우리 지역(지도),그림지도 vs 지도,[C] ‘그림지도’와 ‘지도’의 차이를 2가지 관점에서 쓰시오.,제작방법(수치/실측 vs 그림)·표현요소(축척·등고선·기호),,,,
302,4학년,우리 지역(지도),그림지도,[B] 본 단원 지도 지도 시 어떤 자료를 우선 활용하는가?,실제 지도 우선, 필요시 그림지도,,,
303,4학년,우리 지역(지도),지도 쓰임,[B] 지형도·교통도·기후도는 어떤 목적의 지도에 해당하는가?,일반도(지형도)·주제도(교통/기후),,,,
304,4학년,우리 지역(지도),방위,[E] 방위를 4방위/8방위로 나타내는 이유는?,기준을 더 자세히 제시하기 위해,,,,
305,4학년,우리 지역(지도),방위 표현,[B] 위치를 방위로 말할 때의 유의점은?,기준을 먼저 정하고 표현,,,,
306,4학년,우리 지역(지도),축척 비교,[C] 1:40,000과 1:10,000의 포함 면적 관계는?,1:40,000에는 1:10,000 지도 16매 면적 포함
307,4학년,우리 지역(지도),축척 활용,[B] 줄인자(축척 막대자)의 장점은?,비례식 없이 실제 거리 측정 용이,,,,
308,4학년,우리 지역(지도),지리 정보,[A] 자연·인문 요소의 특성을 알려주는 자료를 무엇이라 하나?,지리 정보,,,,
309,4학년,우리 지역(지도),위치 파악,[B] 우리 지역의 위치를 파악할 때 어떤 범위에서 찾는가?,시·도 범위에서 시·군·구 확인,,,,
310,4학년,우리 지역(지도),중심지 조사,[E] 중심지 조사 방법 4가지를 쓰시오.,면담, 설문, 자료 찾기, 답사,
311,4학년,우리 지역(지도),중심지 특성,[E] 중심지의 6가지 특징을 쓰시오.,배후지·생활 중심·교통 발달·변화·경쟁·계층성,,,,
312,4학년,우리 지역(지도),중심지 수,[D] O/X 퀴즈: 한 지역에는 중심지가 한 곳뿐이다.,X, 기능 분화로 여러 곳 가능,,,
313,4학년,우리 지역(지도),중심지 기능 수,[D] O/X 퀴즈: 하나의 중심지는 하나의 기능만 담당한다.,X, 복합 기능 가능,,,
314,4학년,우리 지역(지도),배후지 형태,[B] 동일 계층 중심지가 많아질 때 배후지 모양이 정육각형인 이유는?,중복 최소화·공백 최소화의 합리성,,,,
315,4학년,민주주의와 자치,감사,[A] 지자체가 지역 일을 잘하는지 감독·검사하는 것을 무엇이라 하는가?,감사,,,,
316,4학년,공공기관과 주민 참여,공공물,[A] 국민 생활에 꼭 필요해 민영화 논의와 연관되는 것은?,공공물(철도·전기·수도 등),,,,
317,4학년,공공기관과 주민 참여,관계,[B] 시·도의회와 시·도청의 관계는 무엇인가?,의회는 의결·감시, 청은 집행,,,
318,4학년,가족의 형태와 역할,사례 구분,[C] ‘부부(딩크족)’은 어떤 가족 형태인가?,핵가족(자녀X),,,,
319,4학년,가족의 형태와 역할,사례 구분,[C] ‘한 부모+미혼 자녀’는 어떤 가족 형태인가?,핵가족(2세대),,,,
320,4학년,가족의 형태와 역할,사례 구분,[C] ‘한 부모+기혼 자녀’는 어떤 가족 형태인가?,확대가족(2세대),,,,
321,4학년,가족의 형태와 역할,사례 구분,[C] ‘조부모+부모+자녀’는 어떤 가족 형태인가?,확대가족(3세대),,,,
322,4학년,가족의 형태와 역할,사례 구분,[C] ‘부부+그 부모’는 어떤 가족 형태인가?,확대가족,,,,
323,4학년,가족의 형태와 역할,사례 구분,[C] ‘부부+기혼 자녀+기혼 자녀의 미혼 자녀’는?,확대가족,,,,
324,4학년,가족의 형태와 역할,사례 구분,[C] ‘아버지·어머니·딸·아들’은?,핵가족,,,,
325,4학년,가족의 형태와 역할,사례 구분,[C] ‘할머니·어머니·딸’은?,확대가족,,,,
326,4학년,우리 지역(지도),지도 활용,[B] 짝의 집을 찾아 표시하기에 적합한 축척은?,대축척 지도,,,,
327,4학년,우리 지역(지도),경계선 비교,[B] 동일 구간 경계선 모양이 더 단순한 지도는?,소축척 지도,,,,
328,4학년,민주주의와 자치,주민 참여,[B] 지역 문제 해결 방안 평가 시 필요한 절차는?,충분한 시간·대화와 타협,,,,
329,4학년,민주주의와 자치,참여 경로,[E] 주민 참여 방법 3가지를 쓰시오.,누리집 의견, 방문 제기, 서명 운동,,
330,4학년,우리 지역(미디어),교육,[B] 미디어 리터러시 교육의 핵심은?,비판적 이해와 소통 능력,,,,
ID,학년,대단원,소단원,문제,정답,,,,
331,4학년,지역 문제와 지역 알리기,성취기준,[B] [4사09-01] 성취기준 해설은 무엇인가?,생활 주변 문제를 파악하고 사실·가치를 구분해 합리적으로 해결하는 능력 기르기,,,,
332,4학년,지역 문제와 지역 알리기,성취기준,[B] [4사09-02] 성취기준 해설은 무엇인가?,지역의 자연·역사·문화·생산물을 알리는 지역사회의 노력을 알고 관심 갖기,,,,
333,4학년,촌락과 도시,정의,[A] 인간 생활의 근거가 되는 취락 중 시골 성격이 강한 정주 공간은 무엇인가?,촌락,,,,
334,4학년,촌락과 도시,정의,[A] 사회·경제·정치 활동의 중심지로 인구 밀도가 매우 높은 정주 공간은 무엇인가?,도시,,,,
335,4학년,촌락과 도시,분류 기준,[D] 촌락 분류 기준 두 가지를 쓰시오.,주민들의 직업, 마을의 분포 형태,,,
336,4학년,촌락과 도시,종류,[E] 촌락의 세 가지 종류를 쓰시오.,농촌, 어촌, 산지촌,,
337,4학년,촌락과 도시,직업 기준,[C] 농촌·어촌·산지촌은 각각 어떤 종사에 대응하는가?,농업·어업·임업/목축업(광업),,,,
338,4학년,촌락과 도시,용어,[A] 곡식이나 채소 등을 기르는 1차 산업은 무엇인가?,농업,,,,
339,4학년,촌락과 도시,용어,[A] 물고기·해조류를 잡거나 기르는 1차 산업은 무엇인가?,어업,,,,
340,4학년,촌락과 도시,용어,[A] 산에서 나무를 기르거나 자원을 채취하는 1차 산업은 무엇인가?,임업,,,,
341,4학년,촌락과 도시,지형 개념,[A] 해발 고도가 높은 곳에 평탄한 면이 넓게 펼쳐진 지형은 무엇인가?,고위평탄면,,,,
342,4학년,촌락과 도시,농업,[A] 해발 700m 내외 높은 지대에서 배추·무 등을 재배하는 농업은 무엇인가?,고랭지 농업,,,,
343,4학년,촌락과 도시,작물,[A] 서늘한 산간 지역에서 재배하는 채소를 무엇이라 하는가?,고랭지 채소,,,,
344,4학년,촌락과 도시,OX,[D] O/X 퀴즈: 산지촌에서도 농업이 이루어질 수 있다.,O, 예: 고랭지 농업,,,
345,4학년,촌락과 도시,OX,[D] O/X 퀴즈: 평야=농촌, 해안=어촌, 산간=산지촌으로 반드시 대응한다.,X, 지형 구분과 직업·분포 형태 구분은 다름,
346,4학년,촌락과 도시,개념 구분,[B] 평야·해안·산간은 무엇에 따른 구분이며 농촌·어촌·산지촌은 무엇에 따른 구분인가?,지형 / 주민 직업과 분포 형태,,,,
347,4학년,촌락과 도시,OX,[D] O/X 퀴즈: 산간이나 해안 지역에도 농촌이나 도시가 존재할 수 있다.,O, 직업 구조에 따라 가능,,,
348,4학년,촌락과 도시,정주 공간,[A] 사람들이 삶을 살아가는 터전으로 전통적으로 ‘취락’이라 부른 것은 무엇인가?,정주 공간,,,,
349,4학년,촌락과 도시,정주 단위,[B] 정주 공간을 구성하는 요소 두 가지 유형을 쓰시오.,건물·시설과 토지,,,,
350,4학년,촌락과 도시,도시 기준,[E] 도시가 갖추어야 할 네 가지 기준을 쓰시오.,인구 밀도, 2·3차 종사자 비율, 도시적 경관, 중심성,
351,4학년,도시,입지 학습,[A] 도시·공장·시장의 입지 조건을 탐구하는 수업 모형은 무엇인가?,탐구 학습 모형,,,,
352,4학년,도시,입지 일반화,[B] 오늘날 도시는 주로 어디에 발달하며 어떤 요인으로도 생겨나는가?,교통이 편리한 곳 / 일자리가 많은 곳,,,,
353,4학년,도시 내부,기능 지역,[A] 공공기관·회사 사무실·법원·병원·은행 등이 모인 지역은 무엇인가?,중심 업무 지구,,,,
354,4학년,도시 내부,기능 지역,[A] 물건을 사고팔며 서비스 시설이 모인 지역은 무엇인가?,상업 지구,,,,
355,4학년,도시 내부,기능 지역,[A] 공장과 회사가 모인 지역은 무엇인가?,산업(공업) 지구,,,,
356,4학년,도시 내부,기능 지역,[A] 도시 사람들의 주거를 위한 지역은 무엇인가?,주거 지구,,,,
357,4학년,도시 내부,분화,[B] 도시가 성장할수록 기능별로 분리되는 현상을 무엇이라 하는가?,도시 내부 공간의 분화,,,,
358,4학년,도시 내부,분화 요인,[D] 도시 내부 기능 분화의 주요 요인 두 가지를 쓰시오.,접근성, 지대(지가),,,
359,4학년,도시 내부,접근성,[B] 접근성이 높은 지역에 들어서기 쉬운 기능은 무엇인가?,상업·업무 기능,,,,
360,4학년,도시 내부,접근성,[B] 접근성이 낮은 지역에 들어서기 쉬운 기능은 무엇인가?,주거·공업 기능,,,,
361,4학년,촌락·도시 비교,토지 이용,[C] 촌락/도시의 토지 이용을 각각 쓰시오.,조방적/집약적 토지 이용,,,,
362,4학년,촌락·도시 비교,산업,[C] 촌락/도시의 산업 종사자 비율 특징을 쓰시오.,1차↑ / 2·3차↑,,,,
363,4학년,촌락·도시 비교,인구,[C] 촌락/도시의 인구 특성을 쓰시오.,밀도↓·동질·이동성↓ / 밀도↑·이질·이동성↑,,,,
364,4학년,촌락·도시 비교,주택,[C] 촌락/도시의 주택과 분포 특징을 쓰시오.,저층·분산↑ / 고층·계획적 조성↑,,,,
365,4학년,촌락·도시 비교,경관,[C] 촌락/도시의 경관 중심을 쓰시오.,자연환경 중심 / 인문환경 중심,,,,
366,4학년,인구 이동,현상,[A] 농촌 인구가 도시로 이동하는 현상은 무엇인가?,이촌 향도 현상,,,,
367,4학년,인구 이동,현상,[A] 도시 직장은 유지하되 촌락으로 생활권을 옮기는 흐름은 무엇인가?,귀촌,,,,
368,4학년,인구 이동,현상,[A] 농사를 위해 농촌으로 돌아가는 것은 무엇인가?,귀농,,,,
369,4학년,인구 이동,현상,[A] 어촌으로 인구가 유입되는 현상은 무엇인가?,귀어,,,,
370,4학년,도시 문제,집중,[A] 도시 기반 시설 대비 인구·기능이 과도하게 집중되는 현상은 무엇인가?,과도시화,,,,
371,4학년,도시 구조,불균형 성장,[A] 도시 성장이 지역적 불균형으로 심화되는 형태는 무엇인가?,종주 도시화,,,,
372,4학년,도심 인구,현상,[A] 도심의 상주(야간) 인구가 감소하는 현상은 무엇인가?,인구 공동화(도넛 현상),,,,
373,4학년,도심 인구,러시아워,[B] 인구 공동화로 출퇴근 시간에 자동차가 도심으로 몰리는 현상을 무엇이라 하는가?,러시아워,,,,
374,4학년,지방 소멸,지수,[A] 20~39세 여성 인구를 65세 이상 인구로 나눈 값은 무엇인가?,지방 소멸 위험 지수,,,,
375,4학년,지방 소멸,판정,[B] 지방 소멸 위험 지수가 얼마 미만이면 소멸 위험 지역인가?,0.5 미만,,,,
376,4학년,도시 정책,혁신도시,[A] 공공기관 이전과 정주 환경을 갖춘 미래형 도시는 무엇인가?,혁신 도시,,,,
377,4학년,도시 정책,스마트도시,[A] ICT와 친환경 에너지로 도시 문제를 해결하는 미래형 도시는 무엇인가?,스마트 도시,,,,
378,4학년,도시 정책,생태도시,[A] 사람·자연·문화가 조화를 이루는 환경친화적 도시는 무엇인가?,생태 도시,,,,
379,4학년,촌락·도시 관계,개념,[A] 서로 주고받는 물건·문화·사상 등의 이동을 무엇이라 하는가?,교류,,,,
380,4학년,촌락·도시 관계,개념,[A] 서로 도움을 주고 의지하는 관계를 무엇이라 하는가?,상호 의존,,,,
381,4학년,로컬푸드,정의,[A] 생산지와 소비지 간 거리를 줄여 지역 단위로 먹을거리를 소비하자는 운동은?,로컬 푸드 운동,,,,
382,4학년,로컬푸드,효과,[E] 로컬 푸드 운동의 세 가지 효과를 쓰시오.,식품 안전, 환경 부담 경감, 공동체 강화(사회적 거리 축소),,
383,4학년,로컬푸드,제도,[E] 로컬 푸드 관련 제도/방법 세 가지를 쓰시오.,생활협동조합, 농산물 직거래, 농민 장터,,
384,4학년,식품 권리,개념,[A] 먹을거리에 대한 소비자의 결정권을 보장하는 개념은 무엇인가?,식품 시민권,,,,
385,4학년,식품 경제,개념,[A] 생산자에게 돌아가는 실질 소득을 의미하는 개념은 무엇인가?,푸드 달러,,,,
386,4학년,농촌 체험,주말 농장,[A] 도시 근교에 작은 농장을 마련해 주말에 농사를 짓게 하는 것은 무엇인가?,주말 농장,,,,
387,4학년,농촌 체험,팜스테이,[A] 농가에서 숙식하며 농사·문화 체험을 하는 관광 상품은 무엇인가?,팜스테이,,,,
388,4학년,도시 계획,그린벨트,[A] 무분별한 도시 확산을 막기 위해 외곽에 설정한 녹지대는 무엇인가?,그린벨트(개발제한구역),,,,
389,4학년,경제활동,정의,[A] 재화와 서비스를 생산·소비·분배하는 모든 활동은 무엇인가?,경제활동,,,,
390,4학년,경제활동,희소성,[A] 인간의 욕구에 비해 수단이 상대적으로 부족한 특성은 무엇인가?,자원의 희소성,,,,
391,4학년,경제활동,생산,[A] 생활에 필요한 재화·서비스를 만들어내는 활동은 무엇인가?,생산,,,,
392,4학년,경제활동,분배,[A] 생산에 참여한 대가로 임금·지대·이자 등을 받는 것은 무엇인가?,분배,,,,
393,4학년,경제활동,소비,[A] 재화나 서비스를 구입하고 사용하는 활동은 무엇인가?,소비,,,,
394,4학년,경제활동,시장,[A] 생산된 상품의 거래가 이루어지는 곳은 무엇인가?,시장,,,,
395,4학년,경제활동,재화,[B] 구체적 형태가 있거나 없는 물건을 포괄하는 개념은 무엇인가?,재화,,,,
396,4학년,경제활동,자유·경제재,[C] 공기·햇볕과 같은 것/대가를 지불해야 얻는 것을 각각 무엇이라 하는가?,자유재/경제재,,,,
397,4학년,경제활동,서비스,[A] 다른 사람 만족을 위해 제공하는 가치 있는 활동을 무엇이라 하는가?,서비스,,,,
398,4학년,경제 순환,관계,[B] 생산→( )→( )→생산으로 이어지는 순환을 쓰시오.,분배, 소비,,,
399,4학년,경제 선택,원인,[B] 경제활동에서 선택의 문제가 발생하는 까닭은 무엇인가?,자원의 희소성,,,,
400,4학년,희소 vs 희귀,구분,[B] 희소성과 희귀성의 차이를 간단히 쓰시오.,욕구 대비 상대적 부족/절대적 양의 적음,,,,
401,4학년,자원의 상대성,OX,[D] O/X 퀴즈: 자원의 희소성은 장소와 시대에 따라 달라진다.,O,,,,
402,4학년,기회비용,정의,[A] 선택 때문에 포기한 것 중 가장 아까운 것의 가치는 무엇인가?,기회비용,,,,
403,4학년,기회비용,구성,[C] 기회비용을 이루는 두 요소를 쓰시오.,명시적 비용, 암묵적 비용,,,
404,4학년,의사결정,개념,[A] 비용과 편익을 비교해 편익 최대·비용 최소가 되게 고르는 것을 무엇이라 하는가?,합리적 선택,,,,
405,4학년,의사결정,방법,[A] 합리적 선택을 돕는 분석 방법은 무엇인가?,비용-편익 분석,,,,
406,4학년,행동경제,효과,[A] 대안이 많을수록 만족이 떨어지는 현상은 무엇인가?,선택 부담 효과(선택의 역설),,,,
407,4학년,행동경제,효과,[A] 소유하면 가치를 더 높게 평가하는 심리 현상은 무엇인가?,보유 효과,,,,
408,4학년,소비,태도,[A] 공동체 이익을 고려하는 소비를 무엇이라 하는가?,바람직한 소비(윤리적 소비),,,,
409,4학년,소비,유형,[E] 환경·자원 절약 실천 소비 예 2가지를 쓰시오.,일회용품 자제, 대중교통 이용,,,
410,4학년,소비,문제,[A] 구매 후 후회로 이어지는 비합리적 소비는 무엇인가?,불합리한 소비,,,,
411,4학년,소비,문제,[A] 경제 능력에 비해 과도한 소비는 무엇인가?,과소비,,,,
412,4학년,소비,문제,[A] 남에게 보이기 위한 소비는 무엇인가?,과시 소비,,,,
413,4학년,소비,문제,[A] 남을 따라 하는 소비는 무엇인가?,모방 소비,,,,
414,4학년,소비,문제,[A] 계획 없이 자극에 이끌려 하는 소비는 무엇인가?,충동 소비,,,,
415,4학년,산업,구분,[E] 생산 활동의 세 가지 종류를 쓰시오.,1차 산업, 2차 산업, 3차 산업,,
416,4학년,서비스,특성,[B] 생산과 소비가 동시에 일어나는 현상을 무엇이라 하는가?,생산과 소비의 동시성,,,,
417,4학년,시장,유형,[C] 눈에 보이는/보이지 않는 시장의 예를 각각 하나씩 쓰시오.,재래시장·백화점/주식시장·인터넷쇼핑,,,,
418,4학년,윤리적 소비,정의,[A] 사회·환경 영향을 고려해 ‘좋은 기업의 정당한 대가’ 상품을 사는 것은?,착한 소비(윤리적 소비),,,,
419,4학년,지속가능 소비,정의,[A] 미래 세대의 필요를 파괴하지 않도록 전생애 환경 부담을 줄이는 소비는?,지속 가능한 소비,,,,
420,4학년,경제 교류,정의,[A] 경제활동에 필요한 상품·자원·기술·서비스를 주고받는 것은 무엇인가?,경제 교류,,,,
421,4학년,생산지·원산지,개념,[A] 어떤 상품이 생산된 지역을 무엇이라 하는가?,생산지(원산지),,,,
422,4학년,원산지 표시,제도,[A] 제품의 나라를 결정해 알 권리·유통 질서를 보장하는 규칙은 무엇인가?,원산지 표시제,,,,
423,4학년,지리적 표시,제도,[A] 특정 지역의 특성에 기인한 명성·품질을 표시하는 제도는 무엇인가?,지리적 표시제,,,,
424,4학년,생산 방식,용어,[A] 주문자의 상표로 완제품을 생산하는 방식은 무엇인가?,주문자 위탁생산(주문자 상표 부착),,,,
425,4학년,푸드 마일,정의,[A] 먹을거리가 생산지에서 식탁까지 이동한 거리는 무엇인가?,푸드 마일,,,,
426,4학년,푸드 마일리지,지표,[A] 수송량(톤)×거리(㎞)로 계산하는 식품 수송 지표는 무엇인가?,푸드 마일리지,,,,
427,4학년,경제 교류,OX,[D] O/X 퀴즈: 경제 교류는 지역 간에만 이루어진다.,X, 개인·기업·국가 등 다양한 주체 간에 이루어짐,,,
428,4학년,자매결연,정의,[A] 상호 교류·협력을 위해 지역·단체가 맺는 친선 관계는 무엇인가?,자매결연,,,,
429,4학년,대표 상품,개념,[B] 대표 상품이 특산물만을 의미하지 않는 이유는?,관광 명소·음식 등 다양한 유형 포함,,,,
430,4학년,사회 변화,성취기준,[B] [4사03-01] 성취기준 해설은 무엇인가?,저출산·고령화·지능정보화 등 변화와 생활 변화 분석,,,,
431,4학년,사회 변화,개념,[A] 아기 수가 줄어드는 현상은 무엇인가?,저출산,,,,
432,4학년,사회 변화,개념,[A] 노인 인구 비율이 높아지는 상태는 무엇인가?,고령화,,,,
433,4학년,사회 변화,정보화,[A] 지식·정보가 산업과 사회의 중심 역할을 하는 현상은 무엇인가?,정보화,,,,
434,4학년,사회 변화,세계화,[A] 여러 나라가 서로 교류하며 하나의 사회처럼 연결되는 현상은 무엇인가?,세계화,,,,
435,4학년,사회 변화,개념,[A] 한 사회의 질서·생활 방식이 시간이 지나며 변하는 것을 무엇이라 하는가?,사회 변동(사회 변화),,,,
436,4학년,고령화 단계,구분,[E] 고령화 사회·고령 사회·초고령 사회의 기준을 쓰시오.,65세 이상 7%↑, 14%↑, 20%↑,,
437,4학년,실버산업,정의,[A] 노인을 대상으로 상품·서비스를 제공하는 산업은 무엇인가?,실버산업,,,,
438,4학년,실버푸드,정의,[A] 씹기·소화가 어려운 고령층을 위한 식품은 무엇인가?,실버 푸드,,,,
439,4학년,스마트폰,문제,[A] 스마트폰 이용이 생활에서 두드러지는 상태는 무엇인가?,스마트폰 과의존,,,,
440,4학년,기술,IoT,[A] 사물에 감지기를 부착해 인터넷으로 정보를 주고받는 기술은 무엇인가?,사물 인터넷(IoT),,,,
441,4학년,데이터,빅데이터,[A] 종류가 다양하고 양이 방대한 데이터를 무엇이라 하는가?,빅데이터,,,,
442,4학년,기술,AI,[A] 인간의 지능적 능력을 컴퓨터가 모방하도록 만드는 기술은 무엇인가?,인공지능(AI),,,,
443,4학년,정보 격차,정의,[A] 정보 접근·활용 능력 차이로 생기는 소외 현상은 무엇인가?,정보 소외(정보 격차·디지털 디바이드),,,,
444,4학년,권리,저작권,[A] 창작자가 저작물에 대해 가지는 권리는 무엇인가?,저작권,,,,
445,4학년,미디어,리터러시,[A] 영상·미디어 메시지를 읽고 쓰는 능력은 무엇인가?,미디어 문해력(미디어 리터러시),,,,
446,4학년,공정무역,정의,[A] 개발도상국 생산자에게 공정한 가격을 보장하는 무역은 무엇인가?,공정 무역,,,,
447,4학년,문화,정의,[A] 사람들이 공통으로 가지는 생활 방식은 무엇인가?,문화,,,,
448,4학년,문화 다양성,정의,[A] 한 사회·세계에 다양한 문화가 폭넓게 존재하는 현상은 무엇인가?,문화 다양성,,,,
449,4학년,문화,편견,[A] 특정 집단에 대한 한쪽으로 치우친 잘못된 태도는 무엇인가?,편견,,,,
450,4학년,문화,선입견,[A] 사람이나 일에 대해 미리 판단해 품은 생각은 무엇인가?,선입견,,,,
451,4학년,문화,차별,[A] 합당한 이유 없이 다르다는 것을 근거로 불이익을 주는 행위는 무엇인가?,차별,,,,
452,4학년,문화,차이,[A] 사람이 서로를 구별할 수 있는 특성은 무엇인가?,차이,,,,
453,4학년,문화,OX,[D] O/X 퀴즈: 한 나라 안에서는 모두 같은 문화를 공유한다.,X, 한 사회 내에도 다양한 문화가 존재,,,
454,4학년,문화,내적 다양성,[B] 문화의 내적 다양성이란 무엇인가?,특정 집단 내부에 존재하는 다양한 문화(세대·지역 등),,,,
455,4학년,문화,유형,[A] 지역 사회에서 나타나는 고유 생활 양식은 무엇인가?,지역 문화,,,,
456,4학년,문화,유형,[A] 청소년·노인 등 세대별로 공유하는 문화는 무엇인가?,세대 문화,,,,
457,4학년,문화,특징,[E] 문화의 다섯 가지 특징을 쓰시오.,전체성, 학습성, 공유성, 축적성, 변동성
458,4학년,배리어 프리,정의,[A] 물리·제도·편견의 ‘벽’을 허물어 모두가 살기 좋게 하려는 운동은 무엇인가?,배리어 프리,,,,
459,4학년,문화,고정관념,[A] 특정 집단에 대해 전형적 특성을 일반화해 믿는 신념은 무엇인가?,고정 관념,,,,
460,5학년,국토와 우리 생활,행정구역,[A] 국가의 영역을 행정 목적에 따라 구획한 단위는 무엇인가?,행정 구역,,,,
461,5학년,국토와 우리 생활,영역,[A] 한 국가의 주권이 미치는 공간적 범위는 무엇인가?,영역(영토·영해·영공),,,,
462,5학년,국토와 우리 생활,위선·경선,[A] 세계 지도에서 위치를 찾기 쉽게 한 가상의 가로/세로 선은 무엇인가?,위선/경선,,,,
463,5학년,국토와 우리 생활,적도,[A] 위도의 기준이 되는 위도 0°의 선은 무엇인가?,적도,,,,
464,5학년,국토와 우리 생활,본초 자오선,[A] 경도의 기준이 되는 경도 0°의 선은 무엇인가?,본초 자오선(그리니치 자오선),,,,
465,5학년,국토와 우리 생활,위도,[B] 위도는 무엇을 나타내며 어떤 의미를 갖는가?,적도로부터의 거리/기후대 의미,,,,
466,5학년,국토와 우리 생활,위도 범위,[D] O/X 퀴즈: 위도가 높을수록 적도에 가깝다.,X, 위도가 높을수록 극지방에 가까움,,,
467,5학년,국토와 우리 생활,경도,[B] 경도는 무엇의 기준이며 어떤 의미를 갖는가?,본초 자오선으로부터의 거리/시간대 의미,,,,
468,5학년,국토와 우리 생활,시간대,[A] 경도는 몇 도마다 시간 몇 시간 차이가 나는가?,15°마다 1시간,,,,
469,5학년,국토와 우리 생활,대륙·반도,[A] 거대한 육지와 삼면이 바다인 땅을 각각 무엇이라 하는가?,대륙/반도,,,,
470,5학년,국토와 우리 생활,위치 개념,[C] 절대적 위치와 상대적(가변적) 위치의 예를 하나씩 쓰시오.,위·경도/전후좌우·방위,,,,
471,5학년,국토와 우리 생활,관계적 위치,[A] 주변 국가 관계로 나타내는 가변적 위치를 무엇이라 하는가?,관계적 위치,,,,
472,5학년,국토와 우리 생활,우리나라 위치,[B] 우리나라의 지리적 위치를 쓰시오.,아시아 대륙 동쪽, 북태평양 서쪽,,,
473,5학년,국토와 우리 생활,우리나라 위치,[B] 우리나라의 수리적 위치 범위를 쓰시오.,북위 33°~43°, 동경 124°~132°,,,
474,5학년,국토와 우리 생활,위도 찾기,[E] 국토의 위도를 찾는 두 가지 절차를 쓰시오.,남·북쪽 끝 점 찍기, 적도와 평행한 위선 찾기,,,
475,5학년,국토와 우리 생활,경도 찾기,[E] 국토의 경도를 찾는 두 가지 절차를 쓰시오.,동·서쪽 끝 점 찍기, 본초 자오선과 평행한 경선 찾기,,,
476,5학년,국토와 우리 생활,교통망,[A] 아시아·유럽을 연결하는 국제 고속도로는 무엇인가?,아시안 하이웨이,,,,
477,5학년,국토와 우리 생활,영토,[A] 우리나라 헌법 제3조가 규정한 영토는 무엇인가?,한반도와 그 부속 도서,,,,
478,5학년,국토와 우리 생활,영토 포함,[B] 우리나라 영토를 말할 때 반드시 포함해 언급해야 하는 것은?,남한과 북한,,,,
479,5학년,국토와 우리 생활,영토 4극,[E] 우리나라 영토의 4극을 쓰시오.,극동: 독도 동도 / 극서: 마안도 / 극남: 마라도 / 극북: 유원진,,,,
480,5학년,국토와 우리 생활,간척,[A] 바다·호수를 막아 육지로 만드는 것은 무엇인가?,간척,,,,
481,5학년,국토와 우리 생활,영해,[A] 국가 주권이 미치는 바다 범위는 무엇인가?,영해,,,,
482,5학년,국토와 우리 생활,영해 기준선,[C] 해안선 단조로운 곳/복잡한 곳에 적용하는 기선을 각각 쓰시오.,통상 기선/직선 기선,,,,
483,5학년,국토와 우리 생활,영해 범위,[A] 영해는 기준선에서 몇 해리까지인가?,12해리(약 22.224km),,,,
484,5학년,국토와 우리 생활,영해 사례,[B] 대한 해협의 영해 설정은 어떤 기준과 범위를 적용하는가?,직선 기선, 3해리,,,
485,5학년,국토와 우리 생활,기선 적용,[B] 제주도·울릉도·독도의 영해는 어떤 기선을 기준으로 설정되는가?,통상 기선,,,,
486,5학년,국토와 우리 생활,EEZ,[A] 경제적 권리를 갖는 수역을 무엇이라 하는가?,배타적 경제 수역(EEZ),,,,
487,5학년,국토와 우리 생활,EEZ 범위,[A] 영해를 제외한 EEZ의 범위는 기선으로부터 몇 해리인가?,200해리 중 영해 제외 188해리,,,,
488,5학년,국토와 우리 생활,EEZ 권리,[E] EEZ에서 해당 국가가 가지는 권리 세 가지를 쓰시오.,자원 채굴권, 어업권, 환경 보호권,,
489,5학년,국토와 우리 생활,통항,[D] O/X 퀴즈: EEZ에서는 타국 선박·항공기의 무허가 통항과 해저 케이블 부설이 가능하다.,O,,,,
490,5학년,국토와 우리 생활,경제활동 제한,[D] O/X 퀴즈: EEZ에서 타국의 어업·자원 채굴 등 경제활동은 자유롭게 가능하다.,X, 허가 필요,,,
491,5학년,국토와 우리 생활,영공,[A] 영토와 영해의 수직 상공을 무엇이라 하는가?,영공,,,,
492,5학년,국토와 우리 생활,영공 한계,[B] 영공은 일반적으로 어디까지이며 무엇은 제외되는가?,대기권 내/외기권은 제외,,,,
493,4학년,경제 교류,결과,[B] 경제 교류로 세계 각 지역은 어떻게 되었는가?,더 가까워지고 경제적으로 의존하게 됨,,,,
494,4학년,경제 교류,촉진,[B] 오늘날 경제 교류가 활발해진 이유 두 가지는?,교통수단 발달, 통신수단 발달,,,
495,4학년,경제 교류,방법,[E] 지역 간 경제 교류의 모습 두 가지를 쓰시오.,직거래 장터, 기술 교류(상품 박람회·자매결연 등),,,
496,4학년,문화 다양성,지도,[B] 문화 다양성 수업에서 유의해야 할 점은 무엇인가?,한 사회의 내적 다양성 사례도 제시,,,,
497,4학년,문화 다양성,오개념,[B] ‘나라 안 문화는 모두 같다’ 오개념 지도 방안을 쓰시오.,세대·지역·계층별 다른 문화 사례 제시,,,,
498,4학년,중심지와 배후지,정의,[A] 활동의 중심이 되는 곳과 그 주변 소비 지역을 각각 무엇이라 하는가?,중심지/배후지,,,,
499,4학년,중심지와 배후지,특징,[B] 중심지는 무엇과 관련해 다양하게 나타나는가?,배후지의 규모,,,,
500,4학년,도시 내부,정리,[E] 도시 기능 지역 네 가지를 쓰시오.,중심 업무 지구, 상업 지구, 산업 지구, 주거 지구,
